observation_id,relationship_id,team_id,product,sector,geography,size_bucket,relationship_maturity,observation_period_start,observation_period_end,available_date,focal_bank_activity_zar,other_bank_activity_zar,total_multibank_wallet_zar,known_truth_share,selection_probability,selection_weight,reconciled_to_bank_records,consent_reference,provenance_class,truth_status,evidence_tier,production_e3_eligible,measured_share_label_allowed,dataset_version
DEMO-R0001-collections,DEMO-R0001,DEMO-TEAM-01,Collections,telecoms,Rest of Africa,upper_mid,established,2025-07-01,2026-06-30,2026-08-09,2188154354.68,5083658486.17,7271812840.85,0.30090906,0.36356519,2.75053837,False,,SYNTHETIC_SIMULATION,SIMULATED_KNOWN_TRUTH,,False,False,representative-multibank-analog-1.0.0+seed.20260809
DEMO-R0001-payments,DEMO-R0001,DEMO-TEAM-01,Payments,telecoms,Rest of Africa,upper_mid,established,2025-07-01,2026-06-30,2026-08-09,3448253904.69,4965513497.42,8413767402.11,0.40983471,0.36356519,2.75053837,False,,SYNTHETIC_SIMULATION,SIMULATED_KNOWN_TRUTH,,False,False,representative-multibank-analog-1.0.0+seed.20260809
DEMO-R0001-liquidity,DEMO-R0001,DEMO-TEAM-01,Liquidity,telecoms,Rest of Africa,upper_mid,established,2025-07-01,2026-06-30,2026-08-09,1974044984.37,6346284785.42,8320329769.79,0.23725562,0.36356519,2.75053837,False,,SYNTHETIC_SIMULATION,SIMULATED_KNOWN_TRUTH,,False,False,representative-multibank-analog-1.0.0+seed.20260809
DEMO-R0001-fx-fx,DEMO-R0001,DEMO-TEAM-01,Cross-border FX,telecoms,Rest of Africa,upper_mid,established,2025-07-01,2026-06-30,2026-08-09,2790420187.4,3019037439.97,5809457627.37,0.4803237,0.36356519,2.75053837,False,,SYNTHETIC_SIMULATION,SIMULATED_KNOWN_TRUTH,,False,False,representative-multibank-analog-1.0.0+seed.20260809
DEMO-R0001-trade-finance,DEMO-R0001,DEMO-TEAM-01,Trade finance,telecoms,Rest of Africa,upper_mid,established,2025-07-01,2026-06-30,2026-08-09,1216313936.08,10649569802.11,11865883738.19,0.10250513,0.36356519,2.75053837,False,,SYNTHETIC_SIMULATION,SIMULATED_KNOWN_TRUTH,,False,False,representative-multibank-analog-1.0.0+seed.20260809
DEMO-R0002-collections,DEMO-R0002,DEMO-TEAM-02,Collections,consumer,South Africa,large,established,2025-07-01,2026-06-30,2026-08-09,3940498087.92,8435639196.76,12376137284.68,0.31839483,0.52988356,1.88720705,False,,SYNTHETIC_SIMULATION,SIMULATED_KNOWN_TRUTH,,False,False,representative-multibank-analog-1.0.0+seed.20260809
DEMO-R0002-payments,DEMO-R0002,DEMO-TEAM-02,Payments,consumer,South Africa,large,established,2025-07-01,2026-06-30,2026-08-09,13374628718.19,32029048605.01,45403677323.2,0.29457149,0.52988356,1.88720705,False,,SYNTHETIC_SIMULATION,SIMULATED_KNOWN_TRUTH,,False,False,representative-multibank-analog-1.0.0+seed.20260809
DEMO-R0002-liquidity,DEMO-R0002,DEMO-TEAM-02,Liquidity,consumer,South Africa,large,established,2025-07-01,2026-06-30,2026-08-09,15437009192.63,31486304733.65,46923313926.29,0.32898378,0.52988356,1.88720705,False,,SYNTHETIC_SIMULATION,SIMULATED_KNOWN_TRUTH,,False,False,representative-multibank-analog-1.0.0+seed.20260809
DEMO-R0002-fx-fx,DEMO-R0002,DEMO-TEAM-02,Cross-border FX,consumer,South Africa,large,established,2025-07-01,2026-06-30,2026-08-09,9983036801.17,17691039210.71,27674076011.89,0.36073605,0.52988356,1.88720705,False,,SYNTHETIC_SIMULATION,SIMULATED_KNOWN_TRUTH,,False,False,representative-multibank-analog-1.0.0+seed.20260809
DEMO-R0002-trade-finance,DEMO-R0002,DEMO-TEAM-02,Trade finance,consumer,South Africa,large,established,2025-07-01,2026-06-30,2026-08-09,3669330489.68,14780965089.13,18450295578.81,0.19887652,0.52988356,1.88720705,False,,SYNTHETIC_SIMULATION,SIMULATED_KNOWN_TRUTH,,False,False,representative-multibank-analog-1.0.0+seed.20260809
DEMO-R0003-collections,DEMO-R0003,DEMO-TEAM-03,Collections,mining,South Africa,upper_mid,new,2025-07-01,2026-06-30,2026-08-09,1266714613.63,1969350814.9,3236065428.52,0.39143665,0.32518266,3.07519472,False,,SYNTHETIC_SIMULATION,SIMULATED_KNOWN_TRUTH,,False,False,representative-multibank-analog-1.0.0+seed.20260809
DEMO-R0003-payments,DEMO-R0003,DEMO-TEAM-03,Payments,mining,South Africa,upper_mid,new,2025-07-01,2026-06-30,2026-08-09,1459184091.13,8862306199.97,10321490291.09,0.14137339,0.32518266,3.07519472,False,,SYNTHETIC_SIMULATION,SIMULATED_KNOWN_TRUTH,,False,False,representative-multibank-analog-1.0.0+seed.20260809
DEMO-R0003-liquidity,DEMO-R0003,DEMO-TEAM-03,Liquidity,mining,South Africa,upper_mid,new,2025-07-01,2026-06-30,2026-08-09,1120983008.04,3377175392.91,4498158400.94,0.24920932,0.32518266,3.07519472,False,,SYNTHETIC_SIMULATION,SIMULATED_KNOWN_TRUTH,,False,False,representative-multibank-analog-1.0.0+seed.20260809
DEMO-R0003-fx-fx,DEMO-R0003,DEMO-TEAM-03,Cross-border FX,mining,South Africa,upper_mid,new,2025-07-01,2026-06-30,2026-08-09,628937678.28,2435648966.84,3064586645.12,0.20522757,0.32518266,3.07519472,False,,SYNTHETIC_SIMULATION,SIMULATED_KNOWN_TRUTH,,False,False,representative-multibank-analog-1.0.0+seed.20260809
DEMO-R0003-trade-finance,DEMO-R0003,DEMO-TEAM-03,Trade finance,mining,South Africa,upper_mid,new,2025-07-01,2026-06-30,2026-08-09,396824428.28,3465390927.49,3862215355.77,0.10274529,0.32518266,3.07519472,False,,SYNTHETIC_SIMULATION,SIMULATED_KNOWN_TRUTH,,False,False,representative-multibank-analog-1.0.0+seed.20260809
DEMO-R0004-collections,DEMO-R0004,DEMO-TEAM-04,Collections,consumer,South Africa,large,developing,2025-07-01,2026-06-30,2026-08-09,5291619096.28,5244250981.37,10535870077.65,0.50224795,0.48100718,2.07897103,False,,SYNTHETIC_SIMULATION,SIMULATED_KNOWN_TRUTH,,False,False,representative-multibank-analog-1.0.0+seed.20260809
DEMO-R0004-payments,DEMO-R0004,DEMO-TEAM-04,Payments,consumer,South Africa,large,developing,2025-07-01,2026-06-30,2026-08-09,38309745869.46,88064475345.82,126374221215.27,0.30314526,0.48100718,2.07897103,False,,SYNTHETIC_SIMULATION,SIMULATED_KNOWN_TRUTH,,False,False,representative-multibank-analog-1.0.0+seed.20260809
DEMO-R0004-liquidity,DEMO-R0004,DEMO-TEAM-04,Liquidity,consumer,South Africa,large,developing,2025-07-01,2026-06-30,2026-08-09,11066745805.23,55018517858.64,66085263663.87,0.16746163,0.48100718,2.07897103,False,,SYNTHETIC_SIMULATION,SIMULATED_KNOWN_TRUTH,,False,False,representative-multibank-analog-1.0.0+seed.20260809
DEMO-R0004-fx-fx,DEMO-R0004,DEMO-TEAM-04,Cross-border FX,consumer,South Africa,large,developing,2025-07-01,2026-06-30,2026-08-09,6401162169.32,14694825477.26,21095987646.57,0.30343031,0.48100718,2.07897103,False,,SYNTHETIC_SIMULATION,SIMULATED_KNOWN_TRUTH,,False,False,representative-multibank-analog-1.0.0+seed.20260809
DEMO-R0004-trade-finance,DEMO-R0004,DEMO-TEAM-04,Trade finance,consumer,South Africa,large,developing,2025-07-01,2026-06-30,2026-08-09,5991477411.63,12401796880.64,18393274292.27,0.32574284,0.48100718,2.07897103,False,,SYNTHETIC_SIMULATION,SIMULATED_KNOWN_TRUTH,,False,False,representative-multibank-analog-1.0.0+seed.20260809
DEMO-R0005-collections,DEMO-R0005,DEMO-TEAM-05,Collections,real_estate,South Africa,upper_mid,developing,2025-07-01,2026-06-30,2026-08-09,7051202.78,30832270.87,37883473.66,0.18612873,0.38988136,2.56488282,False,,SYNTHETIC_SIMULATION,SIMULATED_KNOWN_TRUTH,,False,False,representative-multibank-analog-1.0.0+seed.20260809
DEMO-R0005-payments,DEMO-R0005,DEMO-TEAM-05,Payments,real_estate,South Africa,upper_mid,developing,2025-07-01,2026-06-30,2026-08-09,24975003.6,36636152.24,61611155.83,0.40536496,0.38988136,2.56488282,False,,SYNTHETIC_SIMULATION,SIMULATED_KNOWN_TRUTH,,False,False,representative-multibank-analog-1.0.0+seed.20260809
DEMO-R0005-liquidity,DEMO-R0005,DEMO-TEAM-05,Liquidity,real_estate,South Africa,upper_mid,developing,2025-07-01,2026-06-30,2026-08-09,20356653.78,46856442.19,67213095.97,0.30286737,0.38988136,2.56488282,False,,SYNTHETIC_SIMULATION,SIMULATED_KNOWN_TRUTH,,False,False,representative-multibank-analog-1.0.0+seed.20260809
DEMO-R0005-fx-fx,DEMO-R0005,DEMO-TEAM-05,Cross-border FX,real_estate,South Africa,upper_mid,developing,2025-07-01,2026-06-30,2026-08-09,318702202.71,673113039.63,991815242.35,0.32133223,0.38988136,2.56488282,False,,SYNTHETIC_SIMULATION,SIMULATED_KNOWN_TRUTH,,False,False,representative-multibank-analog-1.0.0+seed.20260809
DEMO-R0005-trade-finance,DEMO-R0005,DEMO-TEAM-05,Trade finance,real_estate,South Africa,upper_mid,developing,2025-07-01,2026-06-30,2026-08-09,4511570.18,25599356.45,30110926.63,0.14983166,0.38988136,2.56488282,False,,SYNTHETIC_SIMULATION,SIMULATED_KNOWN_TRUTH,,False,False,representative-multibank-analog-1.0.0+seed.20260809
DEMO-R0006-collections,DEMO-R0006,DEMO-TEAM-06,Collections,consumer,SADC,upper_mid,established,2025-07-01,2026-06-30,2026-08-09,2121157314.02,2352151347.05,4473308661.07,0.47418085,0.40130631,2.49186216,False,,SYNTHETIC_SIMULATION,SIMULATED_KNOWN_TRUTH,,False,False,representative-multibank-analog-1.0.0+seed.20260809
DEMO-R0006-payments,DEMO-R0006,DEMO-TEAM-06,Payments,consumer,SADC,upper_mid,established,2025-07-01,2026-06-30,2026-08-09,9898243967.48,31947811988.27,41846055955.75,0.23653947,0.40130631,2.49186216,False,,SYNTHETIC_SIMULATION,SIMULATED_KNOWN_TRUTH,,False,False,representative-multibank-analog-1.0.0+seed.20260809
DEMO-R0006-liquidity,DEMO-R0006,DEMO-TEAM-06,Liquidity,consumer,SADC,upper_mid,established,2025-07-01,2026-06-30,2026-08-09,7995918670.25,31178589580.39,39174508250.65,0.20411025,0.40130631,2.49186216,False,,SYNTHETIC_SIMULATION,SIMULATED_KNOWN_TRUTH,,False,False,representative-multibank-analog-1.0.0+seed.20260809
DEMO-R0006-fx-fx,DEMO-R0006,DEMO-TEAM-06,Cross-border FX,consumer,SADC,upper_mid,established,2025-07-01,2026-06-30,2026-08-09,5533192753.52,28039659076.89,33572851830.4,0.16481152,0.40130631,2.49186216,False,,SYNTHETIC_SIMULATION,SIMULATED_KNOWN_TRUTH,,False,False,representative-multibank-analog-1.0.0+seed.20260809
DEMO-R0006-trade-finance,DEMO-R0006,DEMO-TEAM-06,Trade finance,consumer,SADC,upper_mid,established,2025-07-01,2026-06-30,2026-08-09,2244860055.05,8281608782.81,10526468837.86,0.2132586,0.40130631,2.49186216,False,,SYNTHETIC_SIMULATION,SIMULATED_KNOWN_TRUTH,,False,False,representative-multibank-analog-1.0.0+seed.20260809
DEMO-R0007-collections,DEMO-R0007,DEMO-TEAM-07,Collections,tech,South Africa,large,established,2025-07-01,2026-06-30,2026-08-09,587931707.41,1063878658.89,1651810366.3,0.35593172,0.61861459,1.61651539,False,,SYNTHETIC_SIMULATION,SIMULATED_KNOWN_TRUTH,,False,False,representative-multibank-analog-1.0.0+seed.20260809
DEMO-R0007-payments,DEMO-R0007,DEMO-TEAM-07,Payments,tech,South Africa,large,established,2025-07-01,2026-06-30,2026-08-09,2159498631.93,4264050699.92,6423549331.85,0.33618464,0.61861459,1.61651539,False,,SYNTHETIC_SIMULATION,SIMULATED_KNOWN_TRUTH,,False,False,representative-multibank-analog-1.0.0+seed.20260809
DEMO-R0007-liquidity,DEMO-R0007,DEMO-TEAM-07,Liquidity,tech,South Africa,large,established,2025-07-01,2026-06-30,2026-08-09,1842658422.81,11093139881.46,12935798304.27,0.14244644,0.61861459,1.61651539,False,,SYNTHETIC_SIMULATION,SIMULATED_KNOWN_TRUTH,,False,False,representative-multibank-analog-1.0.0+seed.20260809
DEMO-R0007-fx-fx,DEMO-R0007,DEMO-TEAM-07,Cross-border FX,tech,South Africa,large,established,2025-07-01,2026-06-30,2026-08-09,7784467840.28,24690576938.9,32475044779.18,0.23970615,0.61861459,1.61651539,False,,SYNTHETIC_SIMULATION,SIMULATED_KNOWN_TRUTH,,False,False,representative-multibank-analog-1.0.0+seed.20260809
DEMO-R0007-trade-finance,DEMO-R0007,DEMO-TEAM-07,Trade finance,tech,South Africa,large,established,2025-07-01,2026-06-30,2026-08-09,91786981.25,909733130.18,1001520111.43,0.09164767,0.61861459,1.61651539,False,,SYNTHETIC_SIMULATION,SIMULATED_KNOWN_TRUTH,,False,False,representative-multibank-analog-1.0.0+seed.20260809
DEMO-R0008-collections,DEMO-R0008,DEMO-TEAM-08,Collections,tech,Rest of Africa,upper_mid,new,2025-07-01,2026-06-30,2026-08-09,271734447.75,384315421.24,656049869.0,0.41419785,0.38274229,2.61272411,False,,SYNTHETIC_SIMULATION,SIMULATED_KNOWN_TRUTH,,False,False,representative-multibank-analog-1.0.0+seed.20260809
DEMO-R0008-payments,DEMO-R0008,DEMO-TEAM-08,Payments,tech,Rest of Africa,upper_mid,new,2025-07-01,2026-06-30,2026-08-09,958006172.85,1544276679.13,2502282851.98,0.38285287,0.38274229,2.61272411,False,,SYNTHETIC_SIMULATION,SIMULATED_KNOWN_TRUTH,,False,False,representative-multibank-analog-1.0.0+seed.20260809
DEMO-R0008-liquidity,DEMO-R0008,DEMO-TEAM-08,Liquidity,tech,Rest of Africa,upper_mid,new,2025-07-01,2026-06-30,2026-08-09,1118714994.46,713161994.64,1831876989.1,0.61069329,0.38274229,2.61272411,False,,SYNTHETIC_SIMULATION,SIMULATED_KNOWN_TRUTH,,False,False,representative-multibank-analog-1.0.0+seed.20260809
DEMO-R0008-fx-fx,DEMO-R0008,DEMO-TEAM-08,Cross-border FX,tech,Rest of Africa,upper_mid,new,2025-07-01,2026-06-30,2026-08-09,1636234431.73,4024500863.27,5660735295.01,0.2890498,0.38274229,2.61272411,False,,SYNTHETIC_SIMULATION,SIMULATED_KNOWN_TRUTH,,False,False,representative-multibank-analog-1.0.0+seed.20260809
DEMO-R0008-trade-finance,DEMO-R0008,DEMO-TEAM-08,Trade finance,tech,Rest of Africa,upper_mid,new,2025-07-01,2026-06-30,2026-08-09,20377748.39,139813811.3,160191559.69,0.12720863,0.38274229,2.61272411,False,,SYNTHETIC_SIMULATION,SIMULATED_KNOWN_TRUTH,,False,False,representative-multibank-analog-1.0.0+seed.20260809
DEMO-R0009-collections,DEMO-R0009,DEMO-TEAM-09,Collections,mining,South Africa,mid,new,2025-07-01,2026-06-30,2026-08-09,536129365.9,1045801628.93,1581930994.83,0.33890819,0.28519767,3.50633996,False,,SYNTHETIC_SIMULATION,SIMULATED_KNOWN_TRUTH,,False,False,representative-multibank-analog-1.0.0+seed.20260809
DEMO-R0009-payments,DEMO-R0009,DEMO-TEAM-09,Payments,mining,South Africa,mid,new,2025-07-01,2026-06-30,2026-08-09,569743325.5,1379622677.13,1949366002.63,0.29227109,0.28519767,3.50633996,False,,SYNTHETIC_SIMULATION,SIMULATED_KNOWN_TRUTH,,False,False,representative-multibank-analog-1.0.0+seed.20260809
DEMO-R0009-liquidity,DEMO-R0009,DEMO-TEAM-09,Liquidity,mining,South Africa,mid,new,2025-07-01,2026-06-30,2026-08-09,554349225.07,647103907.03,1201453132.09,0.46139896,0.28519767,3.50633996,False,,SYNTHETIC_SIMULATION,SIMULATED_KNOWN_TRUTH,,False,False,representative-multibank-analog-1.0.0+seed.20260809
DEMO-R0009-fx-fx,DEMO-R0009,DEMO-TEAM-09,Cross-border FX,mining,South Africa,mid,new,2025-07-01,2026-06-30,2026-08-09,345225808.14,1427502489.36,1772728297.51,0.19474265,0.28519767,3.50633996,False,,SYNTHETIC_SIMULATION,SIMULATED_KNOWN_TRUTH,,False,False,representative-multibank-analog-1.0.0+seed.20260809
DEMO-R0009-trade-finance,DEMO-R0009,DEMO-TEAM-09,Trade finance,mining,South Africa,mid,new,2025-07-01,2026-06-30,2026-08-09,299852915.81,839505711.87,1139358627.68,0.26317694,0.28519767,3.50633996,False,,SYNTHETIC_SIMULATION,SIMULATED_KNOWN_TRUTH,,False,False,representative-multibank-analog-1.0.0+seed.20260809
DEMO-R0010-collections,DEMO-R0010,DEMO-TEAM-10,Collections,real_estate,Rest of Africa,large,established,2025-07-01,2026-06-30,2026-08-09,10554581.2,21224230.08,31778811.28,0.33212637,0.52503855,1.90462206,False,,SYNTHETIC_SIMULATION,SIMULATED_KNOWN_TRUTH,,False,False,representative-multibank-analog-1.0.0+seed.20260809
DEMO-R0010-payments,DEMO-R0010,DEMO-TEAM-10,Payments,real_estate,Rest of Africa,large,established,2025-07-01,2026-06-30,2026-08-09,80196286.26,113166686.66,193362972.93,0.41474479,0.52503855,1.90462206,False,,SYNTHETIC_SIMULATION,SIMULATED_KNOWN_TRUTH,,False,False,representative-multibank-analog-1.0.0+seed.20260809
DEMO-R0010-liquidity,DEMO-R0010,DEMO-TEAM-10,Liquidity,real_estate,Rest of Africa,large,established,2025-07-01,2026-06-30,2026-08-09,26299282.78,64577018.23,90876301.01,0.28939649,0.52503855,1.90462206,False,,SYNTHETIC_SIMULATION,SIMULATED_KNOWN_TRUTH,,False,False,representative-multibank-analog-1.0.0+seed.20260809
DEMO-R0010-fx-fx,DEMO-R0010,DEMO-TEAM-10,Cross-border FX,real_estate,Rest of Africa,large,established,2025-07-01,2026-06-30,2026-08-09,496936030.7,351108125.06,848044155.77,0.58597896,0.52503855,1.90462206,False,,SYNTHETIC_SIMULATION,SIMULATED_KNOWN_TRUTH,,False,False,representative-multibank-analog-1.0.0+seed.20260809
DEMO-R0010-trade-finance,DEMO-R0010,DEMO-TEAM-10,Trade finance,real_estate,Rest of Africa,large,established,2025-07-01,2026-06-30,2026-08-09,12948601.77,37178879.08,50127480.85,0.25831344,0.52503855,1.90462206,False,,SYNTHETIC_SIMULATION,SIMULATED_KNOWN_TRUTH,,False,False,representative-multibank-analog-1.0.0+seed.20260809
DEMO-R0011-collections,DEMO-R0011,DEMO-TEAM-11,Collections,telecoms,Rest of Africa,mid,developing,2025-07-01,2026-06-30,2026-08-09,1266987702.53,1450490351.72,2717478054.25,0.46623659,0.30899067,3.23634363,False,,SYNTHETIC_SIMULATION,SIMULATED_KNOWN_TRUTH,,False,False,representative-multibank-analog-1.0.0+seed.20260809
DEMO-R0011-payments,DEMO-R0011,DEMO-TEAM-11,Payments,telecoms,Rest of Africa,mid,developing,2025-07-01,2026-06-30,2026-08-09,2271104793.65,6429923707.42,8701028501.07,0.26101567,0.30899067,3.23634363,False,,SYNTHETIC_SIMULATION,SIMULATED_KNOWN_TRUTH,,False,False,representative-multibank-analog-1.0.0+seed.20260809
DEMO-R0011-liquidity,DEMO-R0011,DEMO-TEAM-11,Liquidity,telecoms,Rest of Africa,mid,developing,2025-07-01,2026-06-30,2026-08-09,1040736890.08,1507283391.24,2548020281.32,0.40844922,0.30899067,3.23634363,False,,SYNTHETIC_SIMULATION,SIMULATED_KNOWN_TRUTH,,False,False,representative-multibank-analog-1.0.0+seed.20260809
DEMO-R0011-fx-fx,DEMO-R0011,DEMO-TEAM-11,Cross-border FX,telecoms,Rest of Africa,mid,developing,2025-07-01,2026-06-30,2026-08-09,1607778436.7,4913093249.88,6520871686.58,0.24655882,0.30899067,3.23634363,False,,SYNTHETIC_SIMULATION,SIMULATED_KNOWN_TRUTH,,False,False,representative-multibank-analog-1.0.0+seed.20260809
DEMO-R0011-trade-finance,DEMO-R0011,DEMO-TEAM-11,Trade finance,telecoms,Rest of Africa,mid,developing,2025-07-01,2026-06-30,2026-08-09,413669110.36,1131063604.46,1544732714.82,0.26779333,0.30899067,3.23634363,False,,SYNTHETIC_SIMULATION,SIMULATED_KNOWN_TRUTH,,False,False,representative-multibank-analog-1.0.0+seed.20260809
DEMO-R0012-collections,DEMO-R0012,DEMO-TEAM-12,Collections,real_estate,South Africa,mid,established,2025-07-01,2026-06-30,2026-08-09,8177476.8,21893303.17,30070779.96,0.27194096,0.28822737,3.46948313,False,,SYNTHETIC_SIMULATION,SIMULATED_KNOWN_TRUTH,,False,False,representative-multibank-analog-1.0.0+seed.20260809
DEMO-R0012-payments,DEMO-R0012,DEMO-TEAM-12,Payments,real_estate,South Africa,mid,established,2025-07-01,2026-06-30,2026-08-09,8985830.64,41235284.65,50221115.29,0.17892535,0.28822737,3.46948313,False,,SYNTHETIC_SIMULATION,SIMULATED_KNOWN_TRUTH,,False,False,representative-multibank-analog-1.0.0+seed.20260809
DEMO-R0012-liquidity,DEMO-R0012,DEMO-TEAM-12,Liquidity,real_estate,South Africa,mid,established,2025-07-01,2026-06-30,2026-08-09,5254083.55,25636307.27,30890390.82,0.17008796,0.28822737,3.46948313,False,,SYNTHETIC_SIMULATION,SIMULATED_KNOWN_TRUTH,,False,False,representative-multibank-analog-1.0.0+seed.20260809
DEMO-R0012-fx-fx,DEMO-R0012,DEMO-TEAM-12,Cross-border FX,real_estate,South Africa,mid,established,2025-07-01,2026-06-30,2026-08-09,65050316.33,170042872.61,235093188.95,0.27670013,0.28822737,3.46948313,False,,SYNTHETIC_SIMULATION,SIMULATED_KNOWN_TRUTH,,False,False,representative-multibank-analog-1.0.0+seed.20260809
DEMO-R0012-trade-finance,DEMO-R0012,DEMO-TEAM-12,Trade finance,real_estate,South Africa,mid,established,2025-07-01,2026-06-30,2026-08-09,6090201.11,33058147.4,39148348.51,0.15556725,0.28822737,3.46948313,False,,SYNTHETIC_SIMULATION,SIMULATED_KNOWN_TRUTH,,False,False,representative-multibank-analog-1.0.0+seed.20260809
DEMO-R0013-collections,DEMO-R0013,DEMO-TEAM-13,Collections,real_estate,Global,upper_mid,developing,2025-07-01,2026-06-30,2026-08-09,7300707.55,6705322.33,14006029.87,0.5212546,0.41628942,2.40217492,False,,SYNTHETIC_SIMULATION,SIMULATED_KNOWN_TRUTH,,False,False,representative-multibank-analog-1.0.0+seed.20260809
DEMO-R0013-payments,DEMO-R0013,DEMO-TEAM-13,Payments,real_estate,Global,upper_mid,developing,2025-07-01,2026-06-30,2026-08-09,10496723.84,13529964.77,24026688.61,0.43687767,0.41628942,2.40217492,False,,SYNTHETIC_SIMULATION,SIMULATED_KNOWN_TRUTH,,False,False,representative-multibank-analog-1.0.0+seed.20260809
DEMO-R0013-liquidity,DEMO-R0013,DEMO-TEAM-13,Liquidity,real_estate,Global,upper_mid,developing,2025-07-01,2026-06-30,2026-08-09,9666001.28,13535802.06,23201803.34,0.4166056,0.41628942,2.40217492,False,,SYNTHETIC_SIMULATION,SIMULATED_KNOWN_TRUTH,,False,False,representative-multibank-analog-1.0.0+seed.20260809
DEMO-R0013-fx-fx,DEMO-R0013,DEMO-TEAM-13,Cross-border FX,real_estate,Global,upper_mid,developing,2025-07-01,2026-06-30,2026-08-09,357646893.72,801408160.58,1159055054.3,0.30856765,0.41628942,2.40217492,False,,SYNTHETIC_SIMULATION,SIMULATED_KNOWN_TRUTH,,False,False,representative-multibank-analog-1.0.0+seed.20260809
DEMO-R0013-trade-finance,DEMO-R0013,DEMO-TEAM-13,Trade finance,real_estate,Global,upper_mid,developing,2025-07-01,2026-06-30,2026-08-09,4570732.32,18044186.46,22614918.78,0.20211137,0.41628942,2.40217492,False,,SYNTHETIC_SIMULATION,SIMULATED_KNOWN_TRUTH,,False,False,representative-multibank-analog-1.0.0+seed.20260809
DEMO-R0014-collections,DEMO-R0014,DEMO-TEAM-14,Collections,insurance,Rest of Africa,upper_mid,new,2025-07-01,2026-06-30,2026-08-09,3203648026.66,9263556294.48,12467204321.14,0.25696603,0.4002981,2.49813826,False,,SYNTHETIC_SIMULATION,SIMULATED_KNOWN_TRUTH,,False,False,representative-multibank-analog-1.0.0+seed.20260809
DEMO-R0014-payments,DEMO-R0014,DEMO-TEAM-14,Payments,insurance,Rest of Africa,upper_mid,new,2025-07-01,2026-06-30,2026-08-09,5354987007.15,6134767845.92,11489754853.07,0.46606625,0.4002981,2.49813826,False,,SYNTHETIC_SIMULATION,SIMULATED_KNOWN_TRUTH,,False,False,representative-multibank-analog-1.0.0+seed.20260809
DEMO-R0014-liquidity,DEMO-R0014,DEMO-TEAM-14,Liquidity,insurance,Rest of Africa,upper_mid,new,2025-07-01,2026-06-30,2026-08-09,1665546591.75,14800099809.0,16465646400.75,0.10115282,0.4002981,2.49813826,False,,SYNTHETIC_SIMULATION,SIMULATED_KNOWN_TRUTH,,False,False,representative-multibank-analog-1.0.0+seed.20260809
DEMO-R0014-fx-fx,DEMO-R0014,DEMO-TEAM-14,Cross-border FX,insurance,Rest of Africa,upper_mid,new,2025-07-01,2026-06-30,2026-08-09,2237389859.98,7705855842.43,9943245702.42,0.22501605,0.4002981,2.49813826,False,,SYNTHETIC_SIMULATION,SIMULATED_KNOWN_TRUTH,,False,False,representative-multibank-analog-1.0.0+seed.20260809
DEMO-R0014-trade-finance,DEMO-R0014,DEMO-TEAM-14,Trade finance,insurance,Rest of Africa,upper_mid,new,2025-07-01,2026-06-30,2026-08-09,57588583.27,149960765.09,207549348.37,0.27746935,0.4002981,2.49813826,False,,SYNTHETIC_SIMULATION,SIMULATED_KNOWN_TRUTH,,False,False,representative-multibank-analog-1.0.0+seed.20260809
DEMO-R0015-collections,DEMO-R0015,DEMO-TEAM-15,Collections,consumer,Global,mid,developing,2025-07-01,2026-06-30,2026-08-09,617884373.85,1102941521.59,1720825895.44,0.35906269,0.27140535,3.68452577,False,,SYNTHETIC_SIMULATION,SIMULATED_KNOWN_TRUTH,,False,False,representative-multibank-analog-1.0.0+seed.20260809
DEMO-R0015-payments,DEMO-R0015,DEMO-TEAM-15,Payments,consumer,Global,mid,developing,2025-07-01,2026-06-30,2026-08-09,5564171291.95,39402646799.55,44966818091.5,0.12373949,0.27140535,3.68452577,False,,SYNTHETIC_SIMULATION,SIMULATED_KNOWN_TRUTH,,False,False,representative-multibank-analog-1.0.0+seed.20260809
DEMO-R0015-liquidity,DEMO-R0015,DEMO-TEAM-15,Liquidity,consumer,Global,mid,developing,2025-07-01,2026-06-30,2026-08-09,2273118908.48,4602716857.48,6875835765.95,0.33059529,0.27140535,3.68452577,False,,SYNTHETIC_SIMULATION,SIMULATED_KNOWN_TRUTH,,False,False,representative-multibank-analog-1.0.0+seed.20260809
DEMO-R0015-fx-fx,DEMO-R0015,DEMO-TEAM-15,Cross-border FX,consumer,Global,mid,developing,2025-07-01,2026-06-30,2026-08-09,1979573854.54,9145297158.74,11124871013.29,0.17794129,0.27140535,3.68452577,False,,SYNTHETIC_SIMULATION,SIMULATED_KNOWN_TRUTH,,False,False,representative-multibank-analog-1.0.0+seed.20260809
DEMO-R0015-trade-finance,DEMO-R0015,DEMO-TEAM-15,Trade finance,consumer,Global,mid,developing,2025-07-01,2026-06-30,2026-08-09,192021404.73,1027255819.88,1219277224.61,0.1574879,0.27140535,3.68452577,False,,SYNTHETIC_SIMULATION,SIMULATED_KNOWN_TRUTH,,False,False,representative-multibank-analog-1.0.0+seed.20260809
DEMO-R0016-collections,DEMO-R0016,DEMO-TEAM-16,Collections,consumer,South Africa,large,developing,2025-07-01,2026-06-30,2026-08-09,14809870165.48,34450486992.3,49260357157.77,0.3006448,0.52172859,1.91670538,False,,SYNTHETIC_SIMULATION,SIMULATED_KNOWN_TRUTH,,False,False,representative-multibank-analog-1.0.0+seed.20260809
DEMO-R0016-payments,DEMO-R0016,DEMO-TEAM-16,Payments,consumer,South Africa,large,developing,2025-07-01,2026-06-30,2026-08-09,5397068683.87,20291025034.33,25688093718.2,0.21010001,0.52172859,1.91670538,False,,SYNTHETIC_SIMULATION,SIMULATED_KNOWN_TRUTH,,False,False,representative-multibank-analog-1.0.0+seed.20260809
DEMO-R0016-liquidity,DEMO-R0016,DEMO-TEAM-16,Liquidity,consumer,South Africa,large,developing,2025-07-01,2026-06-30,2026-08-09,3886267134.08,13455443584.98,17341710719.06,0.22409941,0.52172859,1.91670538,False,,SYNTHETIC_SIMULATION,SIMULATED_KNOWN_TRUTH,,False,False,representative-multibank-analog-1.0.0+seed.20260809
DEMO-R0016-fx-fx,DEMO-R0016,DEMO-TEAM-16,Cross-border FX,consumer,South Africa,large,developing,2025-07-01,2026-06-30,2026-08-09,13203597489.74,90494632664.43,103698230154.18,0.12732712,0.52172859,1.91670538,False,,SYNTHETIC_SIMULATION,SIMULATED_KNOWN_TRUTH,,False,False,representative-multibank-analog-1.0.0+seed.20260809
DEMO-R0016-trade-finance,DEMO-R0016,DEMO-TEAM-16,Trade finance,consumer,South Africa,large,developing,2025-07-01,2026-06-30,2026-08-09,11745916655.26,30951404226.97,42697320882.23,0.27509728,0.52172859,1.91670538,False,,SYNTHETIC_SIMULATION,SIMULATED_KNOWN_TRUTH,,False,False,representative-multibank-analog-1.0.0+seed.20260809
DEMO-R0017-collections,DEMO-R0017,DEMO-TEAM-17,Collections,tech,South Africa,mid,developing,2025-07-01,2026-06-30,2026-08-09,171927122.27,343852025.22,515779147.5,0.33333477,0.29347868,3.40740251,False,,SYNTHETIC_SIMULATION,SIMULATED_KNOWN_TRUTH,,False,False,representative-multibank-analog-1.0.0+seed.20260809
DEMO-R0017-payments,DEMO-R0017,DEMO-TEAM-17,Payments,tech,South Africa,mid,developing,2025-07-01,2026-06-30,2026-08-09,147409313.63,602041022.14,749450335.76,0.1966899,0.29347868,3.40740251,False,,SYNTHETIC_SIMULATION,SIMULATED_KNOWN_TRUTH,,False,False,representative-multibank-analog-1.0.0+seed.20260809
DEMO-R0017-liquidity,DEMO-R0017,DEMO-TEAM-17,Liquidity,tech,South Africa,mid,developing,2025-07-01,2026-06-30,2026-08-09,331389820.66,742925304.13,1074315124.79,0.30846612,0.29347868,3.40740251,False,,SYNTHETIC_SIMULATION,SIMULATED_KNOWN_TRUTH,,False,False,representative-multibank-analog-1.0.0+seed.20260809
DEMO-R0017-fx-fx,DEMO-R0017,DEMO-TEAM-17,Cross-border FX,tech,South Africa,mid,developing,2025-07-01,2026-06-30,2026-08-09,261636874.99,933816220.35,1195453095.35,0.21886001,0.29347868,3.40740251,False,,SYNTHETIC_SIMULATION,SIMULATED_KNOWN_TRUTH,,False,False,representative-multibank-analog-1.0.0+seed.20260809
DEMO-R0017-trade-finance,DEMO-R0017,DEMO-TEAM-17,Trade finance,tech,South Africa,mid,developing,2025-07-01,2026-06-30,2026-08-09,20372081.73,87954450.47,108326532.2,0.18806179,0.29347868,3.40740251,False,,SYNTHETIC_SIMULATION,SIMULATED_KNOWN_TRUTH,,False,False,representative-multibank-analog-1.0.0+seed.20260809
DEMO-R0018-collections,DEMO-R0018,DEMO-TEAM-18,Collections,industrials_pharma,Global,large,established,2025-07-01,2026-06-30,2026-08-09,2257046292.8,4016355781.48,6273402074.28,0.35978027,0.4824803,2.07262349,False,,SYNTHETIC_SIMULATION,SIMULATED_KNOWN_TRUTH,,False,False,representative-multibank-analog-1.0.0+seed.20260809
DEMO-R0018-payments,DEMO-R0018,DEMO-TEAM-18,Payments,industrials_pharma,Global,large,established,2025-07-01,2026-06-30,2026-08-09,11338221453.14,24986605484.63,36324826937.77,0.31213422,0.4824803,2.07262349,False,,SYNTHETIC_SIMULATION,SIMULATED_KNOWN_TRUTH,,False,False,representative-multibank-analog-1.0.0+seed.20260809
DEMO-R0018-liquidity,DEMO-R0018,DEMO-TEAM-18,Liquidity,industrials_pharma,Global,large,established,2025-07-01,2026-06-30,2026-08-09,7815463827.55,10344156056.79,18159619884.34,0.43037596,0.4824803,2.07262349,False,,SYNTHETIC_SIMULATION,SIMULATED_KNOWN_TRUTH,,False,False,representative-multibank-analog-1.0.0+seed.20260809
DEMO-R0018-fx-fx,DEMO-R0018,DEMO-TEAM-18,Cross-border FX,industrials_pharma,Global,large,established,2025-07-01,2026-06-30,2026-08-09,5457812874.92,18990808960.56,24448621835.49,0.22323601,0.4824803,2.07262349,False,,SYNTHETIC_SIMULATION,SIMULATED_KNOWN_TRUTH,,False,False,representative-multibank-analog-1.0.0+seed.20260809
DEMO-R0018-trade-finance,DEMO-R0018,DEMO-TEAM-18,Trade finance,industrials_pharma,Global,large,established,2025-07-01,2026-06-30,2026-08-09,1872644065.21,5494079098.29,7366723163.5,0.25420313,0.4824803,2.07262349,False,,SYNTHETIC_SIMULATION,SIMULATED_KNOWN_TRUTH,,False,False,representative-multibank-analog-1.0.0+seed.20260809
DEMO-R0019-collections,DEMO-R0019,DEMO-TEAM-19,Collections,industrials_pharma,South Africa,mid,established,2025-07-01,2026-06-30,2026-08-09,482512720.79,1715615428.31,2198128149.1,0.21951073,0.32013785,3.12365436,False,,SYNTHETIC_SIMULATION,SIMULATED_KNOWN_TRUTH,,False,False,representative-multibank-analog-1.0.0+seed.20260809
DEMO-R0019-payments,DEMO-R0019,DEMO-TEAM-19,Payments,industrials_pharma,South Africa,mid,established,2025-07-01,2026-06-30,2026-08-09,1224161087.42,1464507039.09,2688668126.51,0.4553039,0.32013785,3.12365436,False,,SYNTHETIC_SIMULATION,SIMULATED_KNOWN_TRUTH,,False,False,representative-multibank-analog-1.0.0+seed.20260809
DEMO-R0019-liquidity,DEMO-R0019,DEMO-TEAM-19,Liquidity,industrials_pharma,South Africa,mid,established,2025-07-01,2026-06-30,2026-08-09,1657626182.39,6384140434.18,8041766616.57,0.20612712,0.32013785,3.12365436,False,,SYNTHETIC_SIMULATION,SIMULATED_KNOWN_TRUTH,,False,False,representative-multibank-analog-1.0.0+seed.20260809
DEMO-R0019-fx-fx,DEMO-R0019,DEMO-TEAM-19,Cross-border FX,industrials_pharma,South Africa,mid,established,2025-07-01,2026-06-30,2026-08-09,357910443.6,1024691942.43,1382602386.03,0.25886723,0.32013785,3.12365436,False,,SYNTHETIC_SIMULATION,SIMULATED_KNOWN_TRUTH,,False,False,representative-multibank-analog-1.0.0+seed.20260809
DEMO-R0019-trade-finance,DEMO-R0019,DEMO-TEAM-19,Trade finance,industrials_pharma,South Africa,mid,established,2025-07-01,2026-06-30,2026-08-09,282001540.12,3960552555.13,4242554095.25,0.06646976,0.32013785,3.12365436,False,,SYNTHETIC_SIMULATION,SIMULATED_KNOWN_TRUTH,,False,False,representative-multibank-analog-1.0.0+seed.20260809
DEMO-R0020-collections,DEMO-R0020,DEMO-TEAM-20,Collections,industrials_pharma,SADC,large,developing,2025-07-01,2026-06-30,2026-08-09,1998208590.89,5555286134.68,7553494725.56,0.26454094,0.52029428,1.92198924,False,,SYNTHETIC_SIMULATION,SIMULATED_KNOWN_TRUTH,,False,False,representative-multibank-analog-1.0.0+seed.20260809
DEMO-R0020-payments,DEMO-R0020,DEMO-TEAM-20,Payments,industrials_pharma,SADC,large,developing,2025-07-01,2026-06-30,2026-08-09,16443470229.54,48388631127.86,64832101357.4,0.25363161,0.52029428,1.92198924,False,,SYNTHETIC_SIMULATION,SIMULATED_KNOWN_TRUTH,,False,False,representative-multibank-analog-1.0.0+seed.20260809
DEMO-R0020-liquidity,DEMO-R0020,DEMO-TEAM-20,Liquidity,industrials_pharma,SADC,large,developing,2025-07-01,2026-06-30,2026-08-09,7516756924.28,13285696178.13,20802453102.41,0.36133993,0.52029428,1.92198924,False,,SYNTHETIC_SIMULATION,SIMULATED_KNOWN_TRUTH,,False,False,representative-multibank-analog-1.0.0+seed.20260809
DEMO-R0020-fx-fx,DEMO-R0020,DEMO-TEAM-20,Cross-border FX,industrials_pharma,SADC,large,developing,2025-07-01,2026-06-30,2026-08-09,6676447688.32,23259631674.41,29936079362.72,0.22302345,0.52029428,1.92198924,False,,SYNTHETIC_SIMULATION,SIMULATED_KNOWN_TRUTH,,False,False,representative-multibank-analog-1.0.0+seed.20260809
DEMO-R0020-trade-finance,DEMO-R0020,DEMO-TEAM-20,Trade finance,industrials_pharma,SADC,large,developing,2025-07-01,2026-06-30,2026-08-09,1116391609.63,15413834848.76,16530226458.38,0.06753638,0.52029428,1.92198924,False,,SYNTHETIC_SIMULATION,SIMULATED_KNOWN_TRUTH,,False,False,representative-multibank-analog-1.0.0+seed.20260809
DEMO-R0021-collections,DEMO-R0021,DEMO-TEAM-21,Collections,real_estate,Rest of Africa,upper_mid,established,2025-07-01,2026-06-30,2026-08-09,9736576.51,19405897.01,29142473.52,0.33410261,0.38711826,2.58318997,False,,SYNTHETIC_SIMULATION,SIMULATED_KNOWN_TRUTH,,False,False,representative-multibank-analog-1.0.0+seed.20260809
DEMO-R0021-payments,DEMO-R0021,DEMO-TEAM-21,Payments,real_estate,Rest of Africa,upper_mid,established,2025-07-01,2026-06-30,2026-08-09,33285063.0,52731437.0,86016500.0,0.38696137,0.38711826,2.58318997,False,,SYNTHETIC_SIMULATION,SIMULATED_KNOWN_TRUTH,,False,False,representative-multibank-analog-1.0.0+seed.20260809
DEMO-R0021-liquidity,DEMO-R0021,DEMO-TEAM-21,Liquidity,real_estate,Rest of Africa,upper_mid,established,2025-07-01,2026-06-30,2026-08-09,10153571.27,25757129.65,35910700.92,0.282745,0.38711826,2.58318997,False,,SYNTHETIC_SIMULATION,SIMULATED_KNOWN_TRUTH,,False,False,representative-multibank-analog-1.0.0+seed.20260809
DEMO-R0021-fx-fx,DEMO-R0021,DEMO-TEAM-21,Cross-border FX,real_estate,Rest of Africa,upper_mid,established,2025-07-01,2026-06-30,2026-08-09,294639343.76,1010161582.43,1304800926.19,0.22581172,0.38711826,2.58318997,False,,SYNTHETIC_SIMULATION,SIMULATED_KNOWN_TRUTH,,False,False,representative-multibank-analog-1.0.0+seed.20260809
DEMO-R0021-trade-finance,DEMO-R0021,DEMO-TEAM-21,Trade finance,real_estate,Rest of Africa,upper_mid,established,2025-07-01,2026-06-30,2026-08-09,5039233.3,12764276.5,17803509.8,0.28304718,0.38711826,2.58318997,False,,SYNTHETIC_SIMULATION,SIMULATED_KNOWN_TRUTH,,False,False,representative-multibank-analog-1.0.0+seed.20260809
DEMO-R0022-collections,DEMO-R0022,DEMO-TEAM-22,Collections,mining,South Africa,upper_mid,developing,2025-07-01,2026-06-30,2026-08-09,2011433210.74,5645694347.99,7657127558.73,0.2626877,0.36290175,2.75556676,False,,SYNTHETIC_SIMULATION,SIMULATED_KNOWN_TRUTH,,False,False,representative-multibank-analog-1.0.0+seed.20260809
DEMO-R0022-payments,DEMO-R0022,DEMO-TEAM-22,Payments,mining,South Africa,upper_mid,developing,2025-07-01,2026-06-30,2026-08-09,1298974297.1,3102464945.42,4401439242.52,0.2951249,0.36290175,2.75556676,False,,SYNTHETIC_SIMULATION,SIMULATED_KNOWN_TRUTH,,False,False,representative-multibank-analog-1.0.0+seed.20260809
DEMO-R0022-liquidity,DEMO-R0022,DEMO-TEAM-22,Liquidity,mining,South Africa,upper_mid,developing,2025-07-01,2026-06-30,2026-08-09,919784006.55,3485429711.93,4405213718.47,0.20879441,0.36290175,2.75556676,False,,SYNTHETIC_SIMULATION,SIMULATED_KNOWN_TRUTH,,False,False,representative-multibank-analog-1.0.0+seed.20260809
DEMO-R0022-fx-fx,DEMO-R0022,DEMO-TEAM-22,Cross-border FX,mining,South Africa,upper_mid,developing,2025-07-01,2026-06-30,2026-08-09,503915949.93,1226057420.08,1729973370.01,0.29128538,0.36290175,2.75556676,False,,SYNTHETIC_SIMULATION,SIMULATED_KNOWN_TRUTH,,False,False,representative-multibank-analog-1.0.0+seed.20260809
DEMO-R0022-trade-finance,DEMO-R0022,DEMO-TEAM-22,Trade finance,mining,South Africa,upper_mid,developing,2025-07-01,2026-06-30,2026-08-09,958518346.5,4619342220.44,5577860566.93,0.17184337,0.36290175,2.75556676,False,,SYNTHETIC_SIMULATION,SIMULATED_KNOWN_TRUTH,,False,False,representative-multibank-analog-1.0.0+seed.20260809
DEMO-R0023-collections,DEMO-R0023,DEMO-TEAM-23,Collections,mining,Rest of Africa,large,established,2025-07-01,2026-06-30,2026-08-09,5535777130.08,6012852524.31,11548629654.39,0.47934493,0.51104721,1.95676639,False,,SYNTHETIC_SIMULATION,SIMULATED_KNOWN_TRUTH,,False,False,representative-multibank-analog-1.0.0+seed.20260809
DEMO-R0023-payments,DEMO-R0023,DEMO-TEAM-23,Payments,mining,Rest of Africa,large,established,2025-07-01,2026-06-30,2026-08-09,4144521631.13,3351607577.43,7496129208.56,0.55288823,0.51104721,1.95676639,False,,SYNTHETIC_SIMULATION,SIMULATED_KNOWN_TRUTH,,False,False,representative-multibank-analog-1.0.0+seed.20260809
DEMO-R0023-liquidity,DEMO-R0023,DEMO-TEAM-23,Liquidity,mining,Rest of Africa,large,established,2025-07-01,2026-06-30,2026-08-09,1725583355.94,6644867586.87,8370450942.81,0.20615178,0.51104721,1.95676639,False,,SYNTHETIC_SIMULATION,SIMULATED_KNOWN_TRUTH,,False,False,representative-multibank-analog-1.0.0+seed.20260809
DEMO-R0023-fx-fx,DEMO-R0023,DEMO-TEAM-23,Cross-border FX,mining,Rest of Africa,large,established,2025-07-01,2026-06-30,2026-08-09,4766588862.73,90565188391.87,95331777254.6,0.05,0.51104721,1.95676639,False,,SYNTHETIC_SIMULATION,SIMULATED_KNOWN_TRUTH,,False,False,representative-multibank-analog-1.0.0+seed.20260809
DEMO-R0023-trade-finance,DEMO-R0023,DEMO-TEAM-23,Trade finance,mining,Rest of Africa,large,established,2025-07-01,2026-06-30,2026-08-09,1403585731.21,6203274256.64,7606859987.85,0.18451578,0.51104721,1.95676639,False,,SYNTHETIC_SIMULATION,SIMULATED_KNOWN_TRUTH,,False,False,representative-multibank-analog-1.0.0+seed.20260809
DEMO-R0024-collections,DEMO-R0024,DEMO-TEAM-24,Collections,tech,South Africa,mid,developing,2025-07-01,2026-06-30,2026-08-09,177602478.22,369055890.77,546658369.0,0.32488751,0.31091781,3.21628411,False,,SYNTHETIC_SIMULATION,SIMULATED_KNOWN_TRUTH,,False,False,representative-multibank-analog-1.0.0+seed.20260809
DEMO-R0024-payments,DEMO-R0024,DEMO-TEAM-24,Payments,tech,South Africa,mid,developing,2025-07-01,2026-06-30,2026-08-09,446662897.96,586122571.33,1032785469.3,0.43248372,0.31091781,3.21628411,False,,SYNTHETIC_SIMULATION,SIMULATED_KNOWN_TRUTH,,False,False,representative-multibank-analog-1.0.0+seed.20260809
DEMO-R0024-liquidity,DEMO-R0024,DEMO-TEAM-24,Liquidity,tech,South Africa,mid,developing,2025-07-01,2026-06-30,2026-08-09,681790111.97,4187671765.91,4869461877.89,0.14001344,0.31091781,3.21628411,False,,SYNTHETIC_SIMULATION,SIMULATED_KNOWN_TRUTH,,False,False,representative-multibank-analog-1.0.0+seed.20260809
DEMO-R0024-fx-fx,DEMO-R0024,DEMO-TEAM-24,Cross-border FX,tech,South Africa,mid,developing,2025-07-01,2026-06-30,2026-08-09,542631788.98,1186325877.21,1728957666.19,0.31384909,0.31091781,3.21628411,False,,SYNTHETIC_SIMULATION,SIMULATED_KNOWN_TRUTH,,False,False,representative-multibank-analog-1.0.0+seed.20260809
DEMO-R0024-trade-finance,DEMO-R0024,DEMO-TEAM-24,Trade finance,tech,South Africa,mid,developing,2025-07-01,2026-06-30,2026-08-09,29574887.12,85677811.28,115252698.4,0.25660906,0.31091781,3.21628411,False,,SYNTHETIC_SIMULATION,SIMULATED_KNOWN_TRUTH,,False,False,representative-multibank-analog-1.0.0+seed.20260809
DEMO-R0025-collections,DEMO-R0025,DEMO-TEAM-25,Collections,industrials_pharma,South Africa,upper_mid,established,2025-07-01,2026-06-30,2026-08-09,1350045636.65,1088168143.9,2438213780.56,0.55370273,0.39835398,2.51033016,False,,SYNTHETIC_SIMULATION,SIMULATED_KNOWN_TRUTH,,False,False,representative-multibank-analog-1.0.0+seed.20260809
DEMO-R0025-payments,DEMO-R0025,DEMO-TEAM-25,Payments,industrials_pharma,South Africa,upper_mid,established,2025-07-01,2026-06-30,2026-08-09,5907477883.02,10975554810.74,16883032693.77,0.3499062,0.39835398,2.51033016,False,,SYNTHETIC_SIMULATION,SIMULATED_KNOWN_TRUTH,,False,False,representative-multibank-analog-1.0.0+seed.20260809
DEMO-R0025-liquidity,DEMO-R0025,DEMO-TEAM-25,Liquidity,industrials_pharma,South Africa,upper_mid,established,2025-07-01,2026-06-30,2026-08-09,2963740425.4,8197772713.34,11161513138.75,0.26553214,0.39835398,2.51033016,False,,SYNTHETIC_SIMULATION,SIMULATED_KNOWN_TRUTH,,False,False,representative-multibank-analog-1.0.0+seed.20260809
DEMO-R0025-fx-fx,DEMO-R0025,DEMO-TEAM-25,Cross-border FX,industrials_pharma,South Africa,upper_mid,established,2025-07-01,2026-06-30,2026-08-09,2918678874.87,3268079848.87,6186758723.74,0.47176219,0.39835398,2.51033016,False,,SYNTHETIC_SIMULATION,SIMULATED_KNOWN_TRUTH,,False,False,representative-multibank-analog-1.0.0+seed.20260809
DEMO-R0025-trade-finance,DEMO-R0025,DEMO-TEAM-25,Trade finance,industrials_pharma,South Africa,upper_mid,established,2025-07-01,2026-06-30,2026-08-09,1458583285.83,6032211750.97,7490795036.8,0.19471675,0.39835398,2.51033016,False,,SYNTHETIC_SIMULATION,SIMULATED_KNOWN_TRUTH,,False,False,representative-multibank-analog-1.0.0+seed.20260809
DEMO-R0026-collections,DEMO-R0026,DEMO-TEAM-26,Collections,consumer,South Africa,upper_mid,developing,2025-07-01,2026-06-30,2026-08-09,2188862373.44,5726476233.16,7915338606.61,0.27653427,0.39414055,2.537166,False,,SYNTHETIC_SIMULATION,SIMULATED_KNOWN_TRUTH,,False,False,representative-multibank-analog-1.0.0+seed.20260809
DEMO-R0026-payments,DEMO-R0026,DEMO-TEAM-26,Payments,consumer,South Africa,upper_mid,developing,2025-07-01,2026-06-30,2026-08-09,4389914448.9,30708383394.79,35098297843.69,0.12507485,0.39414055,2.537166,False,,SYNTHETIC_SIMULATION,SIMULATED_KNOWN_TRUTH,,False,False,representative-multibank-analog-1.0.0+seed.20260809
DEMO-R0026-liquidity,DEMO-R0026,DEMO-TEAM-26,Liquidity,consumer,South Africa,upper_mid,developing,2025-07-01,2026-06-30,2026-08-09,10052413699.85,34749193950.22,44801607650.07,0.22437618,0.39414055,2.537166,False,,SYNTHETIC_SIMULATION,SIMULATED_KNOWN_TRUTH,,False,False,representative-multibank-analog-1.0.0+seed.20260809
DEMO-R0026-fx-fx,DEMO-R0026,DEMO-TEAM-26,Cross-border FX,consumer,South Africa,upper_mid,developing,2025-07-01,2026-06-30,2026-08-09,3811907450.91,22496303888.25,26308211339.16,0.14489421,0.39414055,2.537166,False,,SYNTHETIC_SIMULATION,SIMULATED_KNOWN_TRUTH,,False,False,representative-multibank-analog-1.0.0+seed.20260809
DEMO-R0026-trade-finance,DEMO-R0026,DEMO-TEAM-26,Trade finance,consumer,South Africa,upper_mid,developing,2025-07-01,2026-06-30,2026-08-09,1436521570.85,2577685651.6,4014207222.44,0.35785935,0.39414055,2.537166,False,,SYNTHETIC_SIMULATION,SIMULATED_KNOWN_TRUTH,,False,False,representative-multibank-analog-1.0.0+seed.20260809
DEMO-R0027-collections,DEMO-R0027,DEMO-TEAM-27,Collections,tech,South Africa,mid,established,2025-07-01,2026-06-30,2026-08-09,316096520.47,938569619.81,1254666140.29,0.25193676,0.33258205,3.00677684,False,,SYNTHETIC_SIMULATION,SIMULATED_KNOWN_TRUTH,,False,False,representative-multibank-analog-1.0.0+seed.20260809
DEMO-R0027-payments,DEMO-R0027,DEMO-TEAM-27,Payments,tech,South Africa,mid,established,2025-07-01,2026-06-30,2026-08-09,1280793731.67,1277919645.35,2558713377.01,0.50056163,0.33258205,3.00677684,False,,SYNTHETIC_SIMULATION,SIMULATED_KNOWN_TRUTH,,False,False,representative-multibank-analog-1.0.0+seed.20260809
DEMO-R0027-liquidity,DEMO-R0027,DEMO-TEAM-27,Liquidity,tech,South Africa,mid,established,2025-07-01,2026-06-30,2026-08-09,483762926.34,981340104.05,1465103030.39,0.33019038,0.33258205,3.00677684,False,,SYNTHETIC_SIMULATION,SIMULATED_KNOWN_TRUTH,,False,False,representative-multibank-analog-1.0.0+seed.20260809
DEMO-R0027-fx-fx,DEMO-R0027,DEMO-TEAM-27,Cross-border FX,tech,South Africa,mid,established,2025-07-01,2026-06-30,2026-08-09,2689146886.73,30771001239.53,33460148126.26,0.08036865,0.33258205,3.00677684,False,,SYNTHETIC_SIMULATION,SIMULATED_KNOWN_TRUTH,,False,False,representative-multibank-analog-1.0.0+seed.20260809
DEMO-R0027-trade-finance,DEMO-R0027,DEMO-TEAM-27,Trade finance,tech,South Africa,mid,established,2025-07-01,2026-06-30,2026-08-09,18857875.62,109074702.33,127932577.96,0.1474048,0.33258205,3.00677684,False,,SYNTHETIC_SIMULATION,SIMULATED_KNOWN_TRUTH,,False,False,representative-multibank-analog-1.0.0+seed.20260809
DEMO-R0028-collections,DEMO-R0028,DEMO-TEAM-28,Collections,insurance,SADC,large,developing,2025-07-01,2026-06-30,2026-08-09,3342125987.75,7075837820.1,10417963807.85,0.32080415,0.49073195,2.03777234,False,,SYNTHETIC_SIMULATION,SIMULATED_KNOWN_TRUTH,,False,False,representative-multibank-analog-1.0.0+seed.20260809
DEMO-R0028-payments,DEMO-R0028,DEMO-TEAM-28,Payments,insurance,SADC,large,developing,2025-07-01,2026-06-30,2026-08-09,15040741344.99,27600242070.77,42640983415.76,0.3527297,0.49073195,2.03777234,False,,SYNTHETIC_SIMULATION,SIMULATED_KNOWN_TRUTH,,False,False,representative-multibank-analog-1.0.0+seed.20260809
DEMO-R0028-liquidity,DEMO-R0028,DEMO-TEAM-28,Liquidity,insurance,SADC,large,developing,2025-07-01,2026-06-30,2026-08-09,9919580643.49,66808403161.16,76727983804.66,0.12928244,0.49073195,2.03777234,False,,SYNTHETIC_SIMULATION,SIMULATED_KNOWN_TRUTH,,False,False,representative-multibank-analog-1.0.0+seed.20260809
DEMO-R0028-fx-fx,DEMO-R0028,DEMO-TEAM-28,Cross-border FX,insurance,SADC,large,developing,2025-07-01,2026-06-30,2026-08-09,4015163679.03,4441918100.95,8457081779.99,0.4747694,0.49073195,2.03777234,False,,SYNTHETIC_SIMULATION,SIMULATED_KNOWN_TRUTH,,False,False,representative-multibank-analog-1.0.0+seed.20260809
DEMO-R0028-trade-finance,DEMO-R0028,DEMO-TEAM-28,Trade finance,insurance,SADC,large,developing,2025-07-01,2026-06-30,2026-08-09,323132047.53,6139508903.02,6462640950.55,0.05,0.49073195,2.03777234,False,,SYNTHETIC_SIMULATION,SIMULATED_KNOWN_TRUTH,,False,False,representative-multibank-analog-1.0.0+seed.20260809
DEMO-R0029-collections,DEMO-R0029,DEMO-TEAM-29,Collections,consumer,South Africa,large,established,2025-07-01,2026-06-30,2026-08-09,5604022517.22,7761739816.5,13365762333.72,0.41928192,0.45443384,2.20054033,False,,SYNTHETIC_SIMULATION,SIMULATED_KNOWN_TRUTH,,False,False,representative-multibank-analog-1.0.0+seed.20260809
DEMO-R0029-payments,DEMO-R0029,DEMO-TEAM-29,Payments,consumer,South Africa,large,established,2025-07-01,2026-06-30,2026-08-09,24242392591.01,61293501213.76,85535893804.77,0.28341777,0.45443384,2.20054033,False,,SYNTHETIC_SIMULATION,SIMULATED_KNOWN_TRUTH,,False,False,representative-multibank-analog-1.0.0+seed.20260809
DEMO-R0029-liquidity,DEMO-R0029,DEMO-TEAM-29,Liquidity,consumer,South Africa,large,established,2025-07-01,2026-06-30,2026-08-09,16963454621.24,41498003031.07,58461457652.31,0.29016476,0.45443384,2.20054033,False,,SYNTHETIC_SIMULATION,SIMULATED_KNOWN_TRUTH,,False,False,representative-multibank-analog-1.0.0+seed.20260809
DEMO-R0029-fx-fx,DEMO-R0029,DEMO-TEAM-29,Cross-border FX,consumer,South Africa,large,established,2025-07-01,2026-06-30,2026-08-09,14684644330.23,36847872265.52,51532516595.75,0.2849588,0.45443384,2.20054033,False,,SYNTHETIC_SIMULATION,SIMULATED_KNOWN_TRUTH,,False,False,representative-multibank-analog-1.0.0+seed.20260809
DEMO-R0029-trade-finance,DEMO-R0029,DEMO-TEAM-29,Trade finance,consumer,South Africa,large,established,2025-07-01,2026-06-30,2026-08-09,10188296935.16,45060416927.15,55248713862.32,0.18440786,0.45443384,2.20054033,False,,SYNTHETIC_SIMULATION,SIMULATED_KNOWN_TRUTH,,False,False,representative-multibank-analog-1.0.0+seed.20260809
DEMO-R0030-collections,DEMO-R0030,DEMO-TEAM-30,Collections,insurance,Rest of Africa,mid,established,2025-07-01,2026-06-30,2026-08-09,2349475566.86,4152120708.85,6501596275.71,0.36136903,0.34588396,2.89114303,False,,SYNTHETIC_SIMULATION,SIMULATED_KNOWN_TRUTH,,False,False,representative-multibank-analog-1.0.0+seed.20260809
DEMO-R0030-payments,DEMO-R0030,DEMO-TEAM-30,Payments,insurance,Rest of Africa,mid,established,2025-07-01,2026-06-30,2026-08-09,5332127882.64,2407044755.96,7739172638.59,0.68897906,0.34588396,2.89114303,False,,SYNTHETIC_SIMULATION,SIMULATED_KNOWN_TRUTH,,False,False,representative-multibank-analog-1.0.0+seed.20260809
DEMO-R0030-liquidity,DEMO-R0030,DEMO-TEAM-30,Liquidity,insurance,Rest of Africa,mid,established,2025-07-01,2026-06-30,2026-08-09,2215826799.89,15950439294.07,18166266093.96,0.12197481,0.34588396,2.89114303,False,,SYNTHETIC_SIMULATION,SIMULATED_KNOWN_TRUTH,,False,False,representative-multibank-analog-1.0.0+seed.20260809
DEMO-R0030-fx-fx,DEMO-R0030,DEMO-TEAM-30,Cross-border FX,insurance,Rest of Africa,mid,established,2025-07-01,2026-06-30,2026-08-09,2086211610.81,3490503354.12,5576714964.93,0.37409328,0.34588396,2.89114303,False,,SYNTHETIC_SIMULATION,SIMULATED_KNOWN_TRUTH,,False,False,representative-multibank-analog-1.0.0+seed.20260809
DEMO-R0030-trade-finance,DEMO-R0030,DEMO-TEAM-30,Trade finance,insurance,Rest of Africa,mid,established,2025-07-01,2026-06-30,2026-08-09,55058099.05,325094316.64,380152415.69,0.14483164,0.34588396,2.89114303,False,,SYNTHETIC_SIMULATION,SIMULATED_KNOWN_TRUTH,,False,False,representative-multibank-analog-1.0.0+seed.20260809
DEMO-R0031-collections,DEMO-R0031,DEMO-TEAM-01,Collections,mining,Rest of Africa,large,developing,2025-07-01,2026-06-30,2026-08-09,3846206232.63,9213755028.62,13059961261.25,0.29450365,0.5432438,1.84079414,False,,SYNTHETIC_SIMULATION,SIMULATED_KNOWN_TRUTH,,False,False,representative-multibank-analog-1.0.0+seed.20260809
DEMO-R0031-payments,DEMO-R0031,DEMO-TEAM-01,Payments,mining,Rest of Africa,large,developing,2025-07-01,2026-06-30,2026-08-09,4291666025.94,6000860684.35,10292526710.29,0.41696914,0.5432438,1.84079414,False,,SYNTHETIC_SIMULATION,SIMULATED_KNOWN_TRUTH,,False,False,representative-multibank-analog-1.0.0+seed.20260809
DEMO-R0031-liquidity,DEMO-R0031,DEMO-TEAM-01,Liquidity,mining,Rest of Africa,large,developing,2025-07-01,2026-06-30,2026-08-09,4166859420.58,12344472596.49,16511332017.07,0.25236361,0.5432438,1.84079414,False,,SYNTHETIC_SIMULATION,SIMULATED_KNOWN_TRUTH,,False,False,representative-multibank-analog-1.0.0+seed.20260809
DEMO-R0031-fx-fx,DEMO-R0031,DEMO-TEAM-01,Cross-border FX,mining,Rest of Africa,large,developing,2025-07-01,2026-06-30,2026-08-09,2004679164.99,3322840325.4,5327519490.39,0.37628753,0.5432438,1.84079414,False,,SYNTHETIC_SIMULATION,SIMULATED_KNOWN_TRUTH,,False,False,representative-multibank-analog-1.0.0+seed.20260809
DEMO-R0031-trade-finance,DEMO-R0031,DEMO-TEAM-01,Trade finance,mining,Rest of Africa,large,developing,2025-07-01,2026-06-30,2026-08-09,3367985718.82,10864017150.54,14232002869.36,0.23664875,0.5432438,1.84079414,False,,SYNTHETIC_SIMULATION,SIMULATED_KNOWN_TRUTH,,False,False,representative-multibank-analog-1.0.0+seed.20260809
DEMO-R0032-collections,DEMO-R0032,DEMO-TEAM-02,Collections,mining,Global,mid,established,2025-07-01,2026-06-30,2026-08-09,1933908355.85,3021152823.25,4955061179.1,0.3902895,0.31552165,3.16935461,False,,SYNTHETIC_SIMULATION,SIMULATED_KNOWN_TRUTH,,False,False,representative-multibank-analog-1.0.0+seed.20260809
DEMO-R0032-payments,DEMO-R0032,DEMO-TEAM-02,Payments,mining,Global,mid,established,2025-07-01,2026-06-30,2026-08-09,587574720.7,1378275834.49,1965850555.19,0.29889084,0.31552165,3.16935461,False,,SYNTHETIC_SIMULATION,SIMULATED_KNOWN_TRUTH,,False,False,representative-multibank-analog-1.0.0+seed.20260809
DEMO-R0032-liquidity,DEMO-R0032,DEMO-TEAM-02,Liquidity,mining,Global,mid,established,2025-07-01,2026-06-30,2026-08-09,1439289703.5,4495088917.65,5934378621.16,0.24253419,0.31552165,3.16935461,False,,SYNTHETIC_SIMULATION,SIMULATED_KNOWN_TRUTH,,False,False,representative-multibank-analog-1.0.0+seed.20260809
DEMO-R0032-fx-fx,DEMO-R0032,DEMO-TEAM-02,Cross-border FX,mining,Global,mid,established,2025-07-01,2026-06-30,2026-08-09,392810858.1,703675650.07,1096486508.17,0.35824504,0.31552165,3.16935461,False,,SYNTHETIC_SIMULATION,SIMULATED_KNOWN_TRUTH,,False,False,representative-multibank-analog-1.0.0+seed.20260809
DEMO-R0032-trade-finance,DEMO-R0032,DEMO-TEAM-02,Trade finance,mining,Global,mid,established,2025-07-01,2026-06-30,2026-08-09,280534168.34,814539120.81,1095073289.15,0.25617844,0.31552165,3.16935461,False,,SYNTHETIC_SIMULATION,SIMULATED_KNOWN_TRUTH,,False,False,representative-multibank-analog-1.0.0+seed.20260809
DEMO-R0033-collections,DEMO-R0033,DEMO-TEAM-03,Collections,insurance,Rest of Africa,upper_mid,new,2025-07-01,2026-06-30,2026-08-09,1394172215.7,6346509688.58,7740681904.27,0.18010974,0.39068966,2.55957634,False,,SYNTHETIC_SIMULATION,SIMULATED_KNOWN_TRUTH,,False,False,representative-multibank-analog-1.0.0+seed.20260809
DEMO-R0033-payments,DEMO-R0033,DEMO-TEAM-03,Payments,insurance,Rest of Africa,upper_mid,new,2025-07-01,2026-06-30,2026-08-09,1462677242.52,4007239774.7,5469917017.22,0.26740392,0.39068966,2.55957634,False,,SYNTHETIC_SIMULATION,SIMULATED_KNOWN_TRUTH,,False,False,representative-multibank-analog-1.0.0+seed.20260809
DEMO-R0033-liquidity,DEMO-R0033,DEMO-TEAM-03,Liquidity,insurance,Rest of Africa,upper_mid,new,2025-07-01,2026-06-30,2026-08-09,2435008359.05,3432151870.6,5867160229.65,0.41502333,0.39068966,2.55957634,False,,SYNTHETIC_SIMULATION,SIMULATED_KNOWN_TRUTH,,False,False,representative-multibank-analog-1.0.0+seed.20260809
DEMO-R0033-fx-fx,DEMO-R0033,DEMO-TEAM-03,Cross-border FX,insurance,Rest of Africa,upper_mid,new,2025-07-01,2026-06-30,2026-08-09,898060382.51,1391157188.39,2289217570.9,0.39230014,0.39068966,2.55957634,False,,SYNTHETIC_SIMULATION,SIMULATED_KNOWN_TRUTH,,False,False,representative-multibank-analog-1.0.0+seed.20260809
DEMO-R0033-trade-finance,DEMO-R0033,DEMO-TEAM-03,Trade finance,insurance,Rest of Africa,upper_mid,new,2025-07-01,2026-06-30,2026-08-09,93391934.12,403787547.95,497179482.08,0.1878435,0.39068966,2.55957634,False,,SYNTHETIC_SIMULATION,SIMULATED_KNOWN_TRUTH,,False,False,representative-multibank-analog-1.0.0+seed.20260809
DEMO-R0034-collections,DEMO-R0034,DEMO-TEAM-04,Collections,consumer,SADC,mid,developing,2025-07-01,2026-06-30,2026-08-09,1667307718.9,4912769799.51,6580077518.4,0.25338725,0.32048888,3.12023307,False,,SYNTHETIC_SIMULATION,SIMULATED_KNOWN_TRUTH,,False,False,representative-multibank-analog-1.0.0+seed.20260809
DEMO-R0034-payments,DEMO-R0034,DEMO-TEAM-04,Payments,consumer,SADC,mid,developing,2025-07-01,2026-06-30,2026-08-09,4207650317.01,3718400308.31,7926050625.32,0.53086342,0.32048888,3.12023307,False,,SYNTHETIC_SIMULATION,SIMULATED_KNOWN_TRUTH,,False,False,representative-multibank-analog-1.0.0+seed.20260809
DEMO-R0034-liquidity,DEMO-R0034,DEMO-TEAM-04,Liquidity,consumer,SADC,mid,developing,2025-07-01,2026-06-30,2026-08-09,2699635471.48,14291083692.75,16990719164.23,0.15888883,0.32048888,3.12023307,False,,SYNTHETIC_SIMULATION,SIMULATED_KNOWN_TRUTH,,False,False,representative-multibank-analog-1.0.0+seed.20260809
DEMO-R0034-fx-fx,DEMO-R0034,DEMO-TEAM-04,Cross-border FX,consumer,SADC,mid,developing,2025-07-01,2026-06-30,2026-08-09,2875689130.1,13577225143.54,16452914273.64,0.17478296,0.32048888,3.12023307,False,,SYNTHETIC_SIMULATION,SIMULATED_KNOWN_TRUTH,,False,False,representative-multibank-analog-1.0.0+seed.20260809
DEMO-R0034-trade-finance,DEMO-R0034,DEMO-TEAM-04,Trade finance,consumer,SADC,mid,developing,2025-07-01,2026-06-30,2026-08-09,504632518.47,822122322.93,1326754841.4,0.38035099,0.32048888,3.12023307,False,,SYNTHETIC_SIMULATION,SIMULATED_KNOWN_TRUTH,,False,False,representative-multibank-analog-1.0.0+seed.20260809
DEMO-R0035-collections,DEMO-R0035,DEMO-TEAM-05,Collections,consumer,SADC,upper_mid,developing,2025-07-01,2026-06-30,2026-08-09,1242511510.95,1968027982.56,3210539493.51,0.38701019,0.36461747,2.74260037,False,,SYNTHETIC_SIMULATION,SIMULATED_KNOWN_TRUTH,,False,False,representative-multibank-analog-1.0.0+seed.20260809
DEMO-R0035-payments,DEMO-R0035,DEMO-TEAM-05,Payments,consumer,SADC,upper_mid,developing,2025-07-01,2026-06-30,2026-08-09,9959401271.26,15223797696.43,25183198967.69,0.395478,0.36461747,2.74260037,False,,SYNTHETIC_SIMULATION,SIMULATED_KNOWN_TRUTH,,False,False,representative-multibank-analog-1.0.0+seed.20260809
DEMO-R0035-liquidity,DEMO-R0035,DEMO-TEAM-05,Liquidity,consumer,SADC,upper_mid,developing,2025-07-01,2026-06-30,2026-08-09,7381589956.11,30226769615.25,37608359571.36,0.19627524,0.36461747,2.74260037,False,,SYNTHETIC_SIMULATION,SIMULATED_KNOWN_TRUTH,,False,False,representative-multibank-analog-1.0.0+seed.20260809
DEMO-R0035-fx-fx,DEMO-R0035,DEMO-TEAM-05,Cross-border FX,consumer,SADC,upper_mid,developing,2025-07-01,2026-06-30,2026-08-09,4879556475.02,70162206408.3,75041762883.32,0.06502454,0.36461747,2.74260037,False,,SYNTHETIC_SIMULATION,SIMULATED_KNOWN_TRUTH,,False,False,representative-multibank-analog-1.0.0+seed.20260809
DEMO-R0035-trade-finance,DEMO-R0035,DEMO-TEAM-05,Trade finance,consumer,SADC,upper_mid,developing,2025-07-01,2026-06-30,2026-08-09,928369029.28,1887007896.1,2815376925.38,0.32974946,0.36461747,2.74260037,False,,SYNTHETIC_SIMULATION,SIMULATED_KNOWN_TRUTH,,False,False,representative-multibank-analog-1.0.0+seed.20260809
DEMO-R0036-collections,DEMO-R0036,DEMO-TEAM-06,Collections,consumer,Global,upper_mid,established,2025-07-01,2026-06-30,2026-08-09,2791858268.82,6401046866.12,9192905134.94,0.30369706,0.36140291,2.76699488,False,,SYNTHETIC_SIMULATION,SIMULATED_KNOWN_TRUTH,,False,False,representative-multibank-analog-1.0.0+seed.20260809
DEMO-R0036-payments,DEMO-R0036,DEMO-TEAM-06,Payments,consumer,Global,upper_mid,established,2025-07-01,2026-06-30,2026-08-09,8989040474.78,34376726199.47,43365766674.24,0.20728425,0.36140291,2.76699488,False,,SYNTHETIC_SIMULATION,SIMULATED_KNOWN_TRUTH,,False,False,representative-multibank-analog-1.0.0+seed.20260809
DEMO-R0036-liquidity,DEMO-R0036,DEMO-TEAM-06,Liquidity,consumer,Global,upper_mid,established,2025-07-01,2026-06-30,2026-08-09,6141302694.09,12265101343.48,18406404037.57,0.33365033,0.36140291,2.76699488,False,,SYNTHETIC_SIMULATION,SIMULATED_KNOWN_TRUTH,,False,False,representative-multibank-analog-1.0.0+seed.20260809
DEMO-R0036-fx-fx,DEMO-R0036,DEMO-TEAM-06,Cross-border FX,consumer,Global,upper_mid,established,2025-07-01,2026-06-30,2026-08-09,3970764328.89,14253642890.58,18224407219.46,0.21788167,0.36140291,2.76699488,False,,SYNTHETIC_SIMULATION,SIMULATED_KNOWN_TRUTH,,False,False,representative-multibank-analog-1.0.0+seed.20260809
DEMO-R0036-trade-finance,DEMO-R0036,DEMO-TEAM-06,Trade finance,consumer,Global,upper_mid,established,2025-07-01,2026-06-30,2026-08-09,1919814599.17,7955589451.03,9875404050.2,0.19440365,0.36140291,2.76699488,False,,SYNTHETIC_SIMULATION,SIMULATED_KNOWN_TRUTH,,False,False,representative-multibank-analog-1.0.0+seed.20260809
DEMO-R0037-collections,DEMO-R0037,DEMO-TEAM-07,Collections,telecoms,Rest of Africa,upper_mid,established,2025-07-01,2026-06-30,2026-08-09,2277290848.08,2844593517.95,5121884366.03,0.44461973,0.41902611,2.38648614,False,,SYNTHETIC_SIMULATION,SIMULATED_KNOWN_TRUTH,,False,False,representative-multibank-analog-1.0.0+seed.20260809
DEMO-R0037-payments,DEMO-R0037,DEMO-TEAM-07,Payments,telecoms,Rest of Africa,upper_mid,established,2025-07-01,2026-06-30,2026-08-09,5501149304.84,7468771266.16,12969920571.0,0.42414672,0.41902611,2.38648614,False,,SYNTHETIC_SIMULATION,SIMULATED_KNOWN_TRUTH,,False,False,representative-multibank-analog-1.0.0+seed.20260809
DEMO-R0037-liquidity,DEMO-R0037,DEMO-TEAM-07,Liquidity,telecoms,Rest of Africa,upper_mid,established,2025-07-01,2026-06-30,2026-08-09,2286605743.26,6519463776.08,8806069519.34,0.25966247,0.41902611,2.38648614,False,,SYNTHETIC_SIMULATION,SIMULATED_KNOWN_TRUTH,,False,False,representative-multibank-analog-1.0.0+seed.20260809
DEMO-R0037-fx-fx,DEMO-R0037,DEMO-TEAM-07,Cross-border FX,telecoms,Rest of Africa,upper_mid,established,2025-07-01,2026-06-30,2026-08-09,3736322806.91,9566193834.59,13302516641.5,0.28087338,0.41902611,2.38648614,False,,SYNTHETIC_SIMULATION,SIMULATED_KNOWN_TRUTH,,False,False,representative-multibank-analog-1.0.0+seed.20260809
DEMO-R0037-trade-finance,DEMO-R0037,DEMO-TEAM-07,Trade finance,telecoms,Rest of Africa,upper_mid,established,2025-07-01,2026-06-30,2026-08-09,601090023.49,4723095326.01,5324185349.51,0.11289803,0.41902611,2.38648614,False,,SYNTHETIC_SIMULATION,SIMULATED_KNOWN_TRUTH,,False,False,representative-multibank-analog-1.0.0+seed.20260809
DEMO-R0038-collections,DEMO-R0038,DEMO-TEAM-08,Collections,mining,South Africa,large,new,2025-07-01,2026-06-30,2026-08-09,1635203252.36,2025620378.0,3660823630.36,0.44667633,0.50860782,1.96615145,False,,SYNTHETIC_SIMULATION,SIMULATED_KNOWN_TRUTH,,False,False,representative-multibank-analog-1.0.0+seed.20260809
DEMO-R0038-payments,DEMO-R0038,DEMO-TEAM-08,Payments,mining,South Africa,large,new,2025-07-01,2026-06-30,2026-08-09,1639809252.84,2051223596.07,3691032848.91,0.4442684,0.50860782,1.96615145,False,,SYNTHETIC_SIMULATION,SIMULATED_KNOWN_TRUTH,,False,False,representative-multibank-analog-1.0.0+seed.20260809
DEMO-R0038-liquidity,DEMO-R0038,DEMO-TEAM-08,Liquidity,mining,South Africa,large,new,2025-07-01,2026-06-30,2026-08-09,1479685711.28,6327420531.77,7807106243.05,0.18953062,0.50860782,1.96615145,False,,SYNTHETIC_SIMULATION,SIMULATED_KNOWN_TRUTH,,False,False,representative-multibank-analog-1.0.0+seed.20260809
DEMO-R0038-fx-fx,DEMO-R0038,DEMO-TEAM-08,Cross-border FX,mining,South Africa,large,new,2025-07-01,2026-06-30,2026-08-09,1669422154.37,4835529620.74,6504951775.11,0.25663867,0.50860782,1.96615145,False,,SYNTHETIC_SIMULATION,SIMULATED_KNOWN_TRUTH,,False,False,representative-multibank-analog-1.0.0+seed.20260809
DEMO-R0038-trade-finance,DEMO-R0038,DEMO-TEAM-08,Trade finance,mining,South Africa,large,new,2025-07-01,2026-06-30,2026-08-09,488911839.45,1418901462.54,1907813301.99,0.25626818,0.50860782,1.96615145,False,,SYNTHETIC_SIMULATION,SIMULATED_KNOWN_TRUTH,,False,False,representative-multibank-analog-1.0.0+seed.20260809
DEMO-R0039-collections,DEMO-R0039,DEMO-TEAM-09,Collections,tech,South Africa,mid,developing,2025-07-01,2026-06-30,2026-08-09,143088598.52,578796889.03,721885487.55,0.19821509,0.3448702,2.89964165,False,,SYNTHETIC_SIMULATION,SIMULATED_KNOWN_TRUTH,,False,False,representative-multibank-analog-1.0.0+seed.20260809
DEMO-R0039-payments,DEMO-R0039,DEMO-TEAM-09,Payments,tech,South Africa,mid,developing,2025-07-01,2026-06-30,2026-08-09,914606076.79,1317411955.76,2232018032.55,0.40976644,0.3448702,2.89964165,False,,SYNTHETIC_SIMULATION,SIMULATED_KNOWN_TRUTH,,False,False,representative-multibank-analog-1.0.0+seed.20260809
DEMO-R0039-liquidity,DEMO-R0039,DEMO-TEAM-09,Liquidity,tech,South Africa,mid,developing,2025-07-01,2026-06-30,2026-08-09,444912303.0,1509629493.56,1954541796.57,0.22762998,0.3448702,2.89964165,False,,SYNTHETIC_SIMULATION,SIMULATED_KNOWN_TRUTH,,False,False,representative-multibank-analog-1.0.0+seed.20260809
DEMO-R0039-fx-fx,DEMO-R0039,DEMO-TEAM-09,Cross-border FX,tech,South Africa,mid,developing,2025-07-01,2026-06-30,2026-08-09,778210589.2,2628581209.54,3406791798.74,0.22842916,0.3448702,2.89964165,False,,SYNTHETIC_SIMULATION,SIMULATED_KNOWN_TRUTH,,False,False,representative-multibank-analog-1.0.0+seed.20260809
DEMO-R0039-trade-finance,DEMO-R0039,DEMO-TEAM-09,Trade finance,tech,South Africa,mid,developing,2025-07-01,2026-06-30,2026-08-09,25543683.26,31076692.9,56620376.16,0.45113941,0.3448702,2.89964165,False,,SYNTHETIC_SIMULATION,SIMULATED_KNOWN_TRUTH,,False,False,representative-multibank-analog-1.0.0+seed.20260809
DEMO-R0040-collections,DEMO-R0040,DEMO-TEAM-10,Collections,consumer,South Africa,upper_mid,established,2025-07-01,2026-06-30,2026-08-09,2759830256.09,7594429311.62,10354259567.7,0.26654057,0.4149965,2.4096589,False,,SYNTHETIC_SIMULATION,SIMULATED_KNOWN_TRUTH,,False,False,representative-multibank-analog-1.0.0+seed.20260809
DEMO-R0040-payments,DEMO-R0040,DEMO-TEAM-10,Payments,consumer,South Africa,upper_mid,established,2025-07-01,2026-06-30,2026-08-09,4181054525.52,5728224754.46,9909279279.98,0.42193326,0.4149965,2.4096589,False,,SYNTHETIC_SIMULATION,SIMULATED_KNOWN_TRUTH,,False,False,representative-multibank-analog-1.0.0+seed.20260809
DEMO-R0040-liquidity,DEMO-R0040,DEMO-TEAM-10,Liquidity,consumer,South Africa,upper_mid,established,2025-07-01,2026-06-30,2026-08-09,8377984471.9,39715411741.33,48093396213.23,0.17420239,0.4149965,2.4096589,False,,SYNTHETIC_SIMULATION,SIMULATED_KNOWN_TRUTH,,False,False,representative-multibank-analog-1.0.0+seed.20260809
DEMO-R0040-fx-fx,DEMO-R0040,DEMO-TEAM-10,Cross-border FX,consumer,South Africa,upper_mid,established,2025-07-01,2026-06-30,2026-08-09,8163421627.82,54061357933.06,62224779560.88,0.13119246,0.4149965,2.4096589,False,,SYNTHETIC_SIMULATION,SIMULATED_KNOWN_TRUTH,,False,False,representative-multibank-analog-1.0.0+seed.20260809
DEMO-R0040-trade-finance,DEMO-R0040,DEMO-TEAM-10,Trade finance,consumer,South Africa,upper_mid,established,2025-07-01,2026-06-30,2026-08-09,3016700047.58,8717565506.92,11734265554.5,0.25708469,0.4149965,2.4096589,False,,SYNTHETIC_SIMULATION,SIMULATED_KNOWN_TRUTH,,False,False,representative-multibank-analog-1.0.0+seed.20260809
DEMO-R0041-collections,DEMO-R0041,DEMO-TEAM-11,Collections,industrials_pharma,SADC,upper_mid,established,2025-07-01,2026-06-30,2026-08-09,616235661.4,1333149448.28,1949385109.68,0.31611797,0.39372978,2.53981296,False,,SYNTHETIC_SIMULATION,SIMULATED_KNOWN_TRUTH,,False,False,representative-multibank-analog-1.0.0+seed.20260809
DEMO-R0041-payments,DEMO-R0041,DEMO-TEAM-11,Payments,industrials_pharma,SADC,upper_mid,established,2025-07-01,2026-06-30,2026-08-09,3504910050.21,6763769381.57,10268679431.78,0.34132043,0.39372978,2.53981296,False,,SYNTHETIC_SIMULATION,SIMULATED_KNOWN_TRUTH,,False,False,representative-multibank-analog-1.0.0+seed.20260809
DEMO-R0041-liquidity,DEMO-R0041,DEMO-TEAM-11,Liquidity,industrials_pharma,SADC,upper_mid,established,2025-07-01,2026-06-30,2026-08-09,4531819058.4,5614350764.22,10146169822.62,0.44665318,0.39372978,2.53981296,False,,SYNTHETIC_SIMULATION,SIMULATED_KNOWN_TRUTH,,False,False,representative-multibank-analog-1.0.0+seed.20260809
DEMO-R0041-fx-fx,DEMO-R0041,DEMO-TEAM-11,Cross-border FX,industrials_pharma,SADC,upper_mid,established,2025-07-01,2026-06-30,2026-08-09,2115354632.57,4459278808.75,6574633441.31,0.32174488,0.39372978,2.53981296,False,,SYNTHETIC_SIMULATION,SIMULATED_KNOWN_TRUTH,,False,False,representative-multibank-analog-1.0.0+seed.20260809
DEMO-R0041-trade-finance,DEMO-R0041,DEMO-TEAM-11,Trade finance,industrials_pharma,SADC,upper_mid,established,2025-07-01,2026-06-30,2026-08-09,942159594.17,10817127454.94,11759287049.11,0.08012047,0.39372978,2.53981296,False,,SYNTHETIC_SIMULATION,SIMULATED_KNOWN_TRUTH,,False,False,representative-multibank-analog-1.0.0+seed.20260809
DEMO-R0042-collections,DEMO-R0042,DEMO-TEAM-12,Collections,real_estate,SADC,mid,developing,2025-07-01,2026-06-30,2026-08-09,4689148.68,8132632.64,12821781.33,0.36571741,0.31964024,3.12851723,False,,SYNTHETIC_SIMULATION,SIMULATED_KNOWN_TRUTH,,False,False,representative-multibank-analog-1.0.0+seed.20260809
DEMO-R0042-payments,DEMO-R0042,DEMO-TEAM-12,Payments,real_estate,SADC,mid,developing,2025-07-01,2026-06-30,2026-08-09,7520828.15,17987916.2,25508744.34,0.29483333,0.31964024,3.12851723,False,,SYNTHETIC_SIMULATION,SIMULATED_KNOWN_TRUTH,,False,False,representative-multibank-analog-1.0.0+seed.20260809
DEMO-R0042-liquidity,DEMO-R0042,DEMO-TEAM-12,Liquidity,real_estate,SADC,mid,developing,2025-07-01,2026-06-30,2026-08-09,4275745.68,9753711.39,14029457.07,0.30476915,0.31964024,3.12851723,False,,SYNTHETIC_SIMULATION,SIMULATED_KNOWN_TRUTH,,False,False,representative-multibank-analog-1.0.0+seed.20260809
DEMO-R0042-fx-fx,DEMO-R0042,DEMO-TEAM-12,Cross-border FX,real_estate,SADC,mid,developing,2025-07-01,2026-06-30,2026-08-09,107873969.88,430702415.46,538576385.34,0.20029465,0.31964024,3.12851723,False,,SYNTHETIC_SIMULATION,SIMULATED_KNOWN_TRUTH,,False,False,representative-multibank-analog-1.0.0+seed.20260809
DEMO-R0042-trade-finance,DEMO-R0042,DEMO-TEAM-12,Trade finance,real_estate,SADC,mid,developing,2025-07-01,2026-06-30,2026-08-09,4790062.91,20855281.61,25645344.51,0.18678099,0.31964024,3.12851723,False,,SYNTHETIC_SIMULATION,SIMULATED_KNOWN_TRUTH,,False,False,representative-multibank-analog-1.0.0+seed.20260809
DEMO-R0043-collections,DEMO-R0043,DEMO-TEAM-13,Collections,mining,South Africa,large,developing,2025-07-01,2026-06-30,2026-08-09,2886186555.6,5886981145.4,8773167701.0,0.32897884,0.46403243,2.15502182,False,,SYNTHETIC_SIMULATION,SIMULATED_KNOWN_TRUTH,,False,False,representative-multibank-analog-1.0.0+seed.20260809
DEMO-R0043-payments,DEMO-R0043,DEMO-TEAM-13,Payments,mining,South Africa,large,developing,2025-07-01,2026-06-30,2026-08-09,2068438367.34,8304406676.39,10372845043.73,0.19940897,0.46403243,2.15502182,False,,SYNTHETIC_SIMULATION,SIMULATED_KNOWN_TRUTH,,False,False,representative-multibank-analog-1.0.0+seed.20260809
DEMO-R0043-liquidity,DEMO-R0043,DEMO-TEAM-13,Liquidity,mining,South Africa,large,developing,2025-07-01,2026-06-30,2026-08-09,2734671934.17,1815999291.38,4550671225.55,0.60093815,0.46403243,2.15502182,False,,SYNTHETIC_SIMULATION,SIMULATED_KNOWN_TRUTH,,False,False,representative-multibank-analog-1.0.0+seed.20260809
DEMO-R0043-fx-fx,DEMO-R0043,DEMO-TEAM-13,Cross-border FX,mining,South Africa,large,developing,2025-07-01,2026-06-30,2026-08-09,2331690780.61,3005905851.3,5337596631.91,0.43684282,0.46403243,2.15502182,False,,SYNTHETIC_SIMULATION,SIMULATED_KNOWN_TRUTH,,False,False,representative-multibank-analog-1.0.0+seed.20260809
DEMO-R0043-trade-finance,DEMO-R0043,DEMO-TEAM-13,Trade finance,mining,South Africa,large,developing,2025-07-01,2026-06-30,2026-08-09,2535439287.19,8135688972.97,10671128260.16,0.23759805,0.46403243,2.15502182,False,,SYNTHETIC_SIMULATION,SIMULATED_KNOWN_TRUTH,,False,False,representative-multibank-analog-1.0.0+seed.20260809
DEMO-R0044-collections,DEMO-R0044,DEMO-TEAM-14,Collections,consumer,Rest of Africa,mid,established,2025-07-01,2026-06-30,2026-08-09,3031852620.41,3238708767.61,6270561388.02,0.48350577,0.32918564,3.03779962,False,,SYNTHETIC_SIMULATION,SIMULATED_KNOWN_TRUTH,,False,False,representative-multibank-analog-1.0.0+seed.20260809
DEMO-R0044-payments,DEMO-R0044,DEMO-TEAM-14,Payments,consumer,Rest of Africa,mid,established,2025-07-01,2026-06-30,2026-08-09,2856032006.8,1229622367.1,4085654373.9,0.69903906,0.32918564,3.03779962,False,,SYNTHETIC_SIMULATION,SIMULATED_KNOWN_TRUTH,,False,False,representative-multibank-analog-1.0.0+seed.20260809
DEMO-R0044-liquidity,DEMO-R0044,DEMO-TEAM-14,Liquidity,consumer,Rest of Africa,mid,established,2025-07-01,2026-06-30,2026-08-09,7658380579.37,34089204967.09,41747585546.46,0.18344487,0.32918564,3.03779962,False,,SYNTHETIC_SIMULATION,SIMULATED_KNOWN_TRUTH,,False,False,representative-multibank-analog-1.0.0+seed.20260809
DEMO-R0044-fx-fx,DEMO-R0044,DEMO-TEAM-14,Cross-border FX,consumer,Rest of Africa,mid,established,2025-07-01,2026-06-30,2026-08-09,3607049934.75,15461851131.67,19068901066.42,0.18915877,0.32918564,3.03779962,False,,SYNTHETIC_SIMULATION,SIMULATED_KNOWN_TRUTH,,False,False,representative-multibank-analog-1.0.0+seed.20260809
DEMO-R0044-trade-finance,DEMO-R0044,DEMO-TEAM-14,Trade finance,consumer,Rest of Africa,mid,established,2025-07-01,2026-06-30,2026-08-09,870522021.13,5772236752.82,6642758773.95,0.13104827,0.32918564,3.03779962,False,,SYNTHETIC_SIMULATION,SIMULATED_KNOWN_TRUTH,,False,False,representative-multibank-analog-1.0.0+seed.20260809
DEMO-R0045-collections,DEMO-R0045,DEMO-TEAM-15,Collections,tech,South Africa,upper_mid,established,2025-07-01,2026-06-30,2026-08-09,301559305.84,1527848318.72,1829407624.57,0.16483986,0.40749724,2.45400438,False,,SYNTHETIC_SIMULATION,SIMULATED_KNOWN_TRUTH,,False,False,representative-multibank-analog-1.0.0+seed.20260809
DEMO-R0045-payments,DEMO-R0045,DEMO-TEAM-15,Payments,tech,South Africa,upper_mid,established,2025-07-01,2026-06-30,2026-08-09,1519153294.82,4043161126.59,5562314421.41,0.27311532,0.40749724,2.45400438,False,,SYNTHETIC_SIMULATION,SIMULATED_KNOWN_TRUTH,,False,False,representative-multibank-analog-1.0.0+seed.20260809
DEMO-R0045-liquidity,DEMO-R0045,DEMO-TEAM-15,Liquidity,tech,South Africa,upper_mid,established,2025-07-01,2026-06-30,2026-08-09,525669740.22,4286023598.89,4811693339.11,0.10924839,0.40749724,2.45400438,False,,SYNTHETIC_SIMULATION,SIMULATED_KNOWN_TRUTH,,False,False,representative-multibank-analog-1.0.0+seed.20260809
DEMO-R0045-fx-fx,DEMO-R0045,DEMO-TEAM-15,Cross-border FX,tech,South Africa,upper_mid,established,2025-07-01,2026-06-30,2026-08-09,1255300115.1,2201025777.35,3456325892.44,0.36318917,0.40749724,2.45400438,False,,SYNTHETIC_SIMULATION,SIMULATED_KNOWN_TRUTH,,False,False,representative-multibank-analog-1.0.0+seed.20260809
DEMO-R0045-trade-finance,DEMO-R0045,DEMO-TEAM-15,Trade finance,tech,South Africa,upper_mid,established,2025-07-01,2026-06-30,2026-08-09,56461802.98,168869478.14,225331281.12,0.25057241,0.40749724,2.45400438,False,,SYNTHETIC_SIMULATION,SIMULATED_KNOWN_TRUTH,,False,False,representative-multibank-analog-1.0.0+seed.20260809
DEMO-R0046-collections,DEMO-R0046,DEMO-TEAM-16,Collections,real_estate,SADC,upper_mid,developing,2025-07-01,2026-06-30,2026-08-09,7297954.1,4095184.07,11393138.17,0.64055697,0.34866569,2.86807684,False,,SYNTHETIC_SIMULATION,SIMULATED_KNOWN_TRUTH,,False,False,representative-multibank-analog-1.0.0+seed.20260809
DEMO-R0046-payments,DEMO-R0046,DEMO-TEAM-16,Payments,real_estate,SADC,upper_mid,developing,2025-07-01,2026-06-30,2026-08-09,23260333.34,86769107.31,110029440.65,0.211401,0.34866569,2.86807684,False,,SYNTHETIC_SIMULATION,SIMULATED_KNOWN_TRUTH,,False,False,representative-multibank-analog-1.0.0+seed.20260809
DEMO-R0046-liquidity,DEMO-R0046,DEMO-TEAM-16,Liquidity,real_estate,SADC,upper_mid,developing,2025-07-01,2026-06-30,2026-08-09,12338865.12,15762282.85,28101147.97,0.43908758,0.34866569,2.86807684,False,,SYNTHETIC_SIMULATION,SIMULATED_KNOWN_TRUTH,,False,False,representative-multibank-analog-1.0.0+seed.20260809
DEMO-R0046-fx-fx,DEMO-R0046,DEMO-TEAM-16,Cross-border FX,real_estate,SADC,upper_mid,developing,2025-07-01,2026-06-30,2026-08-09,422259307.41,816799365.07,1239058672.48,0.34079041,0.34866569,2.86807684,False,,SYNTHETIC_SIMULATION,SIMULATED_KNOWN_TRUTH,,False,False,representative-multibank-analog-1.0.0+seed.20260809
DEMO-R0046-trade-finance,DEMO-R0046,DEMO-TEAM-16,Trade finance,real_estate,SADC,upper_mid,developing,2025-07-01,2026-06-30,2026-08-09,4680002.94,12668315.9,17348318.83,0.26976694,0.34866569,2.86807684,False,,SYNTHETIC_SIMULATION,SIMULATED_KNOWN_TRUTH,,False,False,representative-multibank-analog-1.0.0+seed.20260809
DEMO-R0047-collections,DEMO-R0047,DEMO-TEAM-17,Collections,consumer,Rest of Africa,upper_mid,developing,2025-07-01,2026-06-30,2026-08-09,3740051090.42,3603266413.69,7343317504.11,0.50931355,0.34344128,2.91170594,False,,SYNTHETIC_SIMULATION,SIMULATED_KNOWN_TRUTH,,False,False,representative-multibank-analog-1.0.0+seed.20260809
DEMO-R0047-payments,DEMO-R0047,DEMO-TEAM-17,Payments,consumer,Rest of Africa,upper_mid,developing,2025-07-01,2026-06-30,2026-08-09,7850225553.82,16361368010.82,24211593564.64,0.32423415,0.34344128,2.91170594,False,,SYNTHETIC_SIMULATION,SIMULATED_KNOWN_TRUTH,,False,False,representative-multibank-analog-1.0.0+seed.20260809
DEMO-R0047-liquidity,DEMO-R0047,DEMO-TEAM-17,Liquidity,consumer,Rest of Africa,upper_mid,developing,2025-07-01,2026-06-30,2026-08-09,7225952914.61,33494735486.48,40720688401.09,0.17745164,0.34344128,2.91170594,False,,SYNTHETIC_SIMULATION,SIMULATED_KNOWN_TRUTH,,False,False,representative-multibank-analog-1.0.0+seed.20260809
DEMO-R0047-fx-fx,DEMO-R0047,DEMO-TEAM-17,Cross-border FX,consumer,Rest of Africa,upper_mid,developing,2025-07-01,2026-06-30,2026-08-09,6475658661.71,12927553221.98,19403211883.69,0.33374158,0.34344128,2.91170594,False,,SYNTHETIC_SIMULATION,SIMULATED_KNOWN_TRUTH,,False,False,representative-multibank-analog-1.0.0+seed.20260809
DEMO-R0047-trade-finance,DEMO-R0047,DEMO-TEAM-17,Trade finance,consumer,Rest of Africa,upper_mid,developing,2025-07-01,2026-06-30,2026-08-09,1289124319.31,2159171604.03,3448295923.34,0.37384388,0.34344128,2.91170594,False,,SYNTHETIC_SIMULATION,SIMULATED_KNOWN_TRUTH,,False,False,representative-multibank-analog-1.0.0+seed.20260809
DEMO-R0048-collections,DEMO-R0048,DEMO-TEAM-18,Collections,tech,Global,mid,developing,2025-07-01,2026-06-30,2026-08-09,312591219.66,317436678.54,630027898.21,0.49615457,0.29906117,3.34379757,False,,SYNTHETIC_SIMULATION,SIMULATED_KNOWN_TRUTH,,False,False,representative-multibank-analog-1.0.0+seed.20260809
DEMO-R0048-payments,DEMO-R0048,DEMO-TEAM-18,Payments,tech,Global,mid,developing,2025-07-01,2026-06-30,2026-08-09,506196212.09,645749051.61,1151945263.7,0.43942731,0.29906117,3.34379757,False,,SYNTHETIC_SIMULATION,SIMULATED_KNOWN_TRUTH,,False,False,representative-multibank-analog-1.0.0+seed.20260809
DEMO-R0048-liquidity,DEMO-R0048,DEMO-TEAM-18,Liquidity,tech,Global,mid,developing,2025-07-01,2026-06-30,2026-08-09,446287985.23,3581634328.84,4027922314.07,0.11079856,0.29906117,3.34379757,False,,SYNTHETIC_SIMULATION,SIMULATED_KNOWN_TRUTH,,False,False,representative-multibank-analog-1.0.0+seed.20260809
DEMO-R0048-fx-fx,DEMO-R0048,DEMO-TEAM-18,Cross-border FX,tech,Global,mid,developing,2025-07-01,2026-06-30,2026-08-09,886713903.48,2920227202.95,3806941106.44,0.23292031,0.29906117,3.34379757,False,,SYNTHETIC_SIMULATION,SIMULATED_KNOWN_TRUTH,,False,False,representative-multibank-analog-1.0.0+seed.20260809
DEMO-R0048-trade-finance,DEMO-R0048,DEMO-TEAM-18,Trade finance,tech,Global,mid,developing,2025-07-01,2026-06-30,2026-08-09,19376994.09,56416066.73,75793060.82,0.25565657,0.29906117,3.34379757,False,,SYNTHETIC_SIMULATION,SIMULATED_KNOWN_TRUTH,,False,False,representative-multibank-analog-1.0.0+seed.20260809
DEMO-R0049-collections,DEMO-R0049,DEMO-TEAM-19,Collections,mining,South Africa,upper_mid,established,2025-07-01,2026-06-30,2026-08-09,1681055664.91,4324652186.78,6005707851.69,0.27990966,0.42113041,2.37456136,False,,SYNTHETIC_SIMULATION,SIMULATED_KNOWN_TRUTH,,False,False,representative-multibank-analog-1.0.0+seed.20260809
DEMO-R0049-payments,DEMO-R0049,DEMO-TEAM-19,Payments,mining,South Africa,upper_mid,established,2025-07-01,2026-06-30,2026-08-09,2744768523.41,5647023084.37,8391791607.78,0.32707777,0.42113041,2.37456136,False,,SYNTHETIC_SIMULATION,SIMULATED_KNOWN_TRUTH,,False,False,representative-multibank-analog-1.0.0+seed.20260809
DEMO-R0049-liquidity,DEMO-R0049,DEMO-TEAM-19,Liquidity,mining,South Africa,upper_mid,established,2025-07-01,2026-06-30,2026-08-09,1177923387.05,3542107211.66,4720030598.71,0.24955842,0.42113041,2.37456136,False,,SYNTHETIC_SIMULATION,SIMULATED_KNOWN_TRUTH,,False,False,representative-multibank-analog-1.0.0+seed.20260809
DEMO-R0049-fx-fx,DEMO-R0049,DEMO-TEAM-19,Cross-border FX,mining,South Africa,upper_mid,established,2025-07-01,2026-06-30,2026-08-09,1869684640.09,1705765637.67,3575450277.76,0.52292285,0.42113041,2.37456136,False,,SYNTHETIC_SIMULATION,SIMULATED_KNOWN_TRUTH,,False,False,representative-multibank-analog-1.0.0+seed.20260809
DEMO-R0049-trade-finance,DEMO-R0049,DEMO-TEAM-19,Trade finance,mining,South Africa,upper_mid,established,2025-07-01,2026-06-30,2026-08-09,1131835339.11,6134698982.13,7266534321.24,0.15575999,0.42113041,2.37456136,False,,SYNTHETIC_SIMULATION,SIMULATED_KNOWN_TRUTH,,False,False,representative-multibank-analog-1.0.0+seed.20260809
DEMO-R0050-collections,DEMO-R0050,DEMO-TEAM-20,Collections,real_estate,South Africa,upper_mid,established,2025-07-01,2026-06-30,2026-08-09,11188889.91,24821655.6,36010545.51,0.31071148,0.40258912,2.48392207,False,,SYNTHETIC_SIMULATION,SIMULATED_KNOWN_TRUTH,,False,False,representative-multibank-analog-1.0.0+seed.20260809
DEMO-R0050-payments,DEMO-R0050,DEMO-TEAM-20,Payments,real_estate,South Africa,upper_mid,established,2025-07-01,2026-06-30,2026-08-09,15121692.83,19242277.91,34363970.74,0.44004498,0.40258912,2.48392207,False,,SYNTHETIC_SIMULATION,SIMULATED_KNOWN_TRUTH,,False,False,representative-multibank-analog-1.0.0+seed.20260809
DEMO-R0050-liquidity,DEMO-R0050,DEMO-TEAM-20,Liquidity,real_estate,South Africa,upper_mid,established,2025-07-01,2026-06-30,2026-08-09,27284243.72,133863586.05,161147829.77,0.16931189,0.40258912,2.48392207,False,,SYNTHETIC_SIMULATION,SIMULATED_KNOWN_TRUTH,,False,False,representative-multibank-analog-1.0.0+seed.20260809
DEMO-R0050-fx-fx,DEMO-R0050,DEMO-TEAM-20,Cross-border FX,real_estate,South Africa,upper_mid,established,2025-07-01,2026-06-30,2026-08-09,394283948.43,814995670.05,1209279618.48,0.32604862,0.40258912,2.48392207,False,,SYNTHETIC_SIMULATION,SIMULATED_KNOWN_TRUTH,,False,False,representative-multibank-analog-1.0.0+seed.20260809
DEMO-R0050-trade-finance,DEMO-R0050,DEMO-TEAM-20,Trade finance,real_estate,South Africa,upper_mid,established,2025-07-01,2026-06-30,2026-08-09,17510998.8,160892313.8,178403312.6,0.098154,0.40258912,2.48392207,False,,SYNTHETIC_SIMULATION,SIMULATED_KNOWN_TRUTH,,False,False,representative-multibank-analog-1.0.0+seed.20260809
DEMO-R0051-collections,DEMO-R0051,DEMO-TEAM-21,Collections,telecoms,Global,mid,developing,2025-07-01,2026-06-30,2026-08-09,495816536.8,662834236.16,1158650772.96,0.42792578,0.26433949,3.78301406,False,,SYNTHETIC_SIMULATION,SIMULATED_KNOWN_TRUTH,,False,False,representative-multibank-analog-1.0.0+seed.20260809
DEMO-R0051-payments,DEMO-R0051,DEMO-TEAM-21,Payments,telecoms,Global,mid,developing,2025-07-01,2026-06-30,2026-08-09,1124776694.71,1573838255.65,2698614950.36,0.41679777,0.26433949,3.78301406,False,,SYNTHETIC_SIMULATION,SIMULATED_KNOWN_TRUTH,,False,False,representative-multibank-analog-1.0.0+seed.20260809
DEMO-R0051-liquidity,DEMO-R0051,DEMO-TEAM-21,Liquidity,telecoms,Global,mid,developing,2025-07-01,2026-06-30,2026-08-09,2296065735.89,5498514697.89,7794580433.78,0.29457208,0.26433949,3.78301406,False,,SYNTHETIC_SIMULATION,SIMULATED_KNOWN_TRUTH,,False,False,representative-multibank-analog-1.0.0+seed.20260809
DEMO-R0051-fx-fx,DEMO-R0051,DEMO-TEAM-21,Cross-border FX,telecoms,Global,mid,developing,2025-07-01,2026-06-30,2026-08-09,1245916039.96,3764317089.88,5010233129.84,0.24867426,0.26433949,3.78301406,False,,SYNTHETIC_SIMULATION,SIMULATED_KNOWN_TRUTH,,False,False,representative-multibank-analog-1.0.0+seed.20260809
DEMO-R0051-trade-finance,DEMO-R0051,DEMO-TEAM-21,Trade finance,telecoms,Global,mid,developing,2025-07-01,2026-06-30,2026-08-09,187557809.38,473215951.62,660773761.0,0.28384573,0.26433949,3.78301406,False,,SYNTHETIC_SIMULATION,SIMULATED_KNOWN_TRUTH,,False,False,representative-multibank-analog-1.0.0+seed.20260809
DEMO-R0052-collections,DEMO-R0052,DEMO-TEAM-22,Collections,mining,Rest of Africa,mid,developing,2025-07-01,2026-06-30,2026-08-09,1139268793.03,614101712.05,1753370505.09,0.6497593,0.27339185,3.65775357,False,,SYNTHETIC_SIMULATION,SIMULATED_KNOWN_TRUTH,,False,False,representative-multibank-analog-1.0.0+seed.20260809
DEMO-R0052-payments,DEMO-R0052,DEMO-TEAM-22,Payments,mining,Rest of Africa,mid,developing,2025-07-01,2026-06-30,2026-08-09,668342060.13,1789703408.11,2458045468.23,0.2718998,0.27339185,3.65775357,False,,SYNTHETIC_SIMULATION,SIMULATED_KNOWN_TRUTH,,False,False,representative-multibank-analog-1.0.0+seed.20260809
DEMO-R0052-liquidity,DEMO-R0052,DEMO-TEAM-22,Liquidity,mining,Rest of Africa,mid,developing,2025-07-01,2026-06-30,2026-08-09,527841836.89,4083127676.26,4610969513.14,0.11447524,0.27339185,3.65775357,False,,SYNTHETIC_SIMULATION,SIMULATED_KNOWN_TRUTH,,False,False,representative-multibank-analog-1.0.0+seed.20260809
DEMO-R0052-fx-fx,DEMO-R0052,DEMO-TEAM-22,Cross-border FX,mining,Rest of Africa,mid,developing,2025-07-01,2026-06-30,2026-08-09,547503243.98,1290042460.73,1837545704.72,0.29795354,0.27339185,3.65775357,False,,SYNTHETIC_SIMULATION,SIMULATED_KNOWN_TRUTH,,False,False,representative-multibank-analog-1.0.0+seed.20260809
DEMO-R0052-trade-finance,DEMO-R0052,DEMO-TEAM-22,Trade finance,mining,Rest of Africa,mid,developing,2025-07-01,2026-06-30,2026-08-09,502383737.56,2027717301.54,2530101039.1,0.19856272,0.27339185,3.65775357,False,,SYNTHETIC_SIMULATION,SIMULATED_KNOWN_TRUTH,,False,False,representative-multibank-analog-1.0.0+seed.20260809
DEMO-R0053-collections,DEMO-R0053,DEMO-TEAM-23,Collections,real_estate,Rest of Africa,upper_mid,established,2025-07-01,2026-06-30,2026-08-09,30103995.38,207269621.37,237373616.75,0.12682115,0.45824848,2.18222221,False,,SYNTHETIC_SIMULATION,SIMULATED_KNOWN_TRUTH,,False,False,representative-multibank-analog-1.0.0+seed.20260809
DEMO-R0053-payments,DEMO-R0053,DEMO-TEAM-23,Payments,real_estate,Rest of Africa,upper_mid,established,2025-07-01,2026-06-30,2026-08-09,9522790.5,11405815.25,20928605.75,0.45501313,0.45824848,2.18222221,False,,SYNTHETIC_SIMULATION,SIMULATED_KNOWN_TRUTH,,False,False,representative-multibank-analog-1.0.0+seed.20260809
DEMO-R0053-liquidity,DEMO-R0053,DEMO-TEAM-23,Liquidity,real_estate,Rest of Africa,upper_mid,established,2025-07-01,2026-06-30,2026-08-09,17410801.84,49766323.28,67177125.12,0.25917754,0.45824848,2.18222221,False,,SYNTHETIC_SIMULATION,SIMULATED_KNOWN_TRUTH,,False,False,representative-multibank-analog-1.0.0+seed.20260809
DEMO-R0053-fx-fx,DEMO-R0053,DEMO-TEAM-23,Cross-border FX,real_estate,Rest of Africa,upper_mid,established,2025-07-01,2026-06-30,2026-08-09,122993272.21,432996784.24,555990056.45,0.22121488,0.45824848,2.18222221,False,,SYNTHETIC_SIMULATION,SIMULATED_KNOWN_TRUTH,,False,False,representative-multibank-analog-1.0.0+seed.20260809
DEMO-R0053-trade-finance,DEMO-R0053,DEMO-TEAM-23,Trade finance,real_estate,Rest of Africa,upper_mid,established,2025-07-01,2026-06-30,2026-08-09,9350877.49,177666672.29,187017549.78,0.05,0.45824848,2.18222221,False,,SYNTHETIC_SIMULATION,SIMULATED_KNOWN_TRUTH,,False,False,representative-multibank-analog-1.0.0+seed.20260809
DEMO-R0054-collections,DEMO-R0054,DEMO-TEAM-24,Collections,telecoms,Global,upper_mid,established,2025-07-01,2026-06-30,2026-08-09,3136091249.36,7840835670.54,10976926919.9,0.28569847,0.35372873,2.82702508,False,,SYNTHETIC_SIMULATION,SIMULATED_KNOWN_TRUTH,,False,False,representative-multibank-analog-1.0.0+seed.20260809
DEMO-R0054-payments,DEMO-R0054,DEMO-TEAM-24,Payments,telecoms,Global,upper_mid,established,2025-07-01,2026-06-30,2026-08-09,5548441041.69,11962185683.64,17510626725.33,0.31686136,0.35372873,2.82702508,False,,SYNTHETIC_SIMULATION,SIMULATED_KNOWN_TRUTH,,False,False,representative-multibank-analog-1.0.0+seed.20260809
DEMO-R0054-liquidity,DEMO-R0054,DEMO-TEAM-24,Liquidity,telecoms,Global,upper_mid,established,2025-07-01,2026-06-30,2026-08-09,5525990855.55,7891541744.92,13417532600.47,0.41184851,0.35372873,2.82702508,False,,SYNTHETIC_SIMULATION,SIMULATED_KNOWN_TRUTH,,False,False,representative-multibank-analog-1.0.0+seed.20260809
DEMO-R0054-fx-fx,DEMO-R0054,DEMO-TEAM-24,Cross-border FX,telecoms,Global,upper_mid,established,2025-07-01,2026-06-30,2026-08-09,4678665165.04,13034564789.65,17713229954.69,0.26413394,0.35372873,2.82702508,False,,SYNTHETIC_SIMULATION,SIMULATED_KNOWN_TRUTH,,False,False,representative-multibank-analog-1.0.0+seed.20260809
DEMO-R0054-trade-finance,DEMO-R0054,DEMO-TEAM-24,Trade finance,telecoms,Global,upper_mid,established,2025-07-01,2026-06-30,2026-08-09,1806499892.73,12419357669.5,14225857562.23,0.12698706,0.35372873,2.82702508,False,,SYNTHETIC_SIMULATION,SIMULATED_KNOWN_TRUTH,,False,False,representative-multibank-analog-1.0.0+seed.20260809
DEMO-R0055-collections,DEMO-R0055,DEMO-TEAM-25,Collections,mining,Rest of Africa,upper_mid,new,2025-07-01,2026-06-30,2026-08-09,1150635280.89,898977971.17,2049613252.06,0.56139141,0.3283029,3.04596757,False,,SYNTHETIC_SIMULATION,SIMULATED_KNOWN_TRUTH,,False,False,representative-multibank-analog-1.0.0+seed.20260809
DEMO-R0055-payments,DEMO-R0055,DEMO-TEAM-25,Payments,mining,Rest of Africa,upper_mid,new,2025-07-01,2026-06-30,2026-08-09,953085781.15,1611323232.49,2564409013.65,0.37165904,0.3283029,3.04596757,False,,SYNTHETIC_SIMULATION,SIMULATED_KNOWN_TRUTH,,False,False,representative-multibank-analog-1.0.0+seed.20260809
DEMO-R0055-liquidity,DEMO-R0055,DEMO-TEAM-25,Liquidity,mining,Rest of Africa,upper_mid,new,2025-07-01,2026-06-30,2026-08-09,622380868.49,1175713377.6,1798094246.09,0.34613362,0.3283029,3.04596757,False,,SYNTHETIC_SIMULATION,SIMULATED_KNOWN_TRUTH,,False,False,representative-multibank-analog-1.0.0+seed.20260809
DEMO-R0055-fx-fx,DEMO-R0055,DEMO-TEAM-25,Cross-border FX,mining,Rest of Africa,upper_mid,new,2025-07-01,2026-06-30,2026-08-09,2020868837.55,8036718486.78,10057587324.33,0.20092978,0.3283029,3.04596757,False,,SYNTHETIC_SIMULATION,SIMULATED_KNOWN_TRUTH,,False,False,representative-multibank-analog-1.0.0+seed.20260809
DEMO-R0055-trade-finance,DEMO-R0055,DEMO-TEAM-25,Trade finance,mining,Rest of Africa,upper_mid,new,2025-07-01,2026-06-30,2026-08-09,556860568.23,2550726033.27,3107586601.49,0.1791939,0.3283029,3.04596757,False,,SYNTHETIC_SIMULATION,SIMULATED_KNOWN_TRUTH,,False,False,representative-multibank-analog-1.0.0+seed.20260809
DEMO-R0056-collections,DEMO-R0056,DEMO-TEAM-26,Collections,consumer,South Africa,large,developing,2025-07-01,2026-06-30,2026-08-09,9124484605.73,13552290990.28,22676775596.01,0.40237134,0.54328201,1.84066467,False,,SYNTHETIC_SIMULATION,SIMULATED_KNOWN_TRUTH,,False,False,representative-multibank-analog-1.0.0+seed.20260809
DEMO-R0056-payments,DEMO-R0056,DEMO-TEAM-26,Payments,consumer,South Africa,large,developing,2025-07-01,2026-06-30,2026-08-09,22474348504.36,55582334118.09,78056682622.45,0.28792344,0.54328201,1.84066467,False,,SYNTHETIC_SIMULATION,SIMULATED_KNOWN_TRUTH,,False,False,representative-multibank-analog-1.0.0+seed.20260809
DEMO-R0056-liquidity,DEMO-R0056,DEMO-TEAM-26,Liquidity,consumer,South Africa,large,developing,2025-07-01,2026-06-30,2026-08-09,8357928115.16,10698777107.6,19056705222.75,0.43858201,0.54328201,1.84066467,False,,SYNTHETIC_SIMULATION,SIMULATED_KNOWN_TRUTH,,False,False,representative-multibank-analog-1.0.0+seed.20260809
DEMO-R0056-fx-fx,DEMO-R0056,DEMO-TEAM-26,Cross-border FX,consumer,South Africa,large,developing,2025-07-01,2026-06-30,2026-08-09,11386894532.13,19448720620.48,30835615152.62,0.36927736,0.54328201,1.84066467,False,,SYNTHETIC_SIMULATION,SIMULATED_KNOWN_TRUTH,,False,False,representative-multibank-analog-1.0.0+seed.20260809
DEMO-R0056-trade-finance,DEMO-R0056,DEMO-TEAM-26,Trade finance,consumer,South Africa,large,developing,2025-07-01,2026-06-30,2026-08-09,3048991423.6,6570586283.45,9619577707.05,0.31695689,0.54328201,1.84066467,False,,SYNTHETIC_SIMULATION,SIMULATED_KNOWN_TRUTH,,False,False,representative-multibank-analog-1.0.0+seed.20260809
DEMO-R0057-collections,DEMO-R0057,DEMO-TEAM-27,Collections,mining,South Africa,upper_mid,established,2025-07-01,2026-06-30,2026-08-09,1379546551.48,4571714193.57,5951260745.05,0.23180745,0.42027817,2.37937648,False,,SYNTHETIC_SIMULATION,SIMULATED_KNOWN_TRUTH,,False,False,representative-multibank-analog-1.0.0+seed.20260809
DEMO-R0057-payments,DEMO-R0057,DEMO-TEAM-27,Payments,mining,South Africa,upper_mid,established,2025-07-01,2026-06-30,2026-08-09,2754198233.04,11025051621.54,13779249854.57,0.19988013,0.42027817,2.37937648,False,,SYNTHETIC_SIMULATION,SIMULATED_KNOWN_TRUTH,,False,False,representative-multibank-analog-1.0.0+seed.20260809
DEMO-R0057-liquidity,DEMO-R0057,DEMO-TEAM-27,Liquidity,mining,South Africa,upper_mid,established,2025-07-01,2026-06-30,2026-08-09,1567374634.82,4634578826.14,6201953460.95,0.25272273,0.42027817,2.37937648,False,,SYNTHETIC_SIMULATION,SIMULATED_KNOWN_TRUTH,,False,False,representative-multibank-analog-1.0.0+seed.20260809
DEMO-R0057-fx-fx,DEMO-R0057,DEMO-TEAM-27,Cross-border FX,mining,South Africa,upper_mid,established,2025-07-01,2026-06-30,2026-08-09,1640349116.75,4731933596.88,6372282713.63,0.25741939,0.42027817,2.37937648,False,,SYNTHETIC_SIMULATION,SIMULATED_KNOWN_TRUTH,,False,False,representative-multibank-analog-1.0.0+seed.20260809
DEMO-R0057-trade-finance,DEMO-R0057,DEMO-TEAM-27,Trade finance,mining,South Africa,upper_mid,established,2025-07-01,2026-06-30,2026-08-09,688569747.41,1068572422.83,1757142170.24,0.39186912,0.42027817,2.37937648,False,,SYNTHETIC_SIMULATION,SIMULATED_KNOWN_TRUTH,,False,False,representative-multibank-analog-1.0.0+seed.20260809
DEMO-R0058-collections,DEMO-R0058,DEMO-TEAM-28,Collections,consumer,South Africa,upper_mid,developing,2025-07-01,2026-06-30,2026-08-09,4137671075.36,17432384447.67,21570055523.02,0.19182478,0.45208066,2.21199466,False,,SYNTHETIC_SIMULATION,SIMULATED_KNOWN_TRUTH,,False,False,representative-multibank-analog-1.0.0+seed.20260809
DEMO-R0058-payments,DEMO-R0058,DEMO-TEAM-28,Payments,consumer,South Africa,upper_mid,developing,2025-07-01,2026-06-30,2026-08-09,3496535163.4,3241518715.07,6738053878.47,0.5189236,0.45208066,2.21199466,False,,SYNTHETIC_SIMULATION,SIMULATED_KNOWN_TRUTH,,False,False,representative-multibank-analog-1.0.0+seed.20260809
DEMO-R0058-liquidity,DEMO-R0058,DEMO-TEAM-28,Liquidity,consumer,South Africa,upper_mid,developing,2025-07-01,2026-06-30,2026-08-09,6488341421.58,14254668273.3,20743009694.89,0.31279653,0.45208066,2.21199466,False,,SYNTHETIC_SIMULATION,SIMULATED_KNOWN_TRUTH,,False,False,representative-multibank-analog-1.0.0+seed.20260809
DEMO-R0058-fx-fx,DEMO-R0058,DEMO-TEAM-28,Cross-border FX,consumer,South Africa,upper_mid,developing,2025-07-01,2026-06-30,2026-08-09,7408617816.03,14664507034.52,22073124850.54,0.33563974,0.45208066,2.21199466,False,,SYNTHETIC_SIMULATION,SIMULATED_KNOWN_TRUTH,,False,False,representative-multibank-analog-1.0.0+seed.20260809
DEMO-R0058-trade-finance,DEMO-R0058,DEMO-TEAM-28,Trade finance,consumer,South Africa,upper_mid,developing,2025-07-01,2026-06-30,2026-08-09,1225774556.25,5696072988.13,6921847544.38,0.17708777,0.45208066,2.21199466,False,,SYNTHETIC_SIMULATION,SIMULATED_KNOWN_TRUTH,,False,False,representative-multibank-analog-1.0.0+seed.20260809
DEMO-R0059-collections,DEMO-R0059,DEMO-TEAM-29,Collections,mining,Global,upper_mid,developing,2025-07-01,2026-06-30,2026-08-09,792381201.12,1260570919.41,2052952120.53,0.38597159,0.38979978,2.56541958,False,,SYNTHETIC_SIMULATION,SIMULATED_KNOWN_TRUTH,,False,False,representative-multibank-analog-1.0.0+seed.20260809
DEMO-R0059-payments,DEMO-R0059,DEMO-TEAM-29,Payments,mining,Global,upper_mid,developing,2025-07-01,2026-06-30,2026-08-09,1574775994.54,2921744921.4,4496520915.94,0.35022099,0.38979978,2.56541958,False,,SYNTHETIC_SIMULATION,SIMULATED_KNOWN_TRUTH,,False,False,representative-multibank-analog-1.0.0+seed.20260809
DEMO-R0059-liquidity,DEMO-R0059,DEMO-TEAM-29,Liquidity,mining,Global,upper_mid,developing,2025-07-01,2026-06-30,2026-08-09,2143026776.21,2510410559.87,4653437336.08,0.46052555,0.38979978,2.56541958,False,,SYNTHETIC_SIMULATION,SIMULATED_KNOWN_TRUTH,,False,False,representative-multibank-analog-1.0.0+seed.20260809
DEMO-R0059-fx-fx,DEMO-R0059,DEMO-TEAM-29,Cross-border FX,mining,Global,upper_mid,developing,2025-07-01,2026-06-30,2026-08-09,379793422.9,448672685.8,828466108.7,0.45842964,0.38979978,2.56541958,False,,SYNTHETIC_SIMULATION,SIMULATED_KNOWN_TRUTH,,False,False,representative-multibank-analog-1.0.0+seed.20260809
DEMO-R0059-trade-finance,DEMO-R0059,DEMO-TEAM-29,Trade finance,mining,Global,upper_mid,developing,2025-07-01,2026-06-30,2026-08-09,418724919.6,3514731579.85,3933456499.45,0.10645215,0.38979978,2.56541958,False,,SYNTHETIC_SIMULATION,SIMULATED_KNOWN_TRUTH,,False,False,representative-multibank-analog-1.0.0+seed.20260809
DEMO-R0060-collections,DEMO-R0060,DEMO-TEAM-30,Collections,consumer,South Africa,mid,developing,2025-07-01,2026-06-30,2026-08-09,903886389.36,3891350071.45,4795236460.82,0.18849673,0.35722614,2.79934722,False,,SYNTHETIC_SIMULATION,SIMULATED_KNOWN_TRUTH,,False,False,representative-multibank-analog-1.0.0+seed.20260809
DEMO-R0060-payments,DEMO-R0060,DEMO-TEAM-30,Payments,consumer,South Africa,mid,developing,2025-07-01,2026-06-30,2026-08-09,4855278344.93,11280692181.67,16135970526.6,0.30089782,0.35722614,2.79934722,False,,SYNTHETIC_SIMULATION,SIMULATED_KNOWN_TRUTH,,False,False,representative-multibank-analog-1.0.0+seed.20260809
DEMO-R0060-liquidity,DEMO-R0060,DEMO-TEAM-30,Liquidity,consumer,South Africa,mid,developing,2025-07-01,2026-06-30,2026-08-09,3202151712.85,24824713997.87,28026865710.72,0.11425294,0.35722614,2.79934722,False,,SYNTHETIC_SIMULATION,SIMULATED_KNOWN_TRUTH,,False,False,representative-multibank-analog-1.0.0+seed.20260809
DEMO-R0060-fx-fx,DEMO-R0060,DEMO-TEAM-30,Cross-border FX,consumer,South Africa,mid,developing,2025-07-01,2026-06-30,2026-08-09,3211547672.31,2921926251.81,6133473924.12,0.5236099,0.35722614,2.79934722,False,,SYNTHETIC_SIMULATION,SIMULATED_KNOWN_TRUTH,,False,False,representative-multibank-analog-1.0.0+seed.20260809
DEMO-R0060-trade-finance,DEMO-R0060,DEMO-TEAM-30,Trade finance,consumer,South Africa,mid,developing,2025-07-01,2026-06-30,2026-08-09,615108671.23,1864016143.1,2479124814.33,0.24811525,0.35722614,2.79934722,False,,SYNTHETIC_SIMULATION,SIMULATED_KNOWN_TRUTH,,False,False,representative-multibank-analog-1.0.0+seed.20260809
DEMO-R0061-collections,DEMO-R0061,DEMO-TEAM-01,Collections,consumer,Rest of Africa,large,developing,2025-07-01,2026-06-30,2026-08-09,3127449032.5,5128238783.08,8255687815.57,0.37882356,0.52985862,1.88729592,False,,SYNTHETIC_SIMULATION,SIMULATED_KNOWN_TRUTH,,False,False,representative-multibank-analog-1.0.0+seed.20260809
DEMO-R0061-payments,DEMO-R0061,DEMO-TEAM-01,Payments,consumer,Rest of Africa,large,developing,2025-07-01,2026-06-30,2026-08-09,43552699420.2,165688519968.05,209241219388.25,0.20814589,0.52985862,1.88729592,False,,SYNTHETIC_SIMULATION,SIMULATED_KNOWN_TRUTH,,False,False,representative-multibank-analog-1.0.0+seed.20260809
DEMO-R0061-liquidity,DEMO-R0061,DEMO-TEAM-01,Liquidity,consumer,Rest of Africa,large,developing,2025-07-01,2026-06-30,2026-08-09,13937725526.18,176997814470.62,190935539996.8,0.07299702,0.52985862,1.88729592,False,,SYNTHETIC_SIMULATION,SIMULATED_KNOWN_TRUTH,,False,False,representative-multibank-analog-1.0.0+seed.20260809
DEMO-R0061-fx-fx,DEMO-R0061,DEMO-TEAM-01,Cross-border FX,consumer,Rest of Africa,large,developing,2025-07-01,2026-06-30,2026-08-09,9538773818.48,28101615420.46,37640389238.94,0.25341858,0.52985862,1.88729592,False,,SYNTHETIC_SIMULATION,SIMULATED_KNOWN_TRUTH,,False,False,representative-multibank-analog-1.0.0+seed.20260809
DEMO-R0061-trade-finance,DEMO-R0061,DEMO-TEAM-01,Trade finance,consumer,Rest of Africa,large,developing,2025-07-01,2026-06-30,2026-08-09,6322678751.3,15878411555.97,22201090307.27,0.28479136,0.52985862,1.88729592,False,,SYNTHETIC_SIMULATION,SIMULATED_KNOWN_TRUTH,,False,False,representative-multibank-analog-1.0.0+seed.20260809
DEMO-R0062-collections,DEMO-R0062,DEMO-TEAM-02,Collections,real_estate,South Africa,large,developing,2025-07-01,2026-06-30,2026-08-09,31038705.76,99649224.21,130687929.98,0.23750247,0.51548524,1.93991977,False,,SYNTHETIC_SIMULATION,SIMULATED_KNOWN_TRUTH,,False,False,representative-multibank-analog-1.0.0+seed.20260809
DEMO-R0062-payments,DEMO-R0062,DEMO-TEAM-02,Payments,real_estate,South Africa,large,developing,2025-07-01,2026-06-30,2026-08-09,30627833.6,76590843.84,107218677.44,0.28565763,0.51548524,1.93991977,False,,SYNTHETIC_SIMULATION,SIMULATED_KNOWN_TRUTH,,False,False,representative-multibank-analog-1.0.0+seed.20260809
DEMO-R0062-liquidity,DEMO-R0062,DEMO-TEAM-02,Liquidity,real_estate,South Africa,large,developing,2025-07-01,2026-06-30,2026-08-09,20903199.83,106031561.07,126934760.89,0.16467672,0.51548524,1.93991977,False,,SYNTHETIC_SIMULATION,SIMULATED_KNOWN_TRUTH,,False,False,representative-multibank-analog-1.0.0+seed.20260809
DEMO-R0062-fx-fx,DEMO-R0062,DEMO-TEAM-02,Cross-border FX,real_estate,South Africa,large,developing,2025-07-01,2026-06-30,2026-08-09,284641644.17,580848908.3,865490552.46,0.32887897,0.51548524,1.93991977,False,,SYNTHETIC_SIMULATION,SIMULATED_KNOWN_TRUTH,,False,False,representative-multibank-analog-1.0.0+seed.20260809
DEMO-R0062-trade-finance,DEMO-R0062,DEMO-TEAM-02,Trade finance,real_estate,South Africa,large,developing,2025-07-01,2026-06-30,2026-08-09,4340274.62,21209870.42,25550145.04,0.1698728,0.51548524,1.93991977,False,,SYNTHETIC_SIMULATION,SIMULATED_KNOWN_TRUTH,,False,False,representative-multibank-analog-1.0.0+seed.20260809
DEMO-R0063-collections,DEMO-R0063,DEMO-TEAM-03,Collections,consumer,Rest of Africa,large,established,2025-07-01,2026-06-30,2026-08-09,7565201593.85,11754974664.41,19320176258.26,0.39157001,0.51341556,1.94773995,False,,SYNTHETIC_SIMULATION,SIMULATED_KNOWN_TRUTH,,False,False,representative-multibank-analog-1.0.0+seed.20260809
DEMO-R0063-payments,DEMO-R0063,DEMO-TEAM-03,Payments,consumer,Rest of Africa,large,established,2025-07-01,2026-06-30,2026-08-09,13953619451.31,84082146585.18,98035766036.49,0.14233193,0.51341556,1.94773995,False,,SYNTHETIC_SIMULATION,SIMULATED_KNOWN_TRUTH,,False,False,representative-multibank-analog-1.0.0+seed.20260809
DEMO-R0063-liquidity,DEMO-R0063,DEMO-TEAM-03,Liquidity,consumer,Rest of Africa,large,established,2025-07-01,2026-06-30,2026-08-09,35943957414.37,212828879130.44,248772836544.81,0.14448506,0.51341556,1.94773995,False,,SYNTHETIC_SIMULATION,SIMULATED_KNOWN_TRUTH,,False,False,representative-multibank-analog-1.0.0+seed.20260809
DEMO-R0063-fx-fx,DEMO-R0063,DEMO-TEAM-03,Cross-border FX,consumer,Rest of Africa,large,established,2025-07-01,2026-06-30,2026-08-09,8822754796.82,15759985600.09,24582740396.92,0.35890038,0.51341556,1.94773995,False,,SYNTHETIC_SIMULATION,SIMULATED_KNOWN_TRUTH,,False,False,representative-multibank-analog-1.0.0+seed.20260809
DEMO-R0063-trade-finance,DEMO-R0063,DEMO-TEAM-03,Trade finance,consumer,Rest of Africa,large,established,2025-07-01,2026-06-30,2026-08-09,2994074529.55,3933143550.98,6927218080.52,0.43221889,0.51341556,1.94773995,False,,SYNTHETIC_SIMULATION,SIMULATED_KNOWN_TRUTH,,False,False,representative-multibank-analog-1.0.0+seed.20260809
DEMO-R0064-collections,DEMO-R0064,DEMO-TEAM-04,Collections,telecoms,Global,large,developing,2025-07-01,2026-06-30,2026-08-09,2524998491.62,6277816674.14,8802815165.76,0.28683989,0.48792776,2.04948371,False,,SYNTHETIC_SIMULATION,SIMULATED_KNOWN_TRUTH,,False,False,representative-multibank-analog-1.0.0+seed.20260809
DEMO-R0064-payments,DEMO-R0064,DEMO-TEAM-04,Payments,telecoms,Global,large,developing,2025-07-01,2026-06-30,2026-08-09,10287701189.82,9311100246.87,19598801436.7,0.52491481,0.48792776,2.04948371,False,,SYNTHETIC_SIMULATION,SIMULATED_KNOWN_TRUTH,,False,False,representative-multibank-analog-1.0.0+seed.20260809
DEMO-R0064-liquidity,DEMO-R0064,DEMO-TEAM-04,Liquidity,telecoms,Global,large,developing,2025-07-01,2026-06-30,2026-08-09,7204191355.53,7946226261.42,15150417616.95,0.47551107,0.48792776,2.04948371,False,,SYNTHETIC_SIMULATION,SIMULATED_KNOWN_TRUTH,,False,False,representative-multibank-analog-1.0.0+seed.20260809
DEMO-R0064-fx-fx,DEMO-R0064,DEMO-TEAM-04,Cross-border FX,telecoms,Global,large,developing,2025-07-01,2026-06-30,2026-08-09,17675281632.97,66789056243.11,84464337876.08,0.20926325,0.48792776,2.04948371,False,,SYNTHETIC_SIMULATION,SIMULATED_KNOWN_TRUTH,,False,False,representative-multibank-analog-1.0.0+seed.20260809
DEMO-R0064-trade-finance,DEMO-R0064,DEMO-TEAM-04,Trade finance,telecoms,Global,large,developing,2025-07-01,2026-06-30,2026-08-09,1216905584.39,10485063807.06,11701969391.44,0.10399152,0.48792776,2.04948371,False,,SYNTHETIC_SIMULATION,SIMULATED_KNOWN_TRUTH,,False,False,representative-multibank-analog-1.0.0+seed.20260809
DEMO-R0065-collections,DEMO-R0065,DEMO-TEAM-05,Collections,telecoms,SADC,mid,established,2025-07-01,2026-06-30,2026-08-09,599991676.7,1313622034.78,1913613711.48,0.31353855,0.30556768,3.27259741,False,,SYNTHETIC_SIMULATION,SIMULATED_KNOWN_TRUTH,,False,False,representative-multibank-analog-1.0.0+seed.20260809
DEMO-R0065-payments,DEMO-R0065,DEMO-TEAM-05,Payments,telecoms,SADC,mid,established,2025-07-01,2026-06-30,2026-08-09,1528732602.9,6808807703.05,8337540305.94,0.18335535,0.30556768,3.27259741,False,,SYNTHETIC_SIMULATION,SIMULATED_KNOWN_TRUTH,,False,False,representative-multibank-analog-1.0.0+seed.20260809
DEMO-R0065-liquidity,DEMO-R0065,DEMO-TEAM-05,Liquidity,telecoms,SADC,mid,established,2025-07-01,2026-06-30,2026-08-09,1880999894.98,7740822177.84,9621822072.82,0.19549311,0.30556768,3.27259741,False,,SYNTHETIC_SIMULATION,SIMULATED_KNOWN_TRUTH,,False,False,representative-multibank-analog-1.0.0+seed.20260809
DEMO-R0065-fx-fx,DEMO-R0065,DEMO-TEAM-05,Cross-border FX,telecoms,SADC,mid,established,2025-07-01,2026-06-30,2026-08-09,2858043321.61,5294214177.38,8152257498.99,0.35058305,0.30556768,3.27259741,False,,SYNTHETIC_SIMULATION,SIMULATED_KNOWN_TRUTH,,False,False,representative-multibank-analog-1.0.0+seed.20260809
DEMO-R0065-trade-finance,DEMO-R0065,DEMO-TEAM-05,Trade finance,telecoms,SADC,mid,established,2025-07-01,2026-06-30,2026-08-09,574868915.41,1569254896.07,2144123811.48,0.26811368,0.30556768,3.27259741,False,,SYNTHETIC_SIMULATION,SIMULATED_KNOWN_TRUTH,,False,False,representative-multibank-analog-1.0.0+seed.20260809
DEMO-R0066-collections,DEMO-R0066,DEMO-TEAM-06,Collections,telecoms,South Africa,upper_mid,established,2025-07-01,2026-06-30,2026-08-09,1598285712.17,5479757588.4,7078043300.57,0.22580898,0.36888967,2.71083763,False,,SYNTHETIC_SIMULATION,SIMULATED_KNOWN_TRUTH,,False,False,representative-multibank-analog-1.0.0+seed.20260809
DEMO-R0066-payments,DEMO-R0066,DEMO-TEAM-06,Payments,telecoms,South Africa,upper_mid,established,2025-07-01,2026-06-30,2026-08-09,14397212365.29,23653175575.32,38050387940.6,0.37837229,0.36888967,2.71083763,False,,SYNTHETIC_SIMULATION,SIMULATED_KNOWN_TRUTH,,False,False,representative-multibank-analog-1.0.0+seed.20260809
DEMO-R0066-liquidity,DEMO-R0066,DEMO-TEAM-06,Liquidity,telecoms,South Africa,upper_mid,established,2025-07-01,2026-06-30,2026-08-09,1239913581.25,2807473512.6,4047387093.84,0.30634915,0.36888967,2.71083763,False,,SYNTHETIC_SIMULATION,SIMULATED_KNOWN_TRUTH,,False,False,representative-multibank-analog-1.0.0+seed.20260809
DEMO-R0066-fx-fx,DEMO-R0066,DEMO-TEAM-06,Cross-border FX,telecoms,South Africa,upper_mid,established,2025-07-01,2026-06-30,2026-08-09,4216882759.24,38619260747.88,42836143507.12,0.09844217,0.36888967,2.71083763,False,,SYNTHETIC_SIMULATION,SIMULATED_KNOWN_TRUTH,,False,False,representative-multibank-analog-1.0.0+seed.20260809
DEMO-R0066-trade-finance,DEMO-R0066,DEMO-TEAM-06,Trade finance,telecoms,South Africa,upper_mid,established,2025-07-01,2026-06-30,2026-08-09,757749245.11,3805767113.51,4563516358.62,0.16604504,0.36888967,2.71083763,False,,SYNTHETIC_SIMULATION,SIMULATED_KNOWN_TRUTH,,False,False,representative-multibank-analog-1.0.0+seed.20260809
DEMO-R0067-collections,DEMO-R0067,DEMO-TEAM-07,Collections,mining,Rest of Africa,upper_mid,new,2025-07-01,2026-06-30,2026-08-09,1981841048.8,8704901507.76,10686742556.55,0.18544856,0.36001891,2.77763187,False,,SYNTHETIC_SIMULATION,SIMULATED_KNOWN_TRUTH,,False,False,representative-multibank-analog-1.0.0+seed.20260809
DEMO-R0067-payments,DEMO-R0067,DEMO-TEAM-07,Payments,mining,Rest of Africa,upper_mid,new,2025-07-01,2026-06-30,2026-08-09,2675140932.02,4251845266.47,6926986198.49,0.38619117,0.36001891,2.77763187,False,,SYNTHETIC_SIMULATION,SIMULATED_KNOWN_TRUTH,,False,False,representative-multibank-analog-1.0.0+seed.20260809
DEMO-R0067-liquidity,DEMO-R0067,DEMO-TEAM-07,Liquidity,mining,Rest of Africa,upper_mid,new,2025-07-01,2026-06-30,2026-08-09,1095811313.62,1545672915.23,2641484228.85,0.41484681,0.36001891,2.77763187,False,,SYNTHETIC_SIMULATION,SIMULATED_KNOWN_TRUTH,,False,False,representative-multibank-analog-1.0.0+seed.20260809
DEMO-R0067-fx-fx,DEMO-R0067,DEMO-TEAM-07,Cross-border FX,mining,Rest of Africa,upper_mid,new,2025-07-01,2026-06-30,2026-08-09,351718095.94,1551445413.27,1903163509.21,0.18480708,0.36001891,2.77763187,False,,SYNTHETIC_SIMULATION,SIMULATED_KNOWN_TRUTH,,False,False,representative-multibank-analog-1.0.0+seed.20260809
DEMO-R0067-trade-finance,DEMO-R0067,DEMO-TEAM-07,Trade finance,mining,Rest of Africa,upper_mid,new,2025-07-01,2026-06-30,2026-08-09,465175731.11,1280951485.94,1746127217.04,0.26640426,0.36001891,2.77763187,False,,SYNTHETIC_SIMULATION,SIMULATED_KNOWN_TRUTH,,False,False,representative-multibank-analog-1.0.0+seed.20260809
DEMO-R0068-collections,DEMO-R0068,DEMO-TEAM-08,Collections,tech,South Africa,upper_mid,established,2025-07-01,2026-06-30,2026-08-09,705946477.15,1638195782.21,2344142259.37,0.30115343,0.38716865,2.58285372,False,,SYNTHETIC_SIMULATION,SIMULATED_KNOWN_TRUTH,,False,False,representative-multibank-analog-1.0.0+seed.20260809
DEMO-R0068-payments,DEMO-R0068,DEMO-TEAM-08,Payments,tech,South Africa,upper_mid,established,2025-07-01,2026-06-30,2026-08-09,707885246.42,1023908545.95,1731793792.37,0.40875839,0.38716865,2.58285372,False,,SYNTHETIC_SIMULATION,SIMULATED_KNOWN_TRUTH,,False,False,representative-multibank-analog-1.0.0+seed.20260809
DEMO-R0068-liquidity,DEMO-R0068,DEMO-TEAM-08,Liquidity,tech,South Africa,upper_mid,established,2025-07-01,2026-06-30,2026-08-09,998809841.35,2079132578.66,3077942420.02,0.32450569,0.38716865,2.58285372,False,,SYNTHETIC_SIMULATION,SIMULATED_KNOWN_TRUTH,,False,False,representative-multibank-analog-1.0.0+seed.20260809
DEMO-R0068-fx-fx,DEMO-R0068,DEMO-TEAM-08,Cross-border FX,tech,South Africa,upper_mid,established,2025-07-01,2026-06-30,2026-08-09,1959117370.53,7058004404.16,9017121774.69,0.21726638,0.38716865,2.58285372,False,,SYNTHETIC_SIMULATION,SIMULATED_KNOWN_TRUTH,,False,False,representative-multibank-analog-1.0.0+seed.20260809
DEMO-R0068-trade-finance,DEMO-R0068,DEMO-TEAM-08,Trade finance,tech,South Africa,upper_mid,established,2025-07-01,2026-06-30,2026-08-09,52264366.96,265751589.13,318015956.09,0.16434511,0.38716865,2.58285372,False,,SYNTHETIC_SIMULATION,SIMULATED_KNOWN_TRUTH,,False,False,representative-multibank-analog-1.0.0+seed.20260809
DEMO-R0069-collections,DEMO-R0069,DEMO-TEAM-09,Collections,consumer,Global,upper_mid,new,2025-07-01,2026-06-30,2026-08-09,1179083106.1,1385265787.13,2564348893.23,0.45979824,0.3785176,2.64188505,False,,SYNTHETIC_SIMULATION,SIMULATED_KNOWN_TRUTH,,False,False,representative-multibank-analog-1.0.0+seed.20260809
DEMO-R0069-payments,DEMO-R0069,DEMO-TEAM-09,Payments,consumer,Global,upper_mid,new,2025-07-01,2026-06-30,2026-08-09,6096837829.14,8537321174.89,14634159004.03,0.41661689,0.3785176,2.64188505,False,,SYNTHETIC_SIMULATION,SIMULATED_KNOWN_TRUTH,,False,False,representative-multibank-analog-1.0.0+seed.20260809
DEMO-R0069-liquidity,DEMO-R0069,DEMO-TEAM-09,Liquidity,consumer,Global,upper_mid,new,2025-07-01,2026-06-30,2026-08-09,4147824287.2,17649572205.12,21797396492.32,0.19028989,0.3785176,2.64188505,False,,SYNTHETIC_SIMULATION,SIMULATED_KNOWN_TRUTH,,False,False,representative-multibank-analog-1.0.0+seed.20260809
DEMO-R0069-fx-fx,DEMO-R0069,DEMO-TEAM-09,Cross-border FX,consumer,Global,upper_mid,new,2025-07-01,2026-06-30,2026-08-09,6243877648.02,80173460031.07,86417337679.1,0.0722526,0.3785176,2.64188505,False,,SYNTHETIC_SIMULATION,SIMULATED_KNOWN_TRUTH,,False,False,representative-multibank-analog-1.0.0+seed.20260809
DEMO-R0069-trade-finance,DEMO-R0069,DEMO-TEAM-09,Trade finance,consumer,Global,upper_mid,new,2025-07-01,2026-06-30,2026-08-09,894039529.34,3922833190.15,4816872719.49,0.1856058,0.3785176,2.64188505,False,,SYNTHETIC_SIMULATION,SIMULATED_KNOWN_TRUTH,,False,False,representative-multibank-analog-1.0.0+seed.20260809
DEMO-R0070-collections,DEMO-R0070,DEMO-TEAM-10,Collections,real_estate,South Africa,large,established,2025-07-01,2026-06-30,2026-08-09,35333367.65,72778252.25,108111619.9,0.32682303,0.54433409,1.83710705,False,,SYNTHETIC_SIMULATION,SIMULATED_KNOWN_TRUTH,,False,False,representative-multibank-analog-1.0.0+seed.20260809
DEMO-R0070-payments,DEMO-R0070,DEMO-TEAM-10,Payments,real_estate,South Africa,large,established,2025-07-01,2026-06-30,2026-08-09,71718403.23,194435812.0,266154215.24,0.26946184,0.54433409,1.83710705,False,,SYNTHETIC_SIMULATION,SIMULATED_KNOWN_TRUTH,,False,False,representative-multibank-analog-1.0.0+seed.20260809
DEMO-R0070-liquidity,DEMO-R0070,DEMO-TEAM-10,Liquidity,real_estate,South Africa,large,established,2025-07-01,2026-06-30,2026-08-09,25619741.31,64642261.85,90262003.16,0.2838375,0.54433409,1.83710705,False,,SYNTHETIC_SIMULATION,SIMULATED_KNOWN_TRUTH,,False,False,representative-multibank-analog-1.0.0+seed.20260809
DEMO-R0070-fx-fx,DEMO-R0070,DEMO-TEAM-10,Cross-border FX,real_estate,South Africa,large,established,2025-07-01,2026-06-30,2026-08-09,1258340155.26,8402703949.78,9661044105.04,0.13024888,0.54433409,1.83710705,False,,SYNTHETIC_SIMULATION,SIMULATED_KNOWN_TRUTH,,False,False,representative-multibank-analog-1.0.0+seed.20260809
DEMO-R0070-trade-finance,DEMO-R0070,DEMO-TEAM-10,Trade finance,real_estate,South Africa,large,established,2025-07-01,2026-06-30,2026-08-09,22876433.67,232906456.07,255782889.74,0.08943692,0.54433409,1.83710705,False,,SYNTHETIC_SIMULATION,SIMULATED_KNOWN_TRUTH,,False,False,representative-multibank-analog-1.0.0+seed.20260809
DEMO-R0071-collections,DEMO-R0071,DEMO-TEAM-11,Collections,industrials_pharma,South Africa,large,developing,2025-07-01,2026-06-30,2026-08-09,1657437020.13,2169111983.11,3826549003.24,0.43314146,0.53661258,1.86354185,False,,SYNTHETIC_SIMULATION,SIMULATED_KNOWN_TRUTH,,False,False,representative-multibank-analog-1.0.0+seed.20260809
DEMO-R0071-payments,DEMO-R0071,DEMO-TEAM-11,Payments,industrials_pharma,South Africa,large,developing,2025-07-01,2026-06-30,2026-08-09,4149611000.46,15411459351.46,19561070351.92,0.21213619,0.53661258,1.86354185,False,,SYNTHETIC_SIMULATION,SIMULATED_KNOWN_TRUTH,,False,False,representative-multibank-analog-1.0.0+seed.20260809
DEMO-R0071-liquidity,DEMO-R0071,DEMO-TEAM-11,Liquidity,industrials_pharma,South Africa,large,developing,2025-07-01,2026-06-30,2026-08-09,7979120198.49,11644551456.99,19623671655.47,0.40660689,0.53661258,1.86354185,False,,SYNTHETIC_SIMULATION,SIMULATED_KNOWN_TRUTH,,False,False,representative-multibank-analog-1.0.0+seed.20260809
DEMO-R0071-fx-fx,DEMO-R0071,DEMO-TEAM-11,Cross-border FX,industrials_pharma,South Africa,large,developing,2025-07-01,2026-06-30,2026-08-09,2466813003.16,6788393736.5,9255206739.67,0.26653246,0.53661258,1.86354185,False,,SYNTHETIC_SIMULATION,SIMULATED_KNOWN_TRUTH,,False,False,representative-multibank-analog-1.0.0+seed.20260809
DEMO-R0071-trade-finance,DEMO-R0071,DEMO-TEAM-11,Trade finance,industrials_pharma,South Africa,large,developing,2025-07-01,2026-06-30,2026-08-09,1214774864.03,14289585815.48,15504360679.51,0.07835053,0.53661258,1.86354185,False,,SYNTHETIC_SIMULATION,SIMULATED_KNOWN_TRUTH,,False,False,representative-multibank-analog-1.0.0+seed.20260809
DEMO-R0072-collections,DEMO-R0072,DEMO-TEAM-12,Collections,industrials_pharma,South Africa,mid,established,2025-07-01,2026-06-30,2026-08-09,566517161.57,929129594.35,1495646755.92,0.37877738,0.36198723,2.76252842,False,,SYNTHETIC_SIMULATION,SIMULATED_KNOWN_TRUTH,,False,False,representative-multibank-analog-1.0.0+seed.20260809
DEMO-R0072-payments,DEMO-R0072,DEMO-TEAM-12,Payments,industrials_pharma,South Africa,mid,established,2025-07-01,2026-06-30,2026-08-09,1490141265.01,1841385012.07,3331526277.08,0.44728486,0.36198723,2.76252842,False,,SYNTHETIC_SIMULATION,SIMULATED_KNOWN_TRUTH,,False,False,representative-multibank-analog-1.0.0+seed.20260809
DEMO-R0072-liquidity,DEMO-R0072,DEMO-TEAM-12,Liquidity,industrials_pharma,South Africa,mid,established,2025-07-01,2026-06-30,2026-08-09,723421930.55,993466337.41,1716888267.97,0.42135644,0.36198723,2.76252842,False,,SYNTHETIC_SIMULATION,SIMULATED_KNOWN_TRUTH,,False,False,representative-multibank-analog-1.0.0+seed.20260809
DEMO-R0072-fx-fx,DEMO-R0072,DEMO-TEAM-12,Cross-border FX,industrials_pharma,South Africa,mid,established,2025-07-01,2026-06-30,2026-08-09,913171727.6,3568850463.58,4482022191.18,0.20374101,0.36198723,2.76252842,False,,SYNTHETIC_SIMULATION,SIMULATED_KNOWN_TRUTH,,False,False,representative-multibank-analog-1.0.0+seed.20260809
DEMO-R0072-trade-finance,DEMO-R0072,DEMO-TEAM-12,Trade finance,industrials_pharma,South Africa,mid,established,2025-07-01,2026-06-30,2026-08-09,974589352.35,3553630679.9,4528220032.26,0.21522571,0.36198723,2.76252842,False,,SYNTHETIC_SIMULATION,SIMULATED_KNOWN_TRUTH,,False,False,representative-multibank-analog-1.0.0+seed.20260809
DEMO-R0073-collections,DEMO-R0073,DEMO-TEAM-13,Collections,mining,South Africa,upper_mid,developing,2025-07-01,2026-06-30,2026-08-09,1964216489.81,2870130833.26,4834347323.07,0.40630438,0.36247632,2.75880087,False,,SYNTHETIC_SIMULATION,SIMULATED_KNOWN_TRUTH,,False,False,representative-multibank-analog-1.0.0+seed.20260809
DEMO-R0073-payments,DEMO-R0073,DEMO-TEAM-13,Payments,mining,South Africa,upper_mid,developing,2025-07-01,2026-06-30,2026-08-09,1714316364.23,4383627163.24,6097943527.48,0.28113025,0.36247632,2.75880087,False,,SYNTHETIC_SIMULATION,SIMULATED_KNOWN_TRUTH,,False,False,representative-multibank-analog-1.0.0+seed.20260809
DEMO-R0073-liquidity,DEMO-R0073,DEMO-TEAM-13,Liquidity,mining,South Africa,upper_mid,developing,2025-07-01,2026-06-30,2026-08-09,2205916773.11,2850333051.91,5056249825.02,0.43627527,0.36247632,2.75880087,False,,SYNTHETIC_SIMULATION,SIMULATED_KNOWN_TRUTH,,False,False,representative-multibank-analog-1.0.0+seed.20260809
DEMO-R0073-fx-fx,DEMO-R0073,DEMO-TEAM-13,Cross-border FX,mining,South Africa,upper_mid,developing,2025-07-01,2026-06-30,2026-08-09,1548632771.19,2310461311.88,3859094083.07,0.40129438,0.36247632,2.75880087,False,,SYNTHETIC_SIMULATION,SIMULATED_KNOWN_TRUTH,,False,False,representative-multibank-analog-1.0.0+seed.20260809
DEMO-R0073-trade-finance,DEMO-R0073,DEMO-TEAM-13,Trade finance,mining,South Africa,upper_mid,developing,2025-07-01,2026-06-30,2026-08-09,1045753365.76,4663093996.74,5708847362.5,0.18318117,0.36247632,2.75880087,False,,SYNTHETIC_SIMULATION,SIMULATED_KNOWN_TRUTH,,False,False,representative-multibank-analog-1.0.0+seed.20260809
DEMO-R0074-collections,DEMO-R0074,DEMO-TEAM-14,Collections,consumer,South Africa,upper_mid,developing,2025-07-01,2026-06-30,2026-08-09,6301588246.78,8477282638.7,14778870885.48,0.42639172,0.45042578,2.22012157,False,,SYNTHETIC_SIMULATION,SIMULATED_KNOWN_TRUTH,,False,False,representative-multibank-analog-1.0.0+seed.20260809
DEMO-R0074-payments,DEMO-R0074,DEMO-TEAM-14,Payments,consumer,South Africa,upper_mid,developing,2025-07-01,2026-06-30,2026-08-09,6334375768.66,26770423450.86,33104799219.52,0.19134313,0.45042578,2.22012157,False,,SYNTHETIC_SIMULATION,SIMULATED_KNOWN_TRUTH,,False,False,representative-multibank-analog-1.0.0+seed.20260809
DEMO-R0074-liquidity,DEMO-R0074,DEMO-TEAM-14,Liquidity,consumer,South Africa,upper_mid,developing,2025-07-01,2026-06-30,2026-08-09,3753606041.27,18992167554.15,22745773595.42,0.16502433,0.45042578,2.22012157,False,,SYNTHETIC_SIMULATION,SIMULATED_KNOWN_TRUTH,,False,False,representative-multibank-analog-1.0.0+seed.20260809
DEMO-R0074-fx-fx,DEMO-R0074,DEMO-TEAM-14,Cross-border FX,consumer,South Africa,upper_mid,developing,2025-07-01,2026-06-30,2026-08-09,6300529736.86,29783412426.75,36083942163.61,0.17460758,0.45042578,2.22012157,False,,SYNTHETIC_SIMULATION,SIMULATED_KNOWN_TRUTH,,False,False,representative-multibank-analog-1.0.0+seed.20260809
DEMO-R0074-trade-finance,DEMO-R0074,DEMO-TEAM-14,Trade finance,consumer,South Africa,upper_mid,developing,2025-07-01,2026-06-30,2026-08-09,1159219944.7,4637007692.73,5796227637.43,0.19999559,0.45042578,2.22012157,False,,SYNTHETIC_SIMULATION,SIMULATED_KNOWN_TRUTH,,False,False,representative-multibank-analog-1.0.0+seed.20260809
DEMO-R0075-collections,DEMO-R0075,DEMO-TEAM-15,Collections,mining,South Africa,mid,new,2025-07-01,2026-06-30,2026-08-09,694805664.41,2232276529.27,2927082193.68,0.23737142,0.30698438,3.25749471,False,,SYNTHETIC_SIMULATION,SIMULATED_KNOWN_TRUTH,,False,False,representative-multibank-analog-1.0.0+seed.20260809
DEMO-R0075-payments,DEMO-R0075,DEMO-TEAM-15,Payments,mining,South Africa,mid,new,2025-07-01,2026-06-30,2026-08-09,300430331.8,1349371807.23,1649802139.03,0.18210083,0.30698438,3.25749471,False,,SYNTHETIC_SIMULATION,SIMULATED_KNOWN_TRUTH,,False,False,representative-multibank-analog-1.0.0+seed.20260809
DEMO-R0075-liquidity,DEMO-R0075,DEMO-TEAM-15,Liquidity,mining,South Africa,mid,new,2025-07-01,2026-06-30,2026-08-09,592408915.32,911596249.09,1504005164.4,0.39388755,0.30698438,3.25749471,False,,SYNTHETIC_SIMULATION,SIMULATED_KNOWN_TRUTH,,False,False,representative-multibank-analog-1.0.0+seed.20260809
DEMO-R0075-fx-fx,DEMO-R0075,DEMO-TEAM-15,Cross-border FX,mining,South Africa,mid,new,2025-07-01,2026-06-30,2026-08-09,452078523.71,626913847.48,1078992371.19,0.41898213,0.30698438,3.25749471,False,,SYNTHETIC_SIMULATION,SIMULATED_KNOWN_TRUTH,,False,False,representative-multibank-analog-1.0.0+seed.20260809
DEMO-R0075-trade-finance,DEMO-R0075,DEMO-TEAM-15,Trade finance,mining,South Africa,mid,new,2025-07-01,2026-06-30,2026-08-09,104946949.65,292977957.82,397924907.48,0.26373556,0.30698438,3.25749471,False,,SYNTHETIC_SIMULATION,SIMULATED_KNOWN_TRUTH,,False,False,representative-multibank-analog-1.0.0+seed.20260809
DEMO-R0076-collections,DEMO-R0076,DEMO-TEAM-16,Collections,tech,SADC,upper_mid,established,2025-07-01,2026-06-30,2026-08-09,239663239.83,549013702.47,788676942.3,0.30388011,0.40784419,2.45191674,False,,SYNTHETIC_SIMULATION,SIMULATED_KNOWN_TRUTH,,False,False,representative-multibank-analog-1.0.0+seed.20260809
DEMO-R0076-payments,DEMO-R0076,DEMO-TEAM-16,Payments,tech,SADC,upper_mid,established,2025-07-01,2026-06-30,2026-08-09,1181295666.12,4570448848.67,5751744514.79,0.20538041,0.40784419,2.45191674,False,,SYNTHETIC_SIMULATION,SIMULATED_KNOWN_TRUTH,,False,False,representative-multibank-analog-1.0.0+seed.20260809
DEMO-R0076-liquidity,DEMO-R0076,DEMO-TEAM-16,Liquidity,tech,SADC,upper_mid,established,2025-07-01,2026-06-30,2026-08-09,792388814.5,1822330764.18,2614719578.68,0.30304925,0.40784419,2.45191674,False,,SYNTHETIC_SIMULATION,SIMULATED_KNOWN_TRUTH,,False,False,representative-multibank-analog-1.0.0+seed.20260809
DEMO-R0076-fx-fx,DEMO-R0076,DEMO-TEAM-16,Cross-border FX,tech,SADC,upper_mid,established,2025-07-01,2026-06-30,2026-08-09,3862435403.99,31447017058.04,35309452462.03,0.10938814,0.40784419,2.45191674,False,,SYNTHETIC_SIMULATION,SIMULATED_KNOWN_TRUTH,,False,False,representative-multibank-analog-1.0.0+seed.20260809
DEMO-R0076-trade-finance,DEMO-R0076,DEMO-TEAM-16,Trade finance,tech,SADC,upper_mid,established,2025-07-01,2026-06-30,2026-08-09,89277609.74,365639915.28,454917525.02,0.1962501,0.40784419,2.45191674,False,,SYNTHETIC_SIMULATION,SIMULATED_KNOWN_TRUTH,,False,False,representative-multibank-analog-1.0.0+seed.20260809
DEMO-R0077-collections,DEMO-R0077,DEMO-TEAM-17,Collections,industrials_pharma,SADC,mid,established,2025-07-01,2026-06-30,2026-08-09,610527808.01,571447652.26,1181975460.27,0.51653171,0.37147731,2.69195447,False,,SYNTHETIC_SIMULATION,SIMULATED_KNOWN_TRUTH,,False,False,representative-multibank-analog-1.0.0+seed.20260809
DEMO-R0077-payments,DEMO-R0077,DEMO-TEAM-17,Payments,industrials_pharma,SADC,mid,established,2025-07-01,2026-06-30,2026-08-09,4319134485.53,11842636683.99,16161771169.52,0.26724388,0.37147731,2.69195447,False,,SYNTHETIC_SIMULATION,SIMULATED_KNOWN_TRUTH,,False,False,representative-multibank-analog-1.0.0+seed.20260809
DEMO-R0077-liquidity,DEMO-R0077,DEMO-TEAM-17,Liquidity,industrials_pharma,SADC,mid,established,2025-07-01,2026-06-30,2026-08-09,689196112.15,4223988536.05,4913184648.2,0.14027482,0.37147731,2.69195447,False,,SYNTHETIC_SIMULATION,SIMULATED_KNOWN_TRUTH,,False,False,representative-multibank-analog-1.0.0+seed.20260809
DEMO-R0077-fx-fx,DEMO-R0077,DEMO-TEAM-17,Cross-border FX,industrials_pharma,SADC,mid,established,2025-07-01,2026-06-30,2026-08-09,1112187288.96,4434384641.0,5546571929.96,0.20051796,0.37147731,2.69195447,False,,SYNTHETIC_SIMULATION,SIMULATED_KNOWN_TRUTH,,False,False,representative-multibank-analog-1.0.0+seed.20260809
DEMO-R0077-trade-finance,DEMO-R0077,DEMO-TEAM-17,Trade finance,industrials_pharma,SADC,mid,established,2025-07-01,2026-06-30,2026-08-09,437195467.46,3883340883.65,4320536351.11,0.10119009,0.37147731,2.69195447,False,,SYNTHETIC_SIMULATION,SIMULATED_KNOWN_TRUTH,,False,False,representative-multibank-analog-1.0.0+seed.20260809
DEMO-R0078-collections,DEMO-R0078,DEMO-TEAM-18,Collections,industrials_pharma,South Africa,upper_mid,established,2025-07-01,2026-06-30,2026-08-09,2191774703.1,4944274458.96,7136049162.06,0.3071412,0.40884588,2.44590942,False,,SYNTHETIC_SIMULATION,SIMULATED_KNOWN_TRUTH,,False,False,representative-multibank-analog-1.0.0+seed.20260809
DEMO-R0078-payments,DEMO-R0078,DEMO-TEAM-18,Payments,industrials_pharma,South Africa,upper_mid,established,2025-07-01,2026-06-30,2026-08-09,1545046244.96,2025262554.22,3570308799.18,0.43274863,0.40884588,2.44590942,False,,SYNTHETIC_SIMULATION,SIMULATED_KNOWN_TRUTH,,False,False,representative-multibank-analog-1.0.0+seed.20260809
DEMO-R0078-liquidity,DEMO-R0078,DEMO-TEAM-18,Liquidity,industrials_pharma,South Africa,upper_mid,established,2025-07-01,2026-06-30,2026-08-09,2654154260.63,2664714956.42,5318869217.05,0.49900724,0.40884588,2.44590942,False,,SYNTHETIC_SIMULATION,SIMULATED_KNOWN_TRUTH,,False,False,representative-multibank-analog-1.0.0+seed.20260809
DEMO-R0078-fx-fx,DEMO-R0078,DEMO-TEAM-18,Cross-border FX,industrials_pharma,South Africa,upper_mid,established,2025-07-01,2026-06-30,2026-08-09,1266925120.4,4972979931.72,6239905052.12,0.20303596,0.40884588,2.44590942,False,,SYNTHETIC_SIMULATION,SIMULATED_KNOWN_TRUTH,,False,False,representative-multibank-analog-1.0.0+seed.20260809
DEMO-R0078-trade-finance,DEMO-R0078,DEMO-TEAM-18,Trade finance,industrials_pharma,South Africa,upper_mid,established,2025-07-01,2026-06-30,2026-08-09,1025033836.32,3602582611.04,4627616447.35,0.22150363,0.40884588,2.44590942,False,,SYNTHETIC_SIMULATION,SIMULATED_KNOWN_TRUTH,,False,False,representative-multibank-analog-1.0.0+seed.20260809
DEMO-R0079-collections,DEMO-R0079,DEMO-TEAM-19,Collections,consumer,South Africa,upper_mid,established,2025-07-01,2026-06-30,2026-08-09,2872077861.04,3911962581.08,6784040442.12,0.42335801,0.38079803,2.62606403,False,,SYNTHETIC_SIMULATION,SIMULATED_KNOWN_TRUTH,,False,False,representative-multibank-analog-1.0.0+seed.20260809
DEMO-R0079-payments,DEMO-R0079,DEMO-TEAM-19,Payments,consumer,South Africa,upper_mid,established,2025-07-01,2026-06-30,2026-08-09,10391834428.87,24429645188.42,34821479617.29,0.29843173,0.38079803,2.62606403,False,,SYNTHETIC_SIMULATION,SIMULATED_KNOWN_TRUTH,,False,False,representative-multibank-analog-1.0.0+seed.20260809
DEMO-R0079-liquidity,DEMO-R0079,DEMO-TEAM-19,Liquidity,consumer,South Africa,upper_mid,established,2025-07-01,2026-06-30,2026-08-09,4010173357.16,24676403947.09,28686577304.25,0.13979267,0.38079803,2.62606403,False,,SYNTHETIC_SIMULATION,SIMULATED_KNOWN_TRUTH,,False,False,representative-multibank-analog-1.0.0+seed.20260809
DEMO-R0079-fx-fx,DEMO-R0079,DEMO-TEAM-19,Cross-border FX,consumer,South Africa,upper_mid,established,2025-07-01,2026-06-30,2026-08-09,8686070463.16,19919823971.45,28605894434.6,0.30364618,0.38079803,2.62606403,False,,SYNTHETIC_SIMULATION,SIMULATED_KNOWN_TRUTH,,False,False,representative-multibank-analog-1.0.0+seed.20260809
DEMO-R0079-trade-finance,DEMO-R0079,DEMO-TEAM-19,Trade finance,consumer,South Africa,upper_mid,established,2025-07-01,2026-06-30,2026-08-09,2252964361.35,6705328538.21,8958292899.56,0.25149483,0.38079803,2.62606403,False,,SYNTHETIC_SIMULATION,SIMULATED_KNOWN_TRUTH,,False,False,representative-multibank-analog-1.0.0+seed.20260809
DEMO-R0080-collections,DEMO-R0080,DEMO-TEAM-20,Collections,consumer,SADC,upper_mid,established,2025-07-01,2026-06-30,2026-08-09,2326613406.21,6689597990.04,9016211396.25,0.25804779,0.40357298,2.47786659,False,,SYNTHETIC_SIMULATION,SIMULATED_KNOWN_TRUTH,,False,False,representative-multibank-analog-1.0.0+seed.20260809
DEMO-R0080-payments,DEMO-R0080,DEMO-TEAM-20,Payments,consumer,SADC,upper_mid,established,2025-07-01,2026-06-30,2026-08-09,12234592821.19,46755720660.64,58990313481.83,0.20740003,0.40357298,2.47786659,False,,SYNTHETIC_SIMULATION,SIMULATED_KNOWN_TRUTH,,False,False,representative-multibank-analog-1.0.0+seed.20260809
DEMO-R0080-liquidity,DEMO-R0080,DEMO-TEAM-20,Liquidity,consumer,SADC,upper_mid,established,2025-07-01,2026-06-30,2026-08-09,6237049357.02,12353427417.62,18590476774.64,0.33549701,0.40357298,2.47786659,False,,SYNTHETIC_SIMULATION,SIMULATED_KNOWN_TRUTH,,False,False,representative-multibank-analog-1.0.0+seed.20260809
DEMO-R0080-fx-fx,DEMO-R0080,DEMO-TEAM-20,Cross-border FX,consumer,SADC,upper_mid,established,2025-07-01,2026-06-30,2026-08-09,6523710357.33,34166708136.25,40690418493.58,0.16032547,0.40357298,2.47786659,False,,SYNTHETIC_SIMULATION,SIMULATED_KNOWN_TRUTH,,False,False,representative-multibank-analog-1.0.0+seed.20260809
DEMO-R0080-trade-finance,DEMO-R0080,DEMO-TEAM-20,Trade finance,consumer,SADC,upper_mid,established,2025-07-01,2026-06-30,2026-08-09,2038496088.86,5263590927.14,7302087016.0,0.27916623,0.40357298,2.47786659,False,,SYNTHETIC_SIMULATION,SIMULATED_KNOWN_TRUTH,,False,False,representative-multibank-analog-1.0.0+seed.20260809
DEMO-R0081-collections,DEMO-R0081,DEMO-TEAM-21,Collections,consumer,South Africa,mid,established,2025-07-01,2026-06-30,2026-08-09,2383999744.9,2988628440.47,5372628185.37,0.44373064,0.331745,3.0143634,False,,SYNTHETIC_SIMULATION,SIMULATED_KNOWN_TRUTH,,False,False,representative-multibank-analog-1.0.0+seed.20260809
DEMO-R0081-payments,DEMO-R0081,DEMO-TEAM-21,Payments,consumer,South Africa,mid,established,2025-07-01,2026-06-30,2026-08-09,3047042119.37,2454617373.14,5501659492.51,0.55384055,0.331745,3.0143634,False,,SYNTHETIC_SIMULATION,SIMULATED_KNOWN_TRUTH,,False,False,representative-multibank-analog-1.0.0+seed.20260809
DEMO-R0081-liquidity,DEMO-R0081,DEMO-TEAM-21,Liquidity,consumer,South Africa,mid,established,2025-07-01,2026-06-30,2026-08-09,3291404907.1,6747854860.72,10039259767.82,0.32785335,0.331745,3.0143634,False,,SYNTHETIC_SIMULATION,SIMULATED_KNOWN_TRUTH,,False,False,representative-multibank-analog-1.0.0+seed.20260809
DEMO-R0081-fx-fx,DEMO-R0081,DEMO-TEAM-21,Cross-border FX,consumer,South Africa,mid,established,2025-07-01,2026-06-30,2026-08-09,4220333467.19,16886534130.73,21106867597.92,0.19995072,0.331745,3.0143634,False,,SYNTHETIC_SIMULATION,SIMULATED_KNOWN_TRUTH,,False,False,representative-multibank-analog-1.0.0+seed.20260809
DEMO-R0081-trade-finance,DEMO-R0081,DEMO-TEAM-21,Trade finance,consumer,South Africa,mid,established,2025-07-01,2026-06-30,2026-08-09,1652138792.88,25492723489.29,27144862282.17,0.06086378,0.331745,3.0143634,False,,SYNTHETIC_SIMULATION,SIMULATED_KNOWN_TRUTH,,False,False,representative-multibank-analog-1.0.0+seed.20260809
DEMO-R0082-collections,DEMO-R0082,DEMO-TEAM-22,Collections,consumer,South Africa,upper_mid,developing,2025-07-01,2026-06-30,2026-08-09,3592455566.97,14510447658.95,18102903225.92,0.19844638,0.41531221,2.40782712,False,,SYNTHETIC_SIMULATION,SIMULATED_KNOWN_TRUTH,,False,False,representative-multibank-analog-1.0.0+seed.20260809
DEMO-R0082-payments,DEMO-R0082,DEMO-TEAM-22,Payments,consumer,South Africa,upper_mid,developing,2025-07-01,2026-06-30,2026-08-09,11711132688.31,36851604809.26,48562737497.57,0.24115471,0.41531221,2.40782712,False,,SYNTHETIC_SIMULATION,SIMULATED_KNOWN_TRUTH,,False,False,representative-multibank-analog-1.0.0+seed.20260809
DEMO-R0082-liquidity,DEMO-R0082,DEMO-TEAM-22,Liquidity,consumer,South Africa,upper_mid,developing,2025-07-01,2026-06-30,2026-08-09,6996317611.27,13519855690.89,20516173302.16,0.34101475,0.41531221,2.40782712,False,,SYNTHETIC_SIMULATION,SIMULATED_KNOWN_TRUTH,,False,False,representative-multibank-analog-1.0.0+seed.20260809
DEMO-R0082-fx-fx,DEMO-R0082,DEMO-TEAM-22,Cross-border FX,consumer,South Africa,upper_mid,developing,2025-07-01,2026-06-30,2026-08-09,3784862091.65,12333853742.18,16118715833.82,0.23481164,0.41531221,2.40782712,False,,SYNTHETIC_SIMULATION,SIMULATED_KNOWN_TRUTH,,False,False,representative-multibank-analog-1.0.0+seed.20260809
DEMO-R0082-trade-finance,DEMO-R0082,DEMO-TEAM-22,Trade finance,consumer,South Africa,upper_mid,developing,2025-07-01,2026-06-30,2026-08-09,2018214591.9,12712108795.48,14730323387.38,0.13701088,0.41531221,2.40782712,False,,SYNTHETIC_SIMULATION,SIMULATED_KNOWN_TRUTH,,False,False,representative-multibank-analog-1.0.0+seed.20260809
DEMO-R0083-collections,DEMO-R0083,DEMO-TEAM-23,Collections,mining,Global,mid,established,2025-07-01,2026-06-30,2026-08-09,829476053.06,3936434642.65,4765910695.71,0.17404356,0.35761014,2.79634125,False,,SYNTHETIC_SIMULATION,SIMULATED_KNOWN_TRUTH,,False,False,representative-multibank-analog-1.0.0+seed.20260809
DEMO-R0083-payments,DEMO-R0083,DEMO-TEAM-23,Payments,mining,Global,mid,established,2025-07-01,2026-06-30,2026-08-09,690968863.73,533633053.48,1224601917.21,0.56423957,0.35761014,2.79634125,False,,SYNTHETIC_SIMULATION,SIMULATED_KNOWN_TRUTH,,False,False,representative-multibank-analog-1.0.0+seed.20260809
DEMO-R0083-liquidity,DEMO-R0083,DEMO-TEAM-23,Liquidity,mining,Global,mid,established,2025-07-01,2026-06-30,2026-08-09,745039862.08,3469423453.44,4214463315.52,0.17678167,0.35761014,2.79634125,False,,SYNTHETIC_SIMULATION,SIMULATED_KNOWN_TRUTH,,False,False,representative-multibank-analog-1.0.0+seed.20260809
DEMO-R0083-fx-fx,DEMO-R0083,DEMO-TEAM-23,Cross-border FX,mining,Global,mid,established,2025-07-01,2026-06-30,2026-08-09,461507700.15,2552996359.82,3014504059.97,0.15309573,0.35761014,2.79634125,False,,SYNTHETIC_SIMULATION,SIMULATED_KNOWN_TRUTH,,False,False,representative-multibank-analog-1.0.0+seed.20260809
DEMO-R0083-trade-finance,DEMO-R0083,DEMO-TEAM-23,Trade finance,mining,Global,mid,established,2025-07-01,2026-06-30,2026-08-09,416487679.9,2219354270.18,2635841950.07,0.15800935,0.35761014,2.79634125,False,,SYNTHETIC_SIMULATION,SIMULATED_KNOWN_TRUTH,,False,False,representative-multibank-analog-1.0.0+seed.20260809
DEMO-R0084-collections,DEMO-R0084,DEMO-TEAM-24,Collections,mining,South Africa,mid,developing,2025-07-01,2026-06-30,2026-08-09,580947166.48,2085899147.07,2666846313.56,0.21784051,0.30608906,3.26702297,False,,SYNTHETIC_SIMULATION,SIMULATED_KNOWN_TRUTH,,False,False,representative-multibank-analog-1.0.0+seed.20260809
DEMO-R0084-payments,DEMO-R0084,DEMO-TEAM-24,Payments,mining,South Africa,mid,developing,2025-07-01,2026-06-30,2026-08-09,464306042.38,554096901.16,1018402943.53,0.45591585,0.30608906,3.26702297,False,,SYNTHETIC_SIMULATION,SIMULATED_KNOWN_TRUTH,,False,False,representative-multibank-analog-1.0.0+seed.20260809
DEMO-R0084-liquidity,DEMO-R0084,DEMO-TEAM-24,Liquidity,mining,South Africa,mid,developing,2025-07-01,2026-06-30,2026-08-09,783769553.98,2087837098.59,2871606652.57,0.27293764,0.30608906,3.26702297,False,,SYNTHETIC_SIMULATION,SIMULATED_KNOWN_TRUTH,,False,False,representative-multibank-analog-1.0.0+seed.20260809
DEMO-R0084-fx-fx,DEMO-R0084,DEMO-TEAM-24,Cross-border FX,mining,South Africa,mid,developing,2025-07-01,2026-06-30,2026-08-09,446715040.56,846942108.83,1293657149.39,0.34531177,0.30608906,3.26702297,False,,SYNTHETIC_SIMULATION,SIMULATED_KNOWN_TRUTH,,False,False,representative-multibank-analog-1.0.0+seed.20260809
DEMO-R0084-trade-finance,DEMO-R0084,DEMO-TEAM-24,Trade finance,mining,South Africa,mid,developing,2025-07-01,2026-06-30,2026-08-09,232108587.85,1641082455.63,1873191043.48,0.12391079,0.30608906,3.26702297,False,,SYNTHETIC_SIMULATION,SIMULATED_KNOWN_TRUTH,,False,False,representative-multibank-analog-1.0.0+seed.20260809
DEMO-R0085-collections,DEMO-R0085,DEMO-TEAM-25,Collections,real_estate,SADC,upper_mid,developing,2025-07-01,2026-06-30,2026-08-09,7972007.19,22645193.8,30617200.99,0.26037675,0.35264408,2.83572036,False,,SYNTHETIC_SIMULATION,SIMULATED_KNOWN_TRUTH,,False,False,representative-multibank-analog-1.0.0+seed.20260809
DEMO-R0085-payments,DEMO-R0085,DEMO-TEAM-25,Payments,real_estate,SADC,upper_mid,developing,2025-07-01,2026-06-30,2026-08-09,18941451.99,32206509.85,51147961.84,0.37032662,0.35264408,2.83572036,False,,SYNTHETIC_SIMULATION,SIMULATED_KNOWN_TRUTH,,False,False,representative-multibank-analog-1.0.0+seed.20260809
DEMO-R0085-liquidity,DEMO-R0085,DEMO-TEAM-25,Liquidity,real_estate,SADC,upper_mid,developing,2025-07-01,2026-06-30,2026-08-09,15155423.88,61915071.08,77070494.97,0.19664366,0.35264408,2.83572036,False,,SYNTHETIC_SIMULATION,SIMULATED_KNOWN_TRUTH,,False,False,representative-multibank-analog-1.0.0+seed.20260809
DEMO-R0085-fx-fx,DEMO-R0085,DEMO-TEAM-25,Cross-border FX,real_estate,SADC,upper_mid,developing,2025-07-01,2026-06-30,2026-08-09,227588038.07,1277258636.81,1504846674.89,0.1512367,0.35264408,2.83572036,False,,SYNTHETIC_SIMULATION,SIMULATED_KNOWN_TRUTH,,False,False,representative-multibank-analog-1.0.0+seed.20260809
DEMO-R0085-trade-finance,DEMO-R0085,DEMO-TEAM-25,Trade finance,real_estate,SADC,upper_mid,developing,2025-07-01,2026-06-30,2026-08-09,6736793.53,76198750.02,82935543.55,0.08122927,0.35264408,2.83572036,False,,SYNTHETIC_SIMULATION,SIMULATED_KNOWN_TRUTH,,False,False,representative-multibank-analog-1.0.0+seed.20260809
DEMO-R0086-collections,DEMO-R0086,DEMO-TEAM-26,Collections,consumer,South Africa,upper_mid,developing,2025-07-01,2026-06-30,2026-08-09,5008571688.4,6283795056.66,11292366745.06,0.44353605,0.38145061,2.6215714,False,,SYNTHETIC_SIMULATION,SIMULATED_KNOWN_TRUTH,,False,False,representative-multibank-analog-1.0.0+seed.20260809
DEMO-R0086-payments,DEMO-R0086,DEMO-TEAM-26,Payments,consumer,South Africa,upper_mid,developing,2025-07-01,2026-06-30,2026-08-09,11085304803.47,26892837356.58,37978142160.04,0.29188644,0.38145061,2.6215714,False,,SYNTHETIC_SIMULATION,SIMULATED_KNOWN_TRUTH,,False,False,representative-multibank-analog-1.0.0+seed.20260809
DEMO-R0086-liquidity,DEMO-R0086,DEMO-TEAM-26,Liquidity,consumer,South Africa,upper_mid,developing,2025-07-01,2026-06-30,2026-08-09,4433049497.55,13819665586.08,18252715083.63,0.24287069,0.38145061,2.6215714,False,,SYNTHETIC_SIMULATION,SIMULATED_KNOWN_TRUTH,,False,False,representative-multibank-analog-1.0.0+seed.20260809
DEMO-R0086-fx-fx,DEMO-R0086,DEMO-TEAM-26,Cross-border FX,consumer,South Africa,upper_mid,developing,2025-07-01,2026-06-30,2026-08-09,8781602379.61,25722279630.55,34503882010.17,0.25451056,0.38145061,2.6215714,False,,SYNTHETIC_SIMULATION,SIMULATED_KNOWN_TRUTH,,False,False,representative-multibank-analog-1.0.0+seed.20260809
DEMO-R0086-trade-finance,DEMO-R0086,DEMO-TEAM-26,Trade finance,consumer,South Africa,upper_mid,developing,2025-07-01,2026-06-30,2026-08-09,1128432044.94,3192940752.59,4321372797.54,0.26112814,0.38145061,2.6215714,False,,SYNTHETIC_SIMULATION,SIMULATED_KNOWN_TRUTH,,False,False,representative-multibank-analog-1.0.0+seed.20260809
DEMO-R0087-collections,DEMO-R0087,DEMO-TEAM-27,Collections,mining,Global,mid,developing,2025-07-01,2026-06-30,2026-08-09,838999062.57,874823718.34,1713822780.91,0.48954832,0.33505419,2.98459182,False,,SYNTHETIC_SIMULATION,SIMULATED_KNOWN_TRUTH,,False,False,representative-multibank-analog-1.0.0+seed.20260809
DEMO-R0087-payments,DEMO-R0087,DEMO-TEAM-27,Payments,mining,Global,mid,developing,2025-07-01,2026-06-30,2026-08-09,541974539.47,787743575.91,1329718115.38,0.40758604,0.33505419,2.98459182,False,,SYNTHETIC_SIMULATION,SIMULATED_KNOWN_TRUTH,,False,False,representative-multibank-analog-1.0.0+seed.20260809
DEMO-R0087-liquidity,DEMO-R0087,DEMO-TEAM-27,Liquidity,mining,Global,mid,developing,2025-07-01,2026-06-30,2026-08-09,384326895.63,1649584663.22,2033911558.85,0.18895949,0.33505419,2.98459182,False,,SYNTHETIC_SIMULATION,SIMULATED_KNOWN_TRUTH,,False,False,representative-multibank-analog-1.0.0+seed.20260809
DEMO-R0087-fx-fx,DEMO-R0087,DEMO-TEAM-27,Cross-border FX,mining,Global,mid,developing,2025-07-01,2026-06-30,2026-08-09,290048124.04,650068798.8,940116922.84,0.30852346,0.33505419,2.98459182,False,,SYNTHETIC_SIMULATION,SIMULATED_KNOWN_TRUTH,,False,False,representative-multibank-analog-1.0.0+seed.20260809
DEMO-R0087-trade-finance,DEMO-R0087,DEMO-TEAM-27,Trade finance,mining,Global,mid,developing,2025-07-01,2026-06-30,2026-08-09,265903545.4,2565918661.81,2831822207.21,0.09389839,0.33505419,2.98459182,False,,SYNTHETIC_SIMULATION,SIMULATED_KNOWN_TRUTH,,False,False,representative-multibank-analog-1.0.0+seed.20260809
DEMO-R0088-collections,DEMO-R0088,DEMO-TEAM-28,Collections,real_estate,Global,upper_mid,established,2025-07-01,2026-06-30,2026-08-09,14900678.63,38236718.89,53137397.52,0.28041792,0.40350823,2.47826419,False,,SYNTHETIC_SIMULATION,SIMULATED_KNOWN_TRUTH,,False,False,representative-multibank-analog-1.0.0+seed.20260809
DEMO-R0088-payments,DEMO-R0088,DEMO-TEAM-28,Payments,real_estate,Global,upper_mid,established,2025-07-01,2026-06-30,2026-08-09,18082907.78,42023281.39,60106189.17,0.30084935,0.40350823,2.47826419,False,,SYNTHETIC_SIMULATION,SIMULATED_KNOWN_TRUTH,,False,False,representative-multibank-analog-1.0.0+seed.20260809
DEMO-R0088-liquidity,DEMO-R0088,DEMO-TEAM-28,Liquidity,real_estate,Global,upper_mid,established,2025-07-01,2026-06-30,2026-08-09,21347809.77,74224992.31,95572802.08,0.223367,0.40350823,2.47826419,False,,SYNTHETIC_SIMULATION,SIMULATED_KNOWN_TRUTH,,False,False,representative-multibank-analog-1.0.0+seed.20260809
DEMO-R0088-fx-fx,DEMO-R0088,DEMO-TEAM-28,Cross-border FX,real_estate,Global,upper_mid,established,2025-07-01,2026-06-30,2026-08-09,361950431.83,1169550598.48,1531501030.32,0.23633705,0.40350823,2.47826419,False,,SYNTHETIC_SIMULATION,SIMULATED_KNOWN_TRUTH,,False,False,representative-multibank-analog-1.0.0+seed.20260809
DEMO-R0088-trade-finance,DEMO-R0088,DEMO-TEAM-28,Trade finance,real_estate,Global,upper_mid,established,2025-07-01,2026-06-30,2026-08-09,7677252.57,17343041.52,25020294.09,0.30684102,0.40350823,2.47826419,False,,SYNTHETIC_SIMULATION,SIMULATED_KNOWN_TRUTH,,False,False,representative-multibank-analog-1.0.0+seed.20260809
DEMO-R0089-collections,DEMO-R0089,DEMO-TEAM-29,Collections,consumer,Global,mid,established,2025-07-01,2026-06-30,2026-08-09,2259996464.61,3236296477.36,5496292941.97,0.41118559,0.33979718,2.94293202,False,,SYNTHETIC_SIMULATION,SIMULATED_KNOWN_TRUTH,,False,False,representative-multibank-analog-1.0.0+seed.20260809
DEMO-R0089-payments,DEMO-R0089,DEMO-TEAM-29,Payments,consumer,Global,mid,established,2025-07-01,2026-06-30,2026-08-09,2544247911.62,2627675217.96,5171923129.58,0.4919346,0.33979718,2.94293202,False,,SYNTHETIC_SIMULATION,SIMULATED_KNOWN_TRUTH,,False,False,representative-multibank-analog-1.0.0+seed.20260809
DEMO-R0089-liquidity,DEMO-R0089,DEMO-TEAM-29,Liquidity,consumer,Global,mid,established,2025-07-01,2026-06-30,2026-08-09,5998838065.73,5997044951.22,11995883016.95,0.50007474,0.33979718,2.94293202,False,,SYNTHETIC_SIMULATION,SIMULATED_KNOWN_TRUTH,,False,False,representative-multibank-analog-1.0.0+seed.20260809
DEMO-R0089-fx-fx,DEMO-R0089,DEMO-TEAM-29,Cross-border FX,consumer,Global,mid,established,2025-07-01,2026-06-30,2026-08-09,3660974932.14,24136341701.26,27797316633.39,0.13170246,0.33979718,2.94293202,False,,SYNTHETIC_SIMULATION,SIMULATED_KNOWN_TRUTH,,False,False,representative-multibank-analog-1.0.0+seed.20260809
DEMO-R0089-trade-finance,DEMO-R0089,DEMO-TEAM-29,Trade finance,consumer,Global,mid,established,2025-07-01,2026-06-30,2026-08-09,792728798.62,1570329220.37,2363058018.99,0.33546734,0.33979718,2.94293202,False,,SYNTHETIC_SIMULATION,SIMULATED_KNOWN_TRUTH,,False,False,representative-multibank-analog-1.0.0+seed.20260809
DEMO-R0090-collections,DEMO-R0090,DEMO-TEAM-30,Collections,mining,Global,mid,developing,2025-07-01,2026-06-30,2026-08-09,493700487.61,391446780.96,885147268.56,0.55776084,0.30586497,3.26941655,False,,SYNTHETIC_SIMULATION,SIMULATED_KNOWN_TRUTH,,False,False,representative-multibank-analog-1.0.0+seed.20260809
DEMO-R0090-payments,DEMO-R0090,DEMO-TEAM-30,Payments,mining,Global,mid,developing,2025-07-01,2026-06-30,2026-08-09,592441242.5,1766690702.73,2359131945.23,0.25112679,0.30586497,3.26941655,False,,SYNTHETIC_SIMULATION,SIMULATED_KNOWN_TRUTH,,False,False,representative-multibank-analog-1.0.0+seed.20260809
DEMO-R0090-liquidity,DEMO-R0090,DEMO-TEAM-30,Liquidity,mining,Global,mid,developing,2025-07-01,2026-06-30,2026-08-09,1080019847.49,1171051940.99,2251071788.47,0.47978028,0.30586497,3.26941655,False,,SYNTHETIC_SIMULATION,SIMULATED_KNOWN_TRUTH,,False,False,representative-multibank-analog-1.0.0+seed.20260809
DEMO-R0090-fx-fx,DEMO-R0090,DEMO-TEAM-30,Cross-border FX,mining,Global,mid,developing,2025-07-01,2026-06-30,2026-08-09,220402132.78,475431068.96,695833201.74,0.31674564,0.30586497,3.26941655,False,,SYNTHETIC_SIMULATION,SIMULATED_KNOWN_TRUTH,,False,False,representative-multibank-analog-1.0.0+seed.20260809
DEMO-R0090-trade-finance,DEMO-R0090,DEMO-TEAM-30,Trade finance,mining,Global,mid,developing,2025-07-01,2026-06-30,2026-08-09,218476834.35,1879427426.57,2097904260.92,0.10414052,0.30586497,3.26941655,False,,SYNTHETIC_SIMULATION,SIMULATED_KNOWN_TRUTH,,False,False,representative-multibank-analog-1.0.0+seed.20260809
DEMO-R0091-collections,DEMO-R0091,DEMO-TEAM-01,Collections,insurance,South Africa,mid,developing,2025-07-01,2026-06-30,2026-08-09,923571056.46,1038734454.04,1962305510.5,0.4706561,0.31347233,3.1900742,False,,SYNTHETIC_SIMULATION,SIMULATED_KNOWN_TRUTH,,False,False,representative-multibank-analog-1.0.0+seed.20260809
DEMO-R0091-payments,DEMO-R0091,DEMO-TEAM-01,Payments,insurance,South Africa,mid,developing,2025-07-01,2026-06-30,2026-08-09,3933253817.25,11988692231.75,15921946049.01,0.24703348,0.31347233,3.1900742,False,,SYNTHETIC_SIMULATION,SIMULATED_KNOWN_TRUTH,,False,False,representative-multibank-analog-1.0.0+seed.20260809
DEMO-R0091-liquidity,DEMO-R0091,DEMO-TEAM-01,Liquidity,insurance,South Africa,mid,developing,2025-07-01,2026-06-30,2026-08-09,2294342691.97,5722440799.54,8016783491.51,0.28619242,0.31347233,3.1900742,False,,SYNTHETIC_SIMULATION,SIMULATED_KNOWN_TRUTH,,False,False,representative-multibank-analog-1.0.0+seed.20260809
DEMO-R0091-fx-fx,DEMO-R0091,DEMO-TEAM-01,Cross-border FX,insurance,South Africa,mid,developing,2025-07-01,2026-06-30,2026-08-09,753781465.81,1643142642.35,2396924108.16,0.31447865,0.31347233,3.1900742,False,,SYNTHETIC_SIMULATION,SIMULATED_KNOWN_TRUTH,,False,False,representative-multibank-analog-1.0.0+seed.20260809
DEMO-R0091-trade-finance,DEMO-R0091,DEMO-TEAM-01,Trade finance,insurance,South Africa,mid,developing,2025-07-01,2026-06-30,2026-08-09,29149698.31,115855227.87,145004926.18,0.20102557,0.31347233,3.1900742,False,,SYNTHETIC_SIMULATION,SIMULATED_KNOWN_TRUTH,,False,False,representative-multibank-analog-1.0.0+seed.20260809
DEMO-R0092-collections,DEMO-R0092,DEMO-TEAM-02,Collections,insurance,SADC,large,developing,2025-07-01,2026-06-30,2026-08-09,11260064465.58,19323435338.88,30583499804.46,0.36817449,0.48780915,2.04998205,False,,SYNTHETIC_SIMULATION,SIMULATED_KNOWN_TRUTH,,False,False,representative-multibank-analog-1.0.0+seed.20260809
DEMO-R0092-payments,DEMO-R0092,DEMO-TEAM-02,Payments,insurance,SADC,large,developing,2025-07-01,2026-06-30,2026-08-09,14233492620.0,18164201550.73,32397694170.73,0.43933659,0.48780915,2.04998205,False,,SYNTHETIC_SIMULATION,SIMULATED_KNOWN_TRUTH,,False,False,representative-multibank-analog-1.0.0+seed.20260809
DEMO-R0092-liquidity,DEMO-R0092,DEMO-TEAM-02,Liquidity,insurance,SADC,large,developing,2025-07-01,2026-06-30,2026-08-09,11249386577.11,15431166520.1,26680553097.21,0.42163244,0.48780915,2.04998205,False,,SYNTHETIC_SIMULATION,SIMULATED_KNOWN_TRUTH,,False,False,representative-multibank-analog-1.0.0+seed.20260809
DEMO-R0092-fx-fx,DEMO-R0092,DEMO-TEAM-02,Cross-border FX,insurance,SADC,large,developing,2025-07-01,2026-06-30,2026-08-09,1249710591.41,16404153335.6,17653863927.02,0.07078964,0.48780915,2.04998205,False,,SYNTHETIC_SIMULATION,SIMULATED_KNOWN_TRUTH,,False,False,representative-multibank-analog-1.0.0+seed.20260809
DEMO-R0092-trade-finance,DEMO-R0092,DEMO-TEAM-02,Trade finance,insurance,SADC,large,developing,2025-07-01,2026-06-30,2026-08-09,115722919.46,551572759.1,667295678.55,0.17342075,0.48780915,2.04998205,False,,SYNTHETIC_SIMULATION,SIMULATED_KNOWN_TRUTH,,False,False,representative-multibank-analog-1.0.0+seed.20260809
DEMO-R0093-collections,DEMO-R0093,DEMO-TEAM-03,Collections,mining,South Africa,mid,established,2025-07-01,2026-06-30,2026-08-09,814018312.76,2021999405.79,2836017718.55,0.28702864,0.35227824,2.83866527,False,,SYNTHETIC_SIMULATION,SIMULATED_KNOWN_TRUTH,,False,False,representative-multibank-analog-1.0.0+seed.20260809
DEMO-R0093-payments,DEMO-R0093,DEMO-TEAM-03,Payments,mining,South Africa,mid,established,2025-07-01,2026-06-30,2026-08-09,1252806538.17,6009172841.17,7261979379.34,0.17251585,0.35227824,2.83866527,False,,SYNTHETIC_SIMULATION,SIMULATED_KNOWN_TRUTH,,False,False,representative-multibank-analog-1.0.0+seed.20260809
DEMO-R0093-liquidity,DEMO-R0093,DEMO-TEAM-03,Liquidity,mining,South Africa,mid,established,2025-07-01,2026-06-30,2026-08-09,1579829859.03,10528390880.98,12108220740.01,0.13047581,0.35227824,2.83866527,False,,SYNTHETIC_SIMULATION,SIMULATED_KNOWN_TRUTH,,False,False,representative-multibank-analog-1.0.0+seed.20260809
DEMO-R0093-fx-fx,DEMO-R0093,DEMO-TEAM-03,Cross-border FX,mining,South Africa,mid,established,2025-07-01,2026-06-30,2026-08-09,381812979.93,2354414822.02,2736227801.94,0.13953991,0.35227824,2.83866527,False,,SYNTHETIC_SIMULATION,SIMULATED_KNOWN_TRUTH,,False,False,representative-multibank-analog-1.0.0+seed.20260809
DEMO-R0093-trade-finance,DEMO-R0093,DEMO-TEAM-03,Trade finance,mining,South Africa,mid,established,2025-07-01,2026-06-30,2026-08-09,467431294.57,4519602632.84,4987033927.41,0.09372932,0.35227824,2.83866527,False,,SYNTHETIC_SIMULATION,SIMULATED_KNOWN_TRUTH,,False,False,representative-multibank-analog-1.0.0+seed.20260809
DEMO-R0094-collections,DEMO-R0094,DEMO-TEAM-04,Collections,consumer,SADC,upper_mid,developing,2025-07-01,2026-06-30,2026-08-09,2261526253.95,4000286564.74,6261812818.69,0.36116159,0.36776237,2.71914714,False,,SYNTHETIC_SIMULATION,SIMULATED_KNOWN_TRUTH,,False,False,representative-multibank-analog-1.0.0+seed.20260809
DEMO-R0094-payments,DEMO-R0094,DEMO-TEAM-04,Payments,consumer,SADC,upper_mid,developing,2025-07-01,2026-06-30,2026-08-09,11644420882.54,30653326317.75,42297747200.29,0.27529648,0.36776237,2.71914714,False,,SYNTHETIC_SIMULATION,SIMULATED_KNOWN_TRUTH,,False,False,representative-multibank-analog-1.0.0+seed.20260809
DEMO-R0094-liquidity,DEMO-R0094,DEMO-TEAM-04,Liquidity,consumer,SADC,upper_mid,developing,2025-07-01,2026-06-30,2026-08-09,4567809667.12,13530481163.24,18098290830.36,0.25238901,0.36776237,2.71914714,False,,SYNTHETIC_SIMULATION,SIMULATED_KNOWN_TRUTH,,False,False,representative-multibank-analog-1.0.0+seed.20260809
DEMO-R0094-fx-fx,DEMO-R0094,DEMO-TEAM-04,Cross-border FX,consumer,SADC,upper_mid,developing,2025-07-01,2026-06-30,2026-08-09,11427110012.57,39640309095.42,51067419107.99,0.22376518,0.36776237,2.71914714,False,,SYNTHETIC_SIMULATION,SIMULATED_KNOWN_TRUTH,,False,False,representative-multibank-analog-1.0.0+seed.20260809
DEMO-R0094-trade-finance,DEMO-R0094,DEMO-TEAM-04,Trade finance,consumer,SADC,upper_mid,developing,2025-07-01,2026-06-30,2026-08-09,1308318713.16,2850279633.89,4158598347.04,0.31460569,0.36776237,2.71914714,False,,SYNTHETIC_SIMULATION,SIMULATED_KNOWN_TRUTH,,False,False,representative-multibank-analog-1.0.0+seed.20260809
DEMO-R0095-collections,DEMO-R0095,DEMO-TEAM-05,Collections,mining,South Africa,upper_mid,new,2025-07-01,2026-06-30,2026-08-09,808941717.78,1682704985.77,2491646703.56,0.32466148,0.36525775,2.73779271,False,,SYNTHETIC_SIMULATION,SIMULATED_KNOWN_TRUTH,,False,False,representative-multibank-analog-1.0.0+seed.20260809
DEMO-R0095-payments,DEMO-R0095,DEMO-TEAM-05,Payments,mining,South Africa,upper_mid,new,2025-07-01,2026-06-30,2026-08-09,1179984233.85,1470148055.79,2650132289.64,0.44525484,0.36525775,2.73779271,False,,SYNTHETIC_SIMULATION,SIMULATED_KNOWN_TRUTH,,False,False,representative-multibank-analog-1.0.0+seed.20260809
DEMO-R0095-liquidity,DEMO-R0095,DEMO-TEAM-05,Liquidity,mining,South Africa,upper_mid,new,2025-07-01,2026-06-30,2026-08-09,802364181.06,1404087965.38,2206452146.44,0.3636445,0.36525775,2.73779271,False,,SYNTHETIC_SIMULATION,SIMULATED_KNOWN_TRUTH,,False,False,representative-multibank-analog-1.0.0+seed.20260809
DEMO-R0095-fx-fx,DEMO-R0095,DEMO-TEAM-05,Cross-border FX,mining,South Africa,upper_mid,new,2025-07-01,2026-06-30,2026-08-09,642955574.57,2084478390.67,2727433965.24,0.23573644,0.36525775,2.73779271,False,,SYNTHETIC_SIMULATION,SIMULATED_KNOWN_TRUTH,,False,False,representative-multibank-analog-1.0.0+seed.20260809
DEMO-R0095-trade-finance,DEMO-R0095,DEMO-TEAM-05,Trade finance,mining,South Africa,upper_mid,new,2025-07-01,2026-06-30,2026-08-09,380647507.03,1468775865.2,1849423372.22,0.20581956,0.36525775,2.73779271,False,,SYNTHETIC_SIMULATION,SIMULATED_KNOWN_TRUTH,,False,False,representative-multibank-analog-1.0.0+seed.20260809
DEMO-R0096-collections,DEMO-R0096,DEMO-TEAM-06,Collections,consumer,Global,large,new,2025-07-01,2026-06-30,2026-08-09,4593299797.71,16246212457.09,20839512254.8,0.22041302,0.48057409,2.08084458,False,,SYNTHETIC_SIMULATION,SIMULATED_KNOWN_TRUTH,,False,False,representative-multibank-analog-1.0.0+seed.20260809
DEMO-R0096-payments,DEMO-R0096,DEMO-TEAM-06,Payments,consumer,Global,large,new,2025-07-01,2026-06-30,2026-08-09,19265044980.8,45739000160.24,65004045141.05,0.29636686,0.48057409,2.08084458,False,,SYNTHETIC_SIMULATION,SIMULATED_KNOWN_TRUTH,,False,False,representative-multibank-analog-1.0.0+seed.20260809
DEMO-R0096-liquidity,DEMO-R0096,DEMO-TEAM-06,Liquidity,consumer,Global,large,new,2025-07-01,2026-06-30,2026-08-09,6329739201.07,30861107650.25,37190846851.32,0.17019616,0.48057409,2.08084458,False,,SYNTHETIC_SIMULATION,SIMULATED_KNOWN_TRUTH,,False,False,representative-multibank-analog-1.0.0+seed.20260809
DEMO-R0096-fx-fx,DEMO-R0096,DEMO-TEAM-06,Cross-border FX,consumer,Global,large,new,2025-07-01,2026-06-30,2026-08-09,4064027717.97,53355376226.4,57419403944.36,0.07077795,0.48057409,2.08084458,False,,SYNTHETIC_SIMULATION,SIMULATED_KNOWN_TRUTH,,False,False,representative-multibank-analog-1.0.0+seed.20260809
DEMO-R0096-trade-finance,DEMO-R0096,DEMO-TEAM-06,Trade finance,consumer,Global,large,new,2025-07-01,2026-06-30,2026-08-09,3888960635.87,20768417168.85,24657377804.73,0.15771996,0.48057409,2.08084458,False,,SYNTHETIC_SIMULATION,SIMULATED_KNOWN_TRUTH,,False,False,representative-multibank-analog-1.0.0+seed.20260809
DEMO-R0097-collections,DEMO-R0097,DEMO-TEAM-07,Collections,insurance,South Africa,mid,established,2025-07-01,2026-06-30,2026-08-09,2070588199.45,1752016956.73,3822605156.18,0.54166939,0.31766196,3.14800051,False,,SYNTHETIC_SIMULATION,SIMULATED_KNOWN_TRUTH,,False,False,representative-multibank-analog-1.0.0+seed.20260809
DEMO-R0097-payments,DEMO-R0097,DEMO-TEAM-07,Payments,insurance,South Africa,mid,established,2025-07-01,2026-06-30,2026-08-09,4974346424.88,12627652917.58,17601999342.46,0.28260122,0.31766196,3.14800051,False,,SYNTHETIC_SIMULATION,SIMULATED_KNOWN_TRUTH,,False,False,representative-multibank-analog-1.0.0+seed.20260809
DEMO-R0097-liquidity,DEMO-R0097,DEMO-TEAM-07,Liquidity,insurance,South Africa,mid,established,2025-07-01,2026-06-30,2026-08-09,3526246363.13,7268334008.02,10794580371.14,0.32666822,0.31766196,3.14800051,False,,SYNTHETIC_SIMULATION,SIMULATED_KNOWN_TRUTH,,False,False,representative-multibank-analog-1.0.0+seed.20260809
DEMO-R0097-fx-fx,DEMO-R0097,DEMO-TEAM-07,Cross-border FX,insurance,South Africa,mid,established,2025-07-01,2026-06-30,2026-08-09,1761322831.26,5239390023.74,7000712855.0,0.25159193,0.31766196,3.14800051,False,,SYNTHETIC_SIMULATION,SIMULATED_KNOWN_TRUTH,,False,False,representative-multibank-analog-1.0.0+seed.20260809
DEMO-R0097-trade-finance,DEMO-R0097,DEMO-TEAM-07,Trade finance,insurance,South Africa,mid,established,2025-07-01,2026-06-30,2026-08-09,142324108.05,834397488.39,976721596.43,0.14571615,0.31766196,3.14800051,False,,SYNTHETIC_SIMULATION,SIMULATED_KNOWN_TRUTH,,False,False,representative-multibank-analog-1.0.0+seed.20260809
DEMO-R0098-collections,DEMO-R0098,DEMO-TEAM-08,Collections,mining,South Africa,large,new,2025-07-01,2026-06-30,2026-08-09,3003920961.34,7256463033.7,10260383995.04,0.29276886,0.46014183,2.17324296,False,,SYNTHETIC_SIMULATION,SIMULATED_KNOWN_TRUTH,,False,False,representative-multibank-analog-1.0.0+seed.20260809
DEMO-R0098-payments,DEMO-R0098,DEMO-TEAM-08,Payments,mining,South Africa,large,new,2025-07-01,2026-06-30,2026-08-09,952383035.19,2317632169.63,3270015204.81,0.29124728,0.46014183,2.17324296,False,,SYNTHETIC_SIMULATION,SIMULATED_KNOWN_TRUTH,,False,False,representative-multibank-analog-1.0.0+seed.20260809
DEMO-R0098-liquidity,DEMO-R0098,DEMO-TEAM-08,Liquidity,mining,South Africa,large,new,2025-07-01,2026-06-30,2026-08-09,3608092045.4,16587805078.23,20195897123.63,0.17865471,0.46014183,2.17324296,False,,SYNTHETIC_SIMULATION,SIMULATED_KNOWN_TRUTH,,False,False,representative-multibank-analog-1.0.0+seed.20260809
DEMO-R0098-fx-fx,DEMO-R0098,DEMO-TEAM-08,Cross-border FX,mining,South Africa,large,new,2025-07-01,2026-06-30,2026-08-09,2550606111.81,25259861622.66,27810467734.47,0.09171389,0.46014183,2.17324296,False,,SYNTHETIC_SIMULATION,SIMULATED_KNOWN_TRUTH,,False,False,representative-multibank-analog-1.0.0+seed.20260809
DEMO-R0098-trade-finance,DEMO-R0098,DEMO-TEAM-08,Trade finance,mining,South Africa,large,new,2025-07-01,2026-06-30,2026-08-09,3133043759.95,40754964250.27,43888008010.22,0.07138724,0.46014183,2.17324296,False,,SYNTHETIC_SIMULATION,SIMULATED_KNOWN_TRUTH,,False,False,representative-multibank-analog-1.0.0+seed.20260809
DEMO-R0099-collections,DEMO-R0099,DEMO-TEAM-09,Collections,mining,South Africa,mid,established,2025-07-01,2026-06-30,2026-08-09,1063003798.37,1416221227.02,2479225025.39,0.42876455,0.29015413,3.44644411,False,,SYNTHETIC_SIMULATION,SIMULATED_KNOWN_TRUTH,,False,False,representative-multibank-analog-1.0.0+seed.20260809
DEMO-R0099-payments,DEMO-R0099,DEMO-TEAM-09,Payments,mining,South Africa,mid,established,2025-07-01,2026-06-30,2026-08-09,1447200978.31,4552512365.76,5999713344.08,0.24121169,0.29015413,3.44644411,False,,SYNTHETIC_SIMULATION,SIMULATED_KNOWN_TRUTH,,False,False,representative-multibank-analog-1.0.0+seed.20260809
DEMO-R0099-liquidity,DEMO-R0099,DEMO-TEAM-09,Liquidity,mining,South Africa,mid,established,2025-07-01,2026-06-30,2026-08-09,519130287.69,1814934874.87,2334065162.56,0.22241465,0.29015413,3.44644411,False,,SYNTHETIC_SIMULATION,SIMULATED_KNOWN_TRUTH,,False,False,representative-multibank-analog-1.0.0+seed.20260809
DEMO-R0099-fx-fx,DEMO-R0099,DEMO-TEAM-09,Cross-border FX,mining,South Africa,mid,established,2025-07-01,2026-06-30,2026-08-09,491760921.88,786654918.87,1278415840.75,0.38466429,0.29015413,3.44644411,False,,SYNTHETIC_SIMULATION,SIMULATED_KNOWN_TRUTH,,False,False,representative-multibank-analog-1.0.0+seed.20260809
DEMO-R0099-trade-finance,DEMO-R0099,DEMO-TEAM-09,Trade finance,mining,South Africa,mid,established,2025-07-01,2026-06-30,2026-08-09,300016571.03,3424539318.54,3724555889.56,0.08055096,0.29015413,3.44644411,False,,SYNTHETIC_SIMULATION,SIMULATED_KNOWN_TRUTH,,False,False,representative-multibank-analog-1.0.0+seed.20260809
DEMO-R0100-collections,DEMO-R0100,DEMO-TEAM-10,Collections,insurance,South Africa,mid,established,2025-07-01,2026-06-30,2026-08-09,1148497570.98,1083052069.19,2231549640.17,0.51466369,0.2915266,3.43021873,False,,SYNTHETIC_SIMULATION,SIMULATED_KNOWN_TRUTH,,False,False,representative-multibank-analog-1.0.0+seed.20260809
DEMO-R0100-payments,DEMO-R0100,DEMO-TEAM-10,Payments,insurance,South Africa,mid,established,2025-07-01,2026-06-30,2026-08-09,7682282751.68,29168857563.61,36851140315.29,0.20846798,0.2915266,3.43021873,False,,SYNTHETIC_SIMULATION,SIMULATED_KNOWN_TRUTH,,False,False,representative-multibank-analog-1.0.0+seed.20260809
DEMO-R0100-liquidity,DEMO-R0100,DEMO-TEAM-10,Liquidity,insurance,South Africa,mid,established,2025-07-01,2026-06-30,2026-08-09,6827042301.58,9999661822.72,16826704124.3,0.40572665,0.2915266,3.43021873,False,,SYNTHETIC_SIMULATION,SIMULATED_KNOWN_TRUTH,,False,False,representative-multibank-analog-1.0.0+seed.20260809
DEMO-R0100-fx-fx,DEMO-R0100,DEMO-TEAM-10,Cross-border FX,insurance,South Africa,mid,established,2025-07-01,2026-06-30,2026-08-09,949676688.05,2996634788.69,3946311476.74,0.2406492,0.2915266,3.43021873,False,,SYNTHETIC_SIMULATION,SIMULATED_KNOWN_TRUTH,,False,False,representative-multibank-analog-1.0.0+seed.20260809
DEMO-R0100-trade-finance,DEMO-R0100,DEMO-TEAM-10,Trade finance,insurance,South Africa,mid,established,2025-07-01,2026-06-30,2026-08-09,100581492.71,436633558.25,537215050.97,0.18722761,0.2915266,3.43021873,False,,SYNTHETIC_SIMULATION,SIMULATED_KNOWN_TRUTH,,False,False,representative-multibank-analog-1.0.0+seed.20260809
DEMO-R0101-collections,DEMO-R0101,DEMO-TEAM-11,Collections,mining,SADC,upper_mid,established,2025-07-01,2026-06-30,2026-08-09,1013285081.75,1315235643.9,2328520725.65,0.43516258,0.36581889,2.73359309,False,,SYNTHETIC_SIMULATION,SIMULATED_KNOWN_TRUTH,,False,False,representative-multibank-analog-1.0.0+seed.20260809
DEMO-R0101-payments,DEMO-R0101,DEMO-TEAM-11,Payments,mining,SADC,upper_mid,established,2025-07-01,2026-06-30,2026-08-09,2566731299.16,5978481867.03,8545213166.18,0.30037066,0.36581889,2.73359309,False,,SYNTHETIC_SIMULATION,SIMULATED_KNOWN_TRUTH,,False,False,representative-multibank-analog-1.0.0+seed.20260809
DEMO-R0101-liquidity,DEMO-R0101,DEMO-TEAM-11,Liquidity,mining,SADC,upper_mid,established,2025-07-01,2026-06-30,2026-08-09,2411778461.24,1835044472.41,4246822933.64,0.56790182,0.36581889,2.73359309,False,,SYNTHETIC_SIMULATION,SIMULATED_KNOWN_TRUTH,,False,False,representative-multibank-analog-1.0.0+seed.20260809
DEMO-R0101-fx-fx,DEMO-R0101,DEMO-TEAM-11,Cross-border FX,mining,SADC,upper_mid,established,2025-07-01,2026-06-30,2026-08-09,567827746.22,783610012.46,1351437758.68,0.42016567,0.36581889,2.73359309,False,,SYNTHETIC_SIMULATION,SIMULATED_KNOWN_TRUTH,,False,False,representative-multibank-analog-1.0.0+seed.20260809
DEMO-R0101-trade-finance,DEMO-R0101,DEMO-TEAM-11,Trade finance,mining,SADC,upper_mid,established,2025-07-01,2026-06-30,2026-08-09,576820655.02,1001434077.41,1578254732.43,0.36548007,0.36581889,2.73359309,False,,SYNTHETIC_SIMULATION,SIMULATED_KNOWN_TRUTH,,False,False,representative-multibank-analog-1.0.0+seed.20260809
DEMO-R0102-collections,DEMO-R0102,DEMO-TEAM-12,Collections,industrials_pharma,Rest of Africa,upper_mid,developing,2025-07-01,2026-06-30,2026-08-09,833671121.59,1394170878.34,2227841999.92,0.37420568,0.32249135,3.10085835,False,,SYNTHETIC_SIMULATION,SIMULATED_KNOWN_TRUTH,,False,False,representative-multibank-analog-1.0.0+seed.20260809
DEMO-R0102-payments,DEMO-R0102,DEMO-TEAM-12,Payments,industrials_pharma,Rest of Africa,upper_mid,developing,2025-07-01,2026-06-30,2026-08-09,3913810130.82,9010942301.22,12924752432.04,0.30281509,0.32249135,3.10085835,False,,SYNTHETIC_SIMULATION,SIMULATED_KNOWN_TRUTH,,False,False,representative-multibank-analog-1.0.0+seed.20260809
DEMO-R0102-liquidity,DEMO-R0102,DEMO-TEAM-12,Liquidity,industrials_pharma,Rest of Africa,upper_mid,developing,2025-07-01,2026-06-30,2026-08-09,2255791396.05,5456115587.47,7711906983.52,0.2925076,0.32249135,3.10085835,False,,SYNTHETIC_SIMULATION,SIMULATED_KNOWN_TRUTH,,False,False,representative-multibank-analog-1.0.0+seed.20260809
DEMO-R0102-fx-fx,DEMO-R0102,DEMO-TEAM-12,Cross-border FX,industrials_pharma,Rest of Africa,upper_mid,developing,2025-07-01,2026-06-30,2026-08-09,2600234688.14,8830072685.53,11430307373.68,0.22748598,0.32249135,3.10085835,False,,SYNTHETIC_SIMULATION,SIMULATED_KNOWN_TRUTH,,False,False,representative-multibank-analog-1.0.0+seed.20260809
DEMO-R0102-trade-finance,DEMO-R0102,DEMO-TEAM-12,Trade finance,industrials_pharma,Rest of Africa,upper_mid,developing,2025-07-01,2026-06-30,2026-08-09,789644482.3,2446083512.8,3235727995.11,0.2440392,0.32249135,3.10085835,False,,SYNTHETIC_SIMULATION,SIMULATED_KNOWN_TRUTH,,False,False,representative-multibank-analog-1.0.0+seed.20260809
DEMO-R0103-collections,DEMO-R0103,DEMO-TEAM-13,Collections,real_estate,South Africa,large,developing,2025-07-01,2026-06-30,2026-08-09,21698356.58,49623117.68,71321474.26,0.30423315,0.48123479,2.07798775,False,,SYNTHETIC_SIMULATION,SIMULATED_KNOWN_TRUTH,,False,False,representative-multibank-analog-1.0.0+seed.20260809
DEMO-R0103-payments,DEMO-R0103,DEMO-TEAM-13,Payments,real_estate,South Africa,large,developing,2025-07-01,2026-06-30,2026-08-09,24668419.66,95428479.34,120096899.0,0.2054043,0.48123479,2.07798775,False,,SYNTHETIC_SIMULATION,SIMULATED_KNOWN_TRUTH,,False,False,representative-multibank-analog-1.0.0+seed.20260809
DEMO-R0103-liquidity,DEMO-R0103,DEMO-TEAM-13,Liquidity,real_estate,South Africa,large,developing,2025-07-01,2026-06-30,2026-08-09,45422361.38,152710298.89,198132660.27,0.22925227,0.48123479,2.07798775,False,,SYNTHETIC_SIMULATION,SIMULATED_KNOWN_TRUTH,,False,False,representative-multibank-analog-1.0.0+seed.20260809
DEMO-R0103-fx-fx,DEMO-R0103,DEMO-TEAM-13,Cross-border FX,real_estate,South Africa,large,developing,2025-07-01,2026-06-30,2026-08-09,772297984.21,4088362161.67,4860660145.88,0.15888747,0.48123479,2.07798775,False,,SYNTHETIC_SIMULATION,SIMULATED_KNOWN_TRUTH,,False,False,representative-multibank-analog-1.0.0+seed.20260809
DEMO-R0103-trade-finance,DEMO-R0103,DEMO-TEAM-13,Trade finance,real_estate,South Africa,large,developing,2025-07-01,2026-06-30,2026-08-09,8198091.74,27580369.19,35778460.93,0.22913483,0.48123479,2.07798775,False,,SYNTHETIC_SIMULATION,SIMULATED_KNOWN_TRUTH,,False,False,representative-multibank-analog-1.0.0+seed.20260809
DEMO-R0104-collections,DEMO-R0104,DEMO-TEAM-14,Collections,consumer,SADC,large,developing,2025-07-01,2026-06-30,2026-08-09,7987631441.7,31226333905.55,39213965347.25,0.20369354,0.49984343,2.00062646,False,,SYNTHETIC_SIMULATION,SIMULATED_KNOWN_TRUTH,,False,False,representative-multibank-analog-1.0.0+seed.20260809
DEMO-R0104-payments,DEMO-R0104,DEMO-TEAM-14,Payments,consumer,SADC,large,developing,2025-07-01,2026-06-30,2026-08-09,31217961382.05,187120781619.14,218338743001.19,0.14297949,0.49984343,2.00062646,False,,SYNTHETIC_SIMULATION,SIMULATED_KNOWN_TRUTH,,False,False,representative-multibank-analog-1.0.0+seed.20260809
DEMO-R0104-liquidity,DEMO-R0104,DEMO-TEAM-14,Liquidity,consumer,SADC,large,developing,2025-07-01,2026-06-30,2026-08-09,19856866467.84,38721941208.35,58578807676.18,0.33897697,0.49984343,2.00062646,False,,SYNTHETIC_SIMULATION,SIMULATED_KNOWN_TRUTH,,False,False,representative-multibank-analog-1.0.0+seed.20260809
DEMO-R0104-fx-fx,DEMO-R0104,DEMO-TEAM-14,Cross-border FX,consumer,SADC,large,developing,2025-07-01,2026-06-30,2026-08-09,8235980207.54,17117313639.55,25353293847.09,0.32484853,0.49984343,2.00062646,False,,SYNTHETIC_SIMULATION,SIMULATED_KNOWN_TRUTH,,False,False,representative-multibank-analog-1.0.0+seed.20260809
DEMO-R0104-trade-finance,DEMO-R0104,DEMO-TEAM-14,Trade finance,consumer,SADC,large,developing,2025-07-01,2026-06-30,2026-08-09,1691307757.63,7262929926.23,8954237683.86,0.1888835,0.49984343,2.00062646,False,,SYNTHETIC_SIMULATION,SIMULATED_KNOWN_TRUTH,,False,False,representative-multibank-analog-1.0.0+seed.20260809
DEMO-R0105-collections,DEMO-R0105,DEMO-TEAM-15,Collections,insurance,South Africa,large,established,2025-07-01,2026-06-30,2026-08-09,6261419837.82,5178047566.37,11439467404.19,0.54735239,0.50804201,1.96834116,False,,SYNTHETIC_SIMULATION,SIMULATED_KNOWN_TRUTH,,False,False,representative-multibank-analog-1.0.0+seed.20260809
DEMO-R0105-payments,DEMO-R0105,DEMO-TEAM-15,Payments,insurance,South Africa,large,established,2025-07-01,2026-06-30,2026-08-09,50503179020.91,155016702924.68,205519881945.58,0.24573379,0.50804201,1.96834116,False,,SYNTHETIC_SIMULATION,SIMULATED_KNOWN_TRUTH,,False,False,representative-multibank-analog-1.0.0+seed.20260809
DEMO-R0105-liquidity,DEMO-R0105,DEMO-TEAM-15,Liquidity,insurance,South Africa,large,established,2025-07-01,2026-06-30,2026-08-09,18756322270.56,81594238063.75,100350560334.31,0.186908,0.50804201,1.96834116,False,,SYNTHETIC_SIMULATION,SIMULATED_KNOWN_TRUTH,,False,False,representative-multibank-analog-1.0.0+seed.20260809
DEMO-R0105-fx-fx,DEMO-R0105,DEMO-TEAM-15,Cross-border FX,insurance,South Africa,large,established,2025-07-01,2026-06-30,2026-08-09,5326106981.03,11707216520.19,17033323501.22,0.31268748,0.50804201,1.96834116,False,,SYNTHETIC_SIMULATION,SIMULATED_KNOWN_TRUTH,,False,False,representative-multibank-analog-1.0.0+seed.20260809
DEMO-R0105-trade-finance,DEMO-R0105,DEMO-TEAM-15,Trade finance,insurance,South Africa,large,established,2025-07-01,2026-06-30,2026-08-09,269894734.58,5127999957.02,5397894691.6,0.05,0.50804201,1.96834116,False,,SYNTHETIC_SIMULATION,SIMULATED_KNOWN_TRUTH,,False,False,representative-multibank-analog-1.0.0+seed.20260809
DEMO-R0106-collections,DEMO-R0106,DEMO-TEAM-16,Collections,mining,Rest of Africa,mid,developing,2025-07-01,2026-06-30,2026-08-09,571284505.93,2046420416.53,2617704922.47,0.21823869,0.28385973,3.52286669,False,,SYNTHETIC_SIMULATION,SIMULATED_KNOWN_TRUTH,,False,False,representative-multibank-analog-1.0.0+seed.20260809
DEMO-R0106-payments,DEMO-R0106,DEMO-TEAM-16,Payments,mining,Rest of Africa,mid,developing,2025-07-01,2026-06-30,2026-08-09,396325108.55,647965974.31,1044291082.86,0.37951594,0.28385973,3.52286669,False,,SYNTHETIC_SIMULATION,SIMULATED_KNOWN_TRUTH,,False,False,representative-multibank-analog-1.0.0+seed.20260809
DEMO-R0106-liquidity,DEMO-R0106,DEMO-TEAM-16,Liquidity,mining,Rest of Africa,mid,developing,2025-07-01,2026-06-30,2026-08-09,505668220.69,700821622.63,1206489843.32,0.41912348,0.28385973,3.52286669,False,,SYNTHETIC_SIMULATION,SIMULATED_KNOWN_TRUTH,,False,False,representative-multibank-analog-1.0.0+seed.20260809
DEMO-R0106-fx-fx,DEMO-R0106,DEMO-TEAM-16,Cross-border FX,mining,Rest of Africa,mid,developing,2025-07-01,2026-06-30,2026-08-09,426316987.83,1894112918.29,2320429906.13,0.18372328,0.28385973,3.52286669,False,,SYNTHETIC_SIMULATION,SIMULATED_KNOWN_TRUTH,,False,False,representative-multibank-analog-1.0.0+seed.20260809
DEMO-R0106-trade-finance,DEMO-R0106,DEMO-TEAM-16,Trade finance,mining,Rest of Africa,mid,developing,2025-07-01,2026-06-30,2026-08-09,368672218.97,1001593142.18,1370265361.14,0.2690517,0.28385973,3.52286669,False,,SYNTHETIC_SIMULATION,SIMULATED_KNOWN_TRUTH,,False,False,representative-multibank-analog-1.0.0+seed.20260809
DEMO-R0107-collections,DEMO-R0107,DEMO-TEAM-17,Collections,insurance,South Africa,large,established,2025-07-01,2026-06-30,2026-08-09,6940822428.0,5966334003.64,12907156431.64,0.53774993,0.5480159,1.82476456,False,,SYNTHETIC_SIMULATION,SIMULATED_KNOWN_TRUTH,,False,False,representative-multibank-analog-1.0.0+seed.20260809
DEMO-R0107-payments,DEMO-R0107,DEMO-TEAM-17,Payments,insurance,South Africa,large,established,2025-07-01,2026-06-30,2026-08-09,24486340846.73,62473249333.94,86959590180.67,0.28158298,0.5480159,1.82476456,False,,SYNTHETIC_SIMULATION,SIMULATED_KNOWN_TRUTH,,False,False,representative-multibank-analog-1.0.0+seed.20260809
DEMO-R0107-liquidity,DEMO-R0107,DEMO-TEAM-17,Liquidity,insurance,South Africa,large,established,2025-07-01,2026-06-30,2026-08-09,9795671397.2,44127781401.06,53923452798.26,0.18165883,0.5480159,1.82476456,False,,SYNTHETIC_SIMULATION,SIMULATED_KNOWN_TRUTH,,False,False,representative-multibank-analog-1.0.0+seed.20260809
DEMO-R0107-fx-fx,DEMO-R0107,DEMO-TEAM-17,Cross-border FX,insurance,South Africa,large,established,2025-07-01,2026-06-30,2026-08-09,6882422210.21,50389339690.4,57271761900.61,0.1201713,0.5480159,1.82476456,False,,SYNTHETIC_SIMULATION,SIMULATED_KNOWN_TRUTH,,False,False,representative-multibank-analog-1.0.0+seed.20260809
DEMO-R0107-trade-finance,DEMO-R0107,DEMO-TEAM-17,Trade finance,insurance,South Africa,large,established,2025-07-01,2026-06-30,2026-08-09,279834430.97,664830716.13,944665147.1,0.29622606,0.5480159,1.82476456,False,,SYNTHETIC_SIMULATION,SIMULATED_KNOWN_TRUTH,,False,False,representative-multibank-analog-1.0.0+seed.20260809
DEMO-R0108-collections,DEMO-R0108,DEMO-TEAM-18,Collections,real_estate,Global,upper_mid,new,2025-07-01,2026-06-30,2026-08-09,9861489.49,25131956.66,34993446.15,0.28180961,0.39615932,2.52423697,False,,SYNTHETIC_SIMULATION,SIMULATED_KNOWN_TRUTH,,False,False,representative-multibank-analog-1.0.0+seed.20260809
DEMO-R0108-payments,DEMO-R0108,DEMO-TEAM-18,Payments,real_estate,Global,upper_mid,new,2025-07-01,2026-06-30,2026-08-09,34956286.81,69161296.8,104117583.61,0.33573855,0.39615932,2.52423697,False,,SYNTHETIC_SIMULATION,SIMULATED_KNOWN_TRUTH,,False,False,representative-multibank-analog-1.0.0+seed.20260809
DEMO-R0108-liquidity,DEMO-R0108,DEMO-TEAM-18,Liquidity,real_estate,Global,upper_mid,new,2025-07-01,2026-06-30,2026-08-09,10215565.62,17467224.02,27682789.64,0.36902226,0.39615932,2.52423697,False,,SYNTHETIC_SIMULATION,SIMULATED_KNOWN_TRUTH,,False,False,representative-multibank-analog-1.0.0+seed.20260809
DEMO-R0108-fx-fx,DEMO-R0108,DEMO-TEAM-18,Cross-border FX,real_estate,Global,upper_mid,new,2025-07-01,2026-06-30,2026-08-09,182568337.39,740731484.93,923299822.32,0.19773462,0.39615932,2.52423697,False,,SYNTHETIC_SIMULATION,SIMULATED_KNOWN_TRUTH,,False,False,representative-multibank-analog-1.0.0+seed.20260809
DEMO-R0108-trade-finance,DEMO-R0108,DEMO-TEAM-18,Trade finance,real_estate,Global,upper_mid,new,2025-07-01,2026-06-30,2026-08-09,8477328.33,23765150.8,32242479.14,0.26292421,0.39615932,2.52423697,False,,SYNTHETIC_SIMULATION,SIMULATED_KNOWN_TRUTH,,False,False,representative-multibank-analog-1.0.0+seed.20260809
DEMO-R0109-collections,DEMO-R0109,DEMO-TEAM-19,Collections,industrials_pharma,SADC,upper_mid,established,2025-07-01,2026-06-30,2026-08-09,848571276.14,3514188597.61,4362759873.74,0.19450332,0.4226749,2.36588454,False,,SYNTHETIC_SIMULATION,SIMULATED_KNOWN_TRUTH,,False,False,representative-multibank-analog-1.0.0+seed.20260809
DEMO-R0109-payments,DEMO-R0109,DEMO-TEAM-19,Payments,industrials_pharma,SADC,upper_mid,established,2025-07-01,2026-06-30,2026-08-09,4755460994.81,52243774796.06,56999235790.87,0.08343026,0.4226749,2.36588454,False,,SYNTHETIC_SIMULATION,SIMULATED_KNOWN_TRUTH,,False,False,representative-multibank-analog-1.0.0+seed.20260809
DEMO-R0109-liquidity,DEMO-R0109,DEMO-TEAM-19,Liquidity,industrials_pharma,SADC,upper_mid,established,2025-07-01,2026-06-30,2026-08-09,1604180560.62,6644865820.17,8249046380.79,0.19446861,0.4226749,2.36588454,False,,SYNTHETIC_SIMULATION,SIMULATED_KNOWN_TRUTH,,False,False,representative-multibank-analog-1.0.0+seed.20260809
DEMO-R0109-fx-fx,DEMO-R0109,DEMO-TEAM-19,Cross-border FX,industrials_pharma,SADC,upper_mid,established,2025-07-01,2026-06-30,2026-08-09,711408971.95,1775517921.8,2486926893.74,0.28605946,0.4226749,2.36588454,False,,SYNTHETIC_SIMULATION,SIMULATED_KNOWN_TRUTH,,False,False,representative-multibank-analog-1.0.0+seed.20260809
DEMO-R0109-trade-finance,DEMO-R0109,DEMO-TEAM-19,Trade finance,industrials_pharma,SADC,upper_mid,established,2025-07-01,2026-06-30,2026-08-09,1164113216.7,2984273436.82,4148386653.52,0.2806183,0.4226749,2.36588454,False,,SYNTHETIC_SIMULATION,SIMULATED_KNOWN_TRUTH,,False,False,representative-multibank-analog-1.0.0+seed.20260809
DEMO-R0110-collections,DEMO-R0110,DEMO-TEAM-20,Collections,mining,South Africa,mid,established,2025-07-01,2026-06-30,2026-08-09,1032473011.25,1005174677.52,2037647688.78,0.50669849,0.34979047,2.85885432,False,,SYNTHETIC_SIMULATION,SIMULATED_KNOWN_TRUTH,,False,False,representative-multibank-analog-1.0.0+seed.20260809
DEMO-R0110-payments,DEMO-R0110,DEMO-TEAM-20,Payments,mining,South Africa,mid,established,2025-07-01,2026-06-30,2026-08-09,1263745885.94,4062037203.57,5325783089.51,0.23728828,0.34979047,2.85885432,False,,SYNTHETIC_SIMULATION,SIMULATED_KNOWN_TRUTH,,False,False,representative-multibank-analog-1.0.0+seed.20260809
DEMO-R0110-liquidity,DEMO-R0110,DEMO-TEAM-20,Liquidity,mining,South Africa,mid,established,2025-07-01,2026-06-30,2026-08-09,1076187778.91,2458662063.76,3534849842.67,0.30445078,0.34979047,2.85885432,False,,SYNTHETIC_SIMULATION,SIMULATED_KNOWN_TRUTH,,False,False,representative-multibank-analog-1.0.0+seed.20260809
DEMO-R0110-fx-fx,DEMO-R0110,DEMO-TEAM-20,Cross-border FX,mining,South Africa,mid,established,2025-07-01,2026-06-30,2026-08-09,1469838574.0,2352945497.28,3822784071.28,0.38449427,0.34979047,2.85885432,False,,SYNTHETIC_SIMULATION,SIMULATED_KNOWN_TRUTH,,False,False,representative-multibank-analog-1.0.0+seed.20260809
DEMO-R0110-trade-finance,DEMO-R0110,DEMO-TEAM-20,Trade finance,mining,South Africa,mid,established,2025-07-01,2026-06-30,2026-08-09,184345614.7,1145125672.38,1329471287.08,0.13866085,0.34979047,2.85885432,False,,SYNTHETIC_SIMULATION,SIMULATED_KNOWN_TRUTH,,False,False,representative-multibank-analog-1.0.0+seed.20260809
DEMO-R0111-collections,DEMO-R0111,DEMO-TEAM-21,Collections,tech,South Africa,upper_mid,new,2025-07-01,2026-06-30,2026-08-09,221989014.47,399863302.4,621852316.87,0.35698028,0.4164361,2.40132882,False,,SYNTHETIC_SIMULATION,SIMULATED_KNOWN_TRUTH,,False,False,representative-multibank-analog-1.0.0+seed.20260809
DEMO-R0111-payments,DEMO-R0111,DEMO-TEAM-21,Payments,tech,South Africa,upper_mid,new,2025-07-01,2026-06-30,2026-08-09,876679298.36,2137454022.51,3014133320.86,0.29085618,0.4164361,2.40132882,False,,SYNTHETIC_SIMULATION,SIMULATED_KNOWN_TRUTH,,False,False,representative-multibank-analog-1.0.0+seed.20260809
DEMO-R0111-liquidity,DEMO-R0111,DEMO-TEAM-21,Liquidity,tech,South Africa,upper_mid,new,2025-07-01,2026-06-30,2026-08-09,1406821639.07,3566404622.65,4973226261.72,0.28287907,0.4164361,2.40132882,False,,SYNTHETIC_SIMULATION,SIMULATED_KNOWN_TRUTH,,False,False,representative-multibank-analog-1.0.0+seed.20260809
DEMO-R0111-fx-fx,DEMO-R0111,DEMO-TEAM-21,Cross-border FX,tech,South Africa,upper_mid,new,2025-07-01,2026-06-30,2026-08-09,995331367.58,2796921282.83,3792252650.41,0.26246441,0.4164361,2.40132882,False,,SYNTHETIC_SIMULATION,SIMULATED_KNOWN_TRUTH,,False,False,representative-multibank-analog-1.0.0+seed.20260809
DEMO-R0111-trade-finance,DEMO-R0111,DEMO-TEAM-21,Trade finance,tech,South Africa,upper_mid,new,2025-07-01,2026-06-30,2026-08-09,40847381.13,128558274.91,169405656.04,0.24112171,0.4164361,2.40132882,False,,SYNTHETIC_SIMULATION,SIMULATED_KNOWN_TRUTH,,False,False,representative-multibank-analog-1.0.0+seed.20260809
DEMO-R0112-collections,DEMO-R0112,DEMO-TEAM-22,Collections,real_estate,Global,upper_mid,established,2025-07-01,2026-06-30,2026-08-09,17292071.21,22853668.86,40145740.07,0.43073241,0.36208114,2.76181193,False,,SYNTHETIC_SIMULATION,SIMULATED_KNOWN_TRUTH,,False,False,representative-multibank-analog-1.0.0+seed.20260809
DEMO-R0112-payments,DEMO-R0112,DEMO-TEAM-22,Payments,real_estate,Global,upper_mid,established,2025-07-01,2026-06-30,2026-08-09,16837080.39,40131758.4,56968838.8,0.29554895,0.36208114,2.76181193,False,,SYNTHETIC_SIMULATION,SIMULATED_KNOWN_TRUTH,,False,False,representative-multibank-analog-1.0.0+seed.20260809
DEMO-R0112-liquidity,DEMO-R0112,DEMO-TEAM-22,Liquidity,real_estate,Global,upper_mid,established,2025-07-01,2026-06-30,2026-08-09,10758937.0,67447805.76,78206742.76,0.13757045,0.36208114,2.76181193,False,,SYNTHETIC_SIMULATION,SIMULATED_KNOWN_TRUTH,,False,False,representative-multibank-analog-1.0.0+seed.20260809
DEMO-R0112-fx-fx,DEMO-R0112,DEMO-TEAM-22,Cross-border FX,real_estate,Global,upper_mid,established,2025-07-01,2026-06-30,2026-08-09,266364870.48,1389797688.82,1656162559.3,0.16083256,0.36208114,2.76181193,False,,SYNTHETIC_SIMULATION,SIMULATED_KNOWN_TRUTH,,False,False,representative-multibank-analog-1.0.0+seed.20260809
DEMO-R0112-trade-finance,DEMO-R0112,DEMO-TEAM-22,Trade finance,real_estate,Global,upper_mid,established,2025-07-01,2026-06-30,2026-08-09,10022551.7,73018520.09,83041071.79,0.12069391,0.36208114,2.76181193,False,,SYNTHETIC_SIMULATION,SIMULATED_KNOWN_TRUTH,,False,False,representative-multibank-analog-1.0.0+seed.20260809
DEMO-R0113-collections,DEMO-R0113,DEMO-TEAM-23,Collections,consumer,SADC,upper_mid,new,2025-07-01,2026-06-30,2026-08-09,2432560215.61,1696085485.85,4128645701.46,0.58919084,0.31441175,3.18054274,False,,SYNTHETIC_SIMULATION,SIMULATED_KNOWN_TRUTH,,False,False,representative-multibank-analog-1.0.0+seed.20260809
DEMO-R0113-payments,DEMO-R0113,DEMO-TEAM-23,Payments,consumer,SADC,upper_mid,new,2025-07-01,2026-06-30,2026-08-09,3823426857.71,7977151538.04,11800578395.75,0.32400334,0.31441175,3.18054274,False,,SYNTHETIC_SIMULATION,SIMULATED_KNOWN_TRUTH,,False,False,representative-multibank-analog-1.0.0+seed.20260809
DEMO-R0113-liquidity,DEMO-R0113,DEMO-TEAM-23,Liquidity,consumer,SADC,upper_mid,new,2025-07-01,2026-06-30,2026-08-09,3011446543.31,6348923618.35,9360370161.66,0.32172302,0.31441175,3.18054274,False,,SYNTHETIC_SIMULATION,SIMULATED_KNOWN_TRUTH,,False,False,representative-multibank-analog-1.0.0+seed.20260809
DEMO-R0113-fx-fx,DEMO-R0113,DEMO-TEAM-23,Cross-border FX,consumer,SADC,upper_mid,new,2025-07-01,2026-06-30,2026-08-09,6500258951.18,8961549601.83,15461808553.02,0.42040741,0.31441175,3.18054274,False,,SYNTHETIC_SIMULATION,SIMULATED_KNOWN_TRUTH,,False,False,representative-multibank-analog-1.0.0+seed.20260809
DEMO-R0113-trade-finance,DEMO-R0113,DEMO-TEAM-23,Trade finance,consumer,SADC,upper_mid,new,2025-07-01,2026-06-30,2026-08-09,1973447074.97,11709013381.04,13682460456.02,0.14423189,0.31441175,3.18054274,False,,SYNTHETIC_SIMULATION,SIMULATED_KNOWN_TRUTH,,False,False,representative-multibank-analog-1.0.0+seed.20260809
DEMO-R0114-collections,DEMO-R0114,DEMO-TEAM-24,Collections,consumer,Rest of Africa,large,new,2025-07-01,2026-06-30,2026-08-09,5072764171.81,16850039625.36,21922803797.17,0.23139213,0.50149272,1.9940469,False,,SYNTHETIC_SIMULATION,SIMULATED_KNOWN_TRUTH,,False,False,representative-multibank-analog-1.0.0+seed.20260809
DEMO-R0114-payments,DEMO-R0114,DEMO-TEAM-24,Payments,consumer,Rest of Africa,large,new,2025-07-01,2026-06-30,2026-08-09,9028256785.05,19160060177.01,28188316962.06,0.32028364,0.50149272,1.9940469,False,,SYNTHETIC_SIMULATION,SIMULATED_KNOWN_TRUTH,,False,False,representative-multibank-analog-1.0.0+seed.20260809
DEMO-R0114-liquidity,DEMO-R0114,DEMO-TEAM-24,Liquidity,consumer,Rest of Africa,large,new,2025-07-01,2026-06-30,2026-08-09,7338759839.62,21862571807.86,29201331647.48,0.25131593,0.50149272,1.9940469,False,,SYNTHETIC_SIMULATION,SIMULATED_KNOWN_TRUTH,,False,False,representative-multibank-analog-1.0.0+seed.20260809
DEMO-R0114-fx-fx,DEMO-R0114,DEMO-TEAM-24,Cross-border FX,consumer,Rest of Africa,large,new,2025-07-01,2026-06-30,2026-08-09,7422126513.54,34600883345.76,42023009859.3,0.17662054,0.50149272,1.9940469,False,,SYNTHETIC_SIMULATION,SIMULATED_KNOWN_TRUTH,,False,False,representative-multibank-analog-1.0.0+seed.20260809
DEMO-R0114-trade-finance,DEMO-R0114,DEMO-TEAM-24,Trade finance,consumer,Rest of Africa,large,new,2025-07-01,2026-06-30,2026-08-09,2999856313.59,12401705386.64,15401561700.23,0.19477611,0.50149272,1.9940469,False,,SYNTHETIC_SIMULATION,SIMULATED_KNOWN_TRUTH,,False,False,representative-multibank-analog-1.0.0+seed.20260809
DEMO-R0115-collections,DEMO-R0115,DEMO-TEAM-25,Collections,mining,South Africa,upper_mid,developing,2025-07-01,2026-06-30,2026-08-09,4526231935.58,9769695602.51,14295927538.08,0.31660988,0.43051701,2.32278857,False,,SYNTHETIC_SIMULATION,SIMULATED_KNOWN_TRUTH,,False,False,representative-multibank-analog-1.0.0+seed.20260809
DEMO-R0115-payments,DEMO-R0115,DEMO-TEAM-25,Payments,mining,South Africa,upper_mid,developing,2025-07-01,2026-06-30,2026-08-09,1989573345.4,4536234421.32,6525807766.72,0.30487771,0.43051701,2.32278857,False,,SYNTHETIC_SIMULATION,SIMULATED_KNOWN_TRUTH,,False,False,representative-multibank-analog-1.0.0+seed.20260809
DEMO-R0115-liquidity,DEMO-R0115,DEMO-TEAM-25,Liquidity,mining,South Africa,upper_mid,developing,2025-07-01,2026-06-30,2026-08-09,1461373376.51,3070872881.22,4532246257.74,0.32243909,0.43051701,2.32278857,False,,SYNTHETIC_SIMULATION,SIMULATED_KNOWN_TRUTH,,False,False,representative-multibank-analog-1.0.0+seed.20260809
DEMO-R0115-fx-fx,DEMO-R0115,DEMO-TEAM-25,Cross-border FX,mining,South Africa,upper_mid,developing,2025-07-01,2026-06-30,2026-08-09,1247991204.25,2885189155.97,4133180360.22,0.30194453,0.43051701,2.32278857,False,,SYNTHETIC_SIMULATION,SIMULATED_KNOWN_TRUTH,,False,False,representative-multibank-analog-1.0.0+seed.20260809
DEMO-R0115-trade-finance,DEMO-R0115,DEMO-TEAM-25,Trade finance,mining,South Africa,upper_mid,developing,2025-07-01,2026-06-30,2026-08-09,449350553.89,1937745844.91,2387096398.79,0.18824148,0.43051701,2.32278857,False,,SYNTHETIC_SIMULATION,SIMULATED_KNOWN_TRUTH,,False,False,representative-multibank-analog-1.0.0+seed.20260809
DEMO-R0116-collections,DEMO-R0116,DEMO-TEAM-26,Collections,consumer,South Africa,upper_mid,new,2025-07-01,2026-06-30,2026-08-09,1905646676.66,3720384939.95,5626031616.61,0.33871951,0.34447486,2.9029695,False,,SYNTHETIC_SIMULATION,SIMULATED_KNOWN_TRUTH,,False,False,representative-multibank-analog-1.0.0+seed.20260809
DEMO-R0116-payments,DEMO-R0116,DEMO-TEAM-26,Payments,consumer,South Africa,upper_mid,new,2025-07-01,2026-06-30,2026-08-09,7460533653.94,35531098888.38,42991632542.32,0.17353455,0.34447486,2.9029695,False,,SYNTHETIC_SIMULATION,SIMULATED_KNOWN_TRUTH,,False,False,representative-multibank-analog-1.0.0+seed.20260809
DEMO-R0116-liquidity,DEMO-R0116,DEMO-TEAM-26,Liquidity,consumer,South Africa,upper_mid,new,2025-07-01,2026-06-30,2026-08-09,7448565104.63,24545984732.26,31994549836.89,0.23280731,0.34447486,2.9029695,False,,SYNTHETIC_SIMULATION,SIMULATED_KNOWN_TRUTH,,False,False,representative-multibank-analog-1.0.0+seed.20260809
DEMO-R0116-fx-fx,DEMO-R0116,DEMO-TEAM-26,Cross-border FX,consumer,South Africa,upper_mid,new,2025-07-01,2026-06-30,2026-08-09,4986007142.05,11819859827.68,16805866969.73,0.29668253,0.34447486,2.9029695,False,,SYNTHETIC_SIMULATION,SIMULATED_KNOWN_TRUTH,,False,False,representative-multibank-analog-1.0.0+seed.20260809
DEMO-R0116-trade-finance,DEMO-R0116,DEMO-TEAM-26,Trade finance,consumer,South Africa,upper_mid,new,2025-07-01,2026-06-30,2026-08-09,3067137609.86,7533790116.56,10600927726.42,0.28932728,0.34447486,2.9029695,False,,SYNTHETIC_SIMULATION,SIMULATED_KNOWN_TRUTH,,False,False,representative-multibank-analog-1.0.0+seed.20260809
DEMO-R0117-collections,DEMO-R0117,DEMO-TEAM-27,Collections,real_estate,SADC,large,established,2025-07-01,2026-06-30,2026-08-09,38900261.91,49879347.64,88779609.55,0.43816663,0.49389506,2.02472159,False,,SYNTHETIC_SIMULATION,SIMULATED_KNOWN_TRUTH,,False,False,representative-multibank-analog-1.0.0+seed.20260809
DEMO-R0117-payments,DEMO-R0117,DEMO-TEAM-27,Payments,real_estate,SADC,large,established,2025-07-01,2026-06-30,2026-08-09,36598729.4,51278370.88,87877100.27,0.4164763,0.49389506,2.02472159,False,,SYNTHETIC_SIMULATION,SIMULATED_KNOWN_TRUTH,,False,False,representative-multibank-analog-1.0.0+seed.20260809
DEMO-R0117-liquidity,DEMO-R0117,DEMO-TEAM-27,Liquidity,real_estate,SADC,large,established,2025-07-01,2026-06-30,2026-08-09,21493936.75,12851281.04,34345217.79,0.62582037,0.49389506,2.02472159,False,,SYNTHETIC_SIMULATION,SIMULATED_KNOWN_TRUTH,,False,False,representative-multibank-analog-1.0.0+seed.20260809
DEMO-R0117-fx-fx,DEMO-R0117,DEMO-TEAM-27,Cross-border FX,real_estate,SADC,large,established,2025-07-01,2026-06-30,2026-08-09,549174620.49,5383786160.13,5932960780.62,0.09256333,0.49389506,2.02472159,False,,SYNTHETIC_SIMULATION,SIMULATED_KNOWN_TRUTH,,False,False,representative-multibank-analog-1.0.0+seed.20260809
DEMO-R0117-trade-finance,DEMO-R0117,DEMO-TEAM-27,Trade finance,real_estate,SADC,large,established,2025-07-01,2026-06-30,2026-08-09,13360601.07,34973179.91,48333780.98,0.27642367,0.49389506,2.02472159,False,,SYNTHETIC_SIMULATION,SIMULATED_KNOWN_TRUTH,,False,False,representative-multibank-analog-1.0.0+seed.20260809
DEMO-R0118-collections,DEMO-R0118,DEMO-TEAM-28,Collections,real_estate,SADC,upper_mid,developing,2025-07-01,2026-06-30,2026-08-09,7013867.39,34848797.5,41862664.88,0.16754469,0.3329938,3.00305889,False,,SYNTHETIC_SIMULATION,SIMULATED_KNOWN_TRUTH,,False,False,representative-multibank-analog-1.0.0+seed.20260809
DEMO-R0118-payments,DEMO-R0118,DEMO-TEAM-28,Payments,real_estate,SADC,upper_mid,developing,2025-07-01,2026-06-30,2026-08-09,35742832.94,69136265.48,104879098.42,0.34080035,0.3329938,3.00305889,False,,SYNTHETIC_SIMULATION,SIMULATED_KNOWN_TRUTH,,False,False,representative-multibank-analog-1.0.0+seed.20260809
DEMO-R0118-liquidity,DEMO-R0118,DEMO-TEAM-28,Liquidity,real_estate,SADC,upper_mid,developing,2025-07-01,2026-06-30,2026-08-09,16368289.07,66338595.79,82706884.87,0.19790721,0.3329938,3.00305889,False,,SYNTHETIC_SIMULATION,SIMULATED_KNOWN_TRUTH,,False,False,representative-multibank-analog-1.0.0+seed.20260809
DEMO-R0118-fx-fx,DEMO-R0118,DEMO-TEAM-28,Cross-border FX,real_estate,SADC,upper_mid,developing,2025-07-01,2026-06-30,2026-08-09,177055981.22,1540555850.06,1717611831.29,0.10308265,0.3329938,3.00305889,False,,SYNTHETIC_SIMULATION,SIMULATED_KNOWN_TRUTH,,False,False,representative-multibank-analog-1.0.0+seed.20260809
DEMO-R0118-trade-finance,DEMO-R0118,DEMO-TEAM-28,Trade finance,real_estate,SADC,upper_mid,developing,2025-07-01,2026-06-30,2026-08-09,4476311.6,16099867.28,20576178.88,0.21754824,0.3329938,3.00305889,False,,SYNTHETIC_SIMULATION,SIMULATED_KNOWN_TRUTH,,False,False,representative-multibank-analog-1.0.0+seed.20260809
DEMO-R0119-collections,DEMO-R0119,DEMO-TEAM-29,Collections,tech,South Africa,upper_mid,established,2025-07-01,2026-06-30,2026-08-09,817408742.22,4530627133.38,5348035875.6,0.15284279,0.34930802,2.86280284,False,,SYNTHETIC_SIMULATION,SIMULATED_KNOWN_TRUTH,,False,False,representative-multibank-analog-1.0.0+seed.20260809
DEMO-R0119-payments,DEMO-R0119,DEMO-TEAM-29,Payments,tech,South Africa,upper_mid,established,2025-07-01,2026-06-30,2026-08-09,1620992001.64,3755482596.05,5376474597.69,0.30149719,0.34930802,2.86280284,False,,SYNTHETIC_SIMULATION,SIMULATED_KNOWN_TRUTH,,False,False,representative-multibank-analog-1.0.0+seed.20260809
DEMO-R0119-liquidity,DEMO-R0119,DEMO-TEAM-29,Liquidity,tech,South Africa,upper_mid,established,2025-07-01,2026-06-30,2026-08-09,1162132560.04,1865021300.66,3027153860.7,0.38390271,0.34930802,2.86280284,False,,SYNTHETIC_SIMULATION,SIMULATED_KNOWN_TRUTH,,False,False,representative-multibank-analog-1.0.0+seed.20260809
DEMO-R0119-fx-fx,DEMO-R0119,DEMO-TEAM-29,Cross-border FX,tech,South Africa,upper_mid,established,2025-07-01,2026-06-30,2026-08-09,3312041265.68,9924235659.49,13236276925.17,0.25022454,0.34930802,2.86280284,False,,SYNTHETIC_SIMULATION,SIMULATED_KNOWN_TRUTH,,False,False,representative-multibank-analog-1.0.0+seed.20260809
DEMO-R0119-trade-finance,DEMO-R0119,DEMO-TEAM-29,Trade finance,tech,South Africa,upper_mid,established,2025-07-01,2026-06-30,2026-08-09,16141731.0,34132233.53,50273964.53,0.32107535,0.34930802,2.86280284,False,,SYNTHETIC_SIMULATION,SIMULATED_KNOWN_TRUTH,,False,False,representative-multibank-analog-1.0.0+seed.20260809
DEMO-R0120-collections,DEMO-R0120,DEMO-TEAM-30,Collections,insurance,South Africa,upper_mid,new,2025-07-01,2026-06-30,2026-08-09,1981562435.76,4251818037.27,6233380473.03,0.31789531,0.36175371,2.76431166,False,,SYNTHETIC_SIMULATION,SIMULATED_KNOWN_TRUTH,,False,False,representative-multibank-analog-1.0.0+seed.20260809
DEMO-R0120-payments,DEMO-R0120,DEMO-TEAM-30,Payments,insurance,South Africa,upper_mid,new,2025-07-01,2026-06-30,2026-08-09,6830959084.49,16419699383.02,23250658467.52,0.29379637,0.36175371,2.76431166,False,,SYNTHETIC_SIMULATION,SIMULATED_KNOWN_TRUTH,,False,False,representative-multibank-analog-1.0.0+seed.20260809
DEMO-R0120-liquidity,DEMO-R0120,DEMO-TEAM-30,Liquidity,insurance,South Africa,upper_mid,new,2025-07-01,2026-06-30,2026-08-09,2691839511.21,4414898251.59,7106737762.81,0.37877288,0.36175371,2.76431166,False,,SYNTHETIC_SIMULATION,SIMULATED_KNOWN_TRUTH,,False,False,representative-multibank-analog-1.0.0+seed.20260809
DEMO-R0120-fx-fx,DEMO-R0120,DEMO-TEAM-30,Cross-border FX,insurance,South Africa,upper_mid,new,2025-07-01,2026-06-30,2026-08-09,1700433661.53,3056784093.27,4757217754.8,0.35744289,0.36175371,2.76431166,False,,SYNTHETIC_SIMULATION,SIMULATED_KNOWN_TRUTH,,False,False,representative-multibank-analog-1.0.0+seed.20260809
DEMO-R0120-trade-finance,DEMO-R0120,DEMO-TEAM-30,Trade finance,insurance,South Africa,upper_mid,new,2025-07-01,2026-06-30,2026-08-09,83852405.38,111354814.5,195207219.88,0.42955586,0.36175371,2.76431166,False,,SYNTHETIC_SIMULATION,SIMULATED_KNOWN_TRUTH,,False,False,representative-multibank-analog-1.0.0+seed.20260809
DEMO-R0121-collections,DEMO-R0121,DEMO-TEAM-01,Collections,mining,SADC,large,new,2025-07-01,2026-06-30,2026-08-09,2194148219.06,8021770813.82,10215919032.87,0.21477737,0.46388152,2.15572287,False,,SYNTHETIC_SIMULATION,SIMULATED_KNOWN_TRUTH,,False,False,representative-multibank-analog-1.0.0+seed.20260809
DEMO-R0121-payments,DEMO-R0121,DEMO-TEAM-01,Payments,mining,SADC,large,new,2025-07-01,2026-06-30,2026-08-09,2922781917.83,5330986212.74,8253768130.57,0.35411486,0.46388152,2.15572287,False,,SYNTHETIC_SIMULATION,SIMULATED_KNOWN_TRUTH,,False,False,representative-multibank-analog-1.0.0+seed.20260809
DEMO-R0121-liquidity,DEMO-R0121,DEMO-TEAM-01,Liquidity,mining,SADC,large,new,2025-07-01,2026-06-30,2026-08-09,3691522971.84,4666787504.04,8358310475.88,0.44165899,0.46388152,2.15572287,False,,SYNTHETIC_SIMULATION,SIMULATED_KNOWN_TRUTH,,False,False,representative-multibank-analog-1.0.0+seed.20260809
DEMO-R0121-fx-fx,DEMO-R0121,DEMO-TEAM-01,Cross-border FX,mining,SADC,large,new,2025-07-01,2026-06-30,2026-08-09,1852033265.89,2682720813.28,4534754079.17,0.40840875,0.46388152,2.15572287,False,,SYNTHETIC_SIMULATION,SIMULATED_KNOWN_TRUTH,,False,False,representative-multibank-analog-1.0.0+seed.20260809
DEMO-R0121-trade-finance,DEMO-R0121,DEMO-TEAM-01,Trade finance,mining,SADC,large,new,2025-07-01,2026-06-30,2026-08-09,777378382.34,7259718502.04,8037096884.38,0.09672378,0.46388152,2.15572287,False,,SYNTHETIC_SIMULATION,SIMULATED_KNOWN_TRUTH,,False,False,representative-multibank-analog-1.0.0+seed.20260809
DEMO-R0122-collections,DEMO-R0122,DEMO-TEAM-02,Collections,industrials_pharma,South Africa,mid,developing,2025-07-01,2026-06-30,2026-08-09,285185602.15,304497857.2,589683459.35,0.4836249,0.33913772,2.94865461,False,,SYNTHETIC_SIMULATION,SIMULATED_KNOWN_TRUTH,,False,False,representative-multibank-analog-1.0.0+seed.20260809
DEMO-R0122-payments,DEMO-R0122,DEMO-TEAM-02,Payments,industrials_pharma,South Africa,mid,developing,2025-07-01,2026-06-30,2026-08-09,1142764987.05,1064016170.33,2206781157.38,0.51784246,0.33913772,2.94865461,False,,SYNTHETIC_SIMULATION,SIMULATED_KNOWN_TRUTH,,False,False,representative-multibank-analog-1.0.0+seed.20260809
DEMO-R0122-liquidity,DEMO-R0122,DEMO-TEAM-02,Liquidity,industrials_pharma,South Africa,mid,developing,2025-07-01,2026-06-30,2026-08-09,969929046.41,2050582427.07,3020511473.48,0.32111417,0.33913772,2.94865461,False,,SYNTHETIC_SIMULATION,SIMULATED_KNOWN_TRUTH,,False,False,representative-multibank-analog-1.0.0+seed.20260809
DEMO-R0122-fx-fx,DEMO-R0122,DEMO-TEAM-02,Cross-border FX,industrials_pharma,South Africa,mid,developing,2025-07-01,2026-06-30,2026-08-09,1056793221.94,12705792815.8,13762586037.74,0.0767874,0.33913772,2.94865461,False,,SYNTHETIC_SIMULATION,SIMULATED_KNOWN_TRUTH,,False,False,representative-multibank-analog-1.0.0+seed.20260809
DEMO-R0122-trade-finance,DEMO-R0122,DEMO-TEAM-02,Trade finance,industrials_pharma,South Africa,mid,developing,2025-07-01,2026-06-30,2026-08-09,249712016.86,533380803.89,783092820.74,0.31887921,0.33913772,2.94865461,False,,SYNTHETIC_SIMULATION,SIMULATED_KNOWN_TRUTH,,False,False,representative-multibank-analog-1.0.0+seed.20260809
DEMO-R0123-collections,DEMO-R0123,DEMO-TEAM-03,Collections,mining,Global,mid,established,2025-07-01,2026-06-30,2026-08-09,1455534670.54,1103404435.49,2558939106.03,0.56880395,0.32427014,3.0838485,False,,SYNTHETIC_SIMULATION,SIMULATED_KNOWN_TRUTH,,False,False,representative-multibank-analog-1.0.0+seed.20260809
DEMO-R0123-payments,DEMO-R0123,DEMO-TEAM-03,Payments,mining,Global,mid,established,2025-07-01,2026-06-30,2026-08-09,681912392.01,2857959754.02,3539872146.02,0.19263758,0.32427014,3.0838485,False,,SYNTHETIC_SIMULATION,SIMULATED_KNOWN_TRUTH,,False,False,representative-multibank-analog-1.0.0+seed.20260809
DEMO-R0123-liquidity,DEMO-R0123,DEMO-TEAM-03,Liquidity,mining,Global,mid,established,2025-07-01,2026-06-30,2026-08-09,582586349.42,1129663383.58,1712249733.0,0.34024613,0.32427014,3.0838485,False,,SYNTHETIC_SIMULATION,SIMULATED_KNOWN_TRUTH,,False,False,representative-multibank-analog-1.0.0+seed.20260809
DEMO-R0123-fx-fx,DEMO-R0123,DEMO-TEAM-03,Cross-border FX,mining,Global,mid,established,2025-07-01,2026-06-30,2026-08-09,1584381121.14,9274701145.52,10859082266.66,0.14590378,0.32427014,3.0838485,False,,SYNTHETIC_SIMULATION,SIMULATED_KNOWN_TRUTH,,False,False,representative-multibank-analog-1.0.0+seed.20260809
DEMO-R0123-trade-finance,DEMO-R0123,DEMO-TEAM-03,Trade finance,mining,Global,mid,established,2025-07-01,2026-06-30,2026-08-09,389362209.67,4606212496.11,4995574705.79,0.07794142,0.32427014,3.0838485,False,,SYNTHETIC_SIMULATION,SIMULATED_KNOWN_TRUTH,,False,False,representative-multibank-analog-1.0.0+seed.20260809
DEMO-R0124-collections,DEMO-R0124,DEMO-TEAM-04,Collections,mining,South Africa,mid,established,2025-07-01,2026-06-30,2026-08-09,744457712.49,3134464593.32,3878922305.81,0.19192385,0.35825765,2.79128726,False,,SYNTHETIC_SIMULATION,SIMULATED_KNOWN_TRUTH,,False,False,representative-multibank-analog-1.0.0+seed.20260809
DEMO-R0124-payments,DEMO-R0124,DEMO-TEAM-04,Payments,mining,South Africa,mid,established,2025-07-01,2026-06-30,2026-08-09,620533940.69,1742468157.03,2363002097.72,0.26260406,0.35825765,2.79128726,False,,SYNTHETIC_SIMULATION,SIMULATED_KNOWN_TRUTH,,False,False,representative-multibank-analog-1.0.0+seed.20260809
DEMO-R0124-liquidity,DEMO-R0124,DEMO-TEAM-04,Liquidity,mining,South Africa,mid,established,2025-07-01,2026-06-30,2026-08-09,734586901.94,2062176277.69,2796763179.62,0.2626561,0.35825765,2.79128726,False,,SYNTHETIC_SIMULATION,SIMULATED_KNOWN_TRUTH,,False,False,representative-multibank-analog-1.0.0+seed.20260809
DEMO-R0124-fx-fx,DEMO-R0124,DEMO-TEAM-04,Cross-border FX,mining,South Africa,mid,established,2025-07-01,2026-06-30,2026-08-09,815617026.82,4761152346.83,5576769373.64,0.1462526,0.35825765,2.79128726,False,,SYNTHETIC_SIMULATION,SIMULATED_KNOWN_TRUTH,,False,False,representative-multibank-analog-1.0.0+seed.20260809
DEMO-R0124-trade-finance,DEMO-R0124,DEMO-TEAM-04,Trade finance,mining,South Africa,mid,established,2025-07-01,2026-06-30,2026-08-09,337907259.93,1574066950.51,1911974210.44,0.17673212,0.35825765,2.79128726,False,,SYNTHETIC_SIMULATION,SIMULATED_KNOWN_TRUTH,,False,False,representative-multibank-analog-1.0.0+seed.20260809
DEMO-R0125-collections,DEMO-R0125,DEMO-TEAM-05,Collections,mining,South Africa,upper_mid,new,2025-07-01,2026-06-30,2026-08-09,1906561642.76,5975282997.48,7881844640.24,0.24189282,0.32345841,3.09158757,False,,SYNTHETIC_SIMULATION,SIMULATED_KNOWN_TRUTH,,False,False,representative-multibank-analog-1.0.0+seed.20260809
DEMO-R0125-payments,DEMO-R0125,DEMO-TEAM-05,Payments,mining,South Africa,upper_mid,new,2025-07-01,2026-06-30,2026-08-09,813827856.24,1326223501.27,2140051357.51,0.38028426,0.32345841,3.09158757,False,,SYNTHETIC_SIMULATION,SIMULATED_KNOWN_TRUTH,,False,False,representative-multibank-analog-1.0.0+seed.20260809
DEMO-R0125-liquidity,DEMO-R0125,DEMO-TEAM-05,Liquidity,mining,South Africa,upper_mid,new,2025-07-01,2026-06-30,2026-08-09,964415345.81,3474234044.31,4438649390.12,0.21727676,0.32345841,3.09158757,False,,SYNTHETIC_SIMULATION,SIMULATED_KNOWN_TRUTH,,False,False,representative-multibank-analog-1.0.0+seed.20260809
DEMO-R0125-fx-fx,DEMO-R0125,DEMO-TEAM-05,Cross-border FX,mining,South Africa,upper_mid,new,2025-07-01,2026-06-30,2026-08-09,770846034.59,1353865916.62,2124711951.21,0.36280025,0.32345841,3.09158757,False,,SYNTHETIC_SIMULATION,SIMULATED_KNOWN_TRUTH,,False,False,representative-multibank-analog-1.0.0+seed.20260809
DEMO-R0125-trade-finance,DEMO-R0125,DEMO-TEAM-05,Trade finance,mining,South Africa,upper_mid,new,2025-07-01,2026-06-30,2026-08-09,753429360.85,1920411837.88,2673841198.73,0.2817779,0.32345841,3.09158757,False,,SYNTHETIC_SIMULATION,SIMULATED_KNOWN_TRUTH,,False,False,representative-multibank-analog-1.0.0+seed.20260809
DEMO-R0126-collections,DEMO-R0126,DEMO-TEAM-06,Collections,mining,Rest of Africa,large,new,2025-07-01,2026-06-30,2026-08-09,3111368561.05,13230975369.72,16342343930.78,0.19038692,0.45020406,2.22121496,False,,SYNTHETIC_SIMULATION,SIMULATED_KNOWN_TRUTH,,False,False,representative-multibank-analog-1.0.0+seed.20260809
DEMO-R0126-payments,DEMO-R0126,DEMO-TEAM-06,Payments,mining,Rest of Africa,large,new,2025-07-01,2026-06-30,2026-08-09,2521493878.29,13147814286.36,15669308164.65,0.16091929,0.45020406,2.22121496,False,,SYNTHETIC_SIMULATION,SIMULATED_KNOWN_TRUTH,,False,False,representative-multibank-analog-1.0.0+seed.20260809
DEMO-R0126-liquidity,DEMO-R0126,DEMO-TEAM-06,Liquidity,mining,Rest of Africa,large,new,2025-07-01,2026-06-30,2026-08-09,3528935071.18,7250587562.71,10779522633.88,0.32737397,0.45020406,2.22121496,False,,SYNTHETIC_SIMULATION,SIMULATED_KNOWN_TRUTH,,False,False,representative-multibank-analog-1.0.0+seed.20260809
DEMO-R0126-fx-fx,DEMO-R0126,DEMO-TEAM-06,Cross-border FX,mining,Rest of Africa,large,new,2025-07-01,2026-06-30,2026-08-09,1362728055.34,6322013939.86,7684741995.2,0.17732906,0.45020406,2.22121496,False,,SYNTHETIC_SIMULATION,SIMULATED_KNOWN_TRUTH,,False,False,representative-multibank-analog-1.0.0+seed.20260809
DEMO-R0126-trade-finance,DEMO-R0126,DEMO-TEAM-06,Trade finance,mining,Rest of Africa,large,new,2025-07-01,2026-06-30,2026-08-09,1385508339.88,1856396649.96,3241904989.84,0.42737475,0.45020406,2.22121496,False,,SYNTHETIC_SIMULATION,SIMULATED_KNOWN_TRUTH,,False,False,representative-multibank-analog-1.0.0+seed.20260809
DEMO-R0127-collections,DEMO-R0127,DEMO-TEAM-07,Collections,real_estate,Global,upper_mid,new,2025-07-01,2026-06-30,2026-08-09,5710166.6,11427349.43,17137516.03,0.33319686,0.30499939,3.27869505,False,,SYNTHETIC_SIMULATION,SIMULATED_KNOWN_TRUTH,,False,False,representative-multibank-analog-1.0.0+seed.20260809
DEMO-R0127-payments,DEMO-R0127,DEMO-TEAM-07,Payments,real_estate,Global,upper_mid,new,2025-07-01,2026-06-30,2026-08-09,10205368.58,15825415.35,26030783.92,0.39204999,0.30499939,3.27869505,False,,SYNTHETIC_SIMULATION,SIMULATED_KNOWN_TRUTH,,False,False,representative-multibank-analog-1.0.0+seed.20260809
DEMO-R0127-liquidity,DEMO-R0127,DEMO-TEAM-07,Liquidity,real_estate,Global,upper_mid,new,2025-07-01,2026-06-30,2026-08-09,9869024.86,18691704.1,28560728.96,0.34554527,0.30499939,3.27869505,False,,SYNTHETIC_SIMULATION,SIMULATED_KNOWN_TRUTH,,False,False,representative-multibank-analog-1.0.0+seed.20260809
DEMO-R0127-fx-fx,DEMO-R0127,DEMO-TEAM-07,Cross-border FX,real_estate,Global,upper_mid,new,2025-07-01,2026-06-30,2026-08-09,158888800.7,234111543.14,393000343.85,0.40429685,0.30499939,3.27869505,False,,SYNTHETIC_SIMULATION,SIMULATED_KNOWN_TRUTH,,False,False,representative-multibank-analog-1.0.0+seed.20260809
DEMO-R0127-trade-finance,DEMO-R0127,DEMO-TEAM-07,Trade finance,real_estate,Global,upper_mid,new,2025-07-01,2026-06-30,2026-08-09,4577048.56,13317172.17,17894220.72,0.25578362,0.30499939,3.27869505,False,,SYNTHETIC_SIMULATION,SIMULATED_KNOWN_TRUTH,,False,False,representative-multibank-analog-1.0.0+seed.20260809
DEMO-R0128-collections,DEMO-R0128,DEMO-TEAM-08,Collections,insurance,South Africa,mid,new,2025-07-01,2026-06-30,2026-08-09,741303280.65,1023136040.3,1764439320.96,0.42013532,0.29111401,3.43508033,False,,SYNTHETIC_SIMULATION,SIMULATED_KNOWN_TRUTH,,False,False,representative-multibank-analog-1.0.0+seed.20260809
DEMO-R0128-payments,DEMO-R0128,DEMO-TEAM-08,Payments,insurance,South Africa,mid,new,2025-07-01,2026-06-30,2026-08-09,1846692259.34,5944638480.59,7791330739.94,0.23701885,0.29111401,3.43508033,False,,SYNTHETIC_SIMULATION,SIMULATED_KNOWN_TRUTH,,False,False,representative-multibank-analog-1.0.0+seed.20260809
DEMO-R0128-liquidity,DEMO-R0128,DEMO-TEAM-08,Liquidity,insurance,South Africa,mid,new,2025-07-01,2026-06-30,2026-08-09,1145359992.65,2201704463.56,3347064456.21,0.34219837,0.29111401,3.43508033,False,,SYNTHETIC_SIMULATION,SIMULATED_KNOWN_TRUTH,,False,False,representative-multibank-analog-1.0.0+seed.20260809
DEMO-R0128-fx-fx,DEMO-R0128,DEMO-TEAM-08,Cross-border FX,insurance,South Africa,mid,new,2025-07-01,2026-06-30,2026-08-09,881818583.98,1220890083.45,2102708667.44,0.41937269,0.29111401,3.43508033,False,,SYNTHETIC_SIMULATION,SIMULATED_KNOWN_TRUTH,,False,False,representative-multibank-analog-1.0.0+seed.20260809
DEMO-R0128-trade-finance,DEMO-R0128,DEMO-TEAM-08,Trade finance,insurance,South Africa,mid,new,2025-07-01,2026-06-30,2026-08-09,44837297.92,244363161.08,289200459.0,0.15503882,0.29111401,3.43508033,False,,SYNTHETIC_SIMULATION,SIMULATED_KNOWN_TRUTH,,False,False,representative-multibank-analog-1.0.0+seed.20260809
DEMO-R0129-collections,DEMO-R0129,DEMO-TEAM-09,Collections,real_estate,SADC,mid,established,2025-07-01,2026-06-30,2026-08-09,5941063.11,27795160.99,33736224.1,0.17610338,0.39131267,2.55550121,False,,SYNTHETIC_SIMULATION,SIMULATED_KNOWN_TRUTH,,False,False,representative-multibank-analog-1.0.0+seed.20260809
DEMO-R0129-payments,DEMO-R0129,DEMO-TEAM-09,Payments,real_estate,SADC,mid,established,2025-07-01,2026-06-30,2026-08-09,4057004.55,5165162.89,9222167.44,0.43991877,0.39131267,2.55550121,False,,SYNTHETIC_SIMULATION,SIMULATED_KNOWN_TRUTH,,False,False,representative-multibank-analog-1.0.0+seed.20260809
DEMO-R0129-liquidity,DEMO-R0129,DEMO-TEAM-09,Liquidity,real_estate,SADC,mid,established,2025-07-01,2026-06-30,2026-08-09,8515553.36,7661476.62,16177029.98,0.52639782,0.39131267,2.55550121,False,,SYNTHETIC_SIMULATION,SIMULATED_KNOWN_TRUTH,,False,False,representative-multibank-analog-1.0.0+seed.20260809
DEMO-R0129-fx-fx,DEMO-R0129,DEMO-TEAM-09,Cross-border FX,real_estate,SADC,mid,established,2025-07-01,2026-06-30,2026-08-09,56400969.79,177407646.71,233808616.5,0.24122708,0.39131267,2.55550121,False,,SYNTHETIC_SIMULATION,SIMULATED_KNOWN_TRUTH,,False,False,representative-multibank-analog-1.0.0+seed.20260809
DEMO-R0129-trade-finance,DEMO-R0129,DEMO-TEAM-09,Trade finance,real_estate,SADC,mid,established,2025-07-01,2026-06-30,2026-08-09,2240482.22,14461609.28,16702091.5,0.13414381,0.39131267,2.55550121,False,,SYNTHETIC_SIMULATION,SIMULATED_KNOWN_TRUTH,,False,False,representative-multibank-analog-1.0.0+seed.20260809
DEMO-R0130-collections,DEMO-R0130,DEMO-TEAM-10,Collections,consumer,Global,upper_mid,established,2025-07-01,2026-06-30,2026-08-09,12360574370.1,13475194761.34,25835769131.44,0.47842874,0.40144395,2.49100777,False,,SYNTHETIC_SIMULATION,SIMULATED_KNOWN_TRUTH,,False,False,representative-multibank-analog-1.0.0+seed.20260809
DEMO-R0130-payments,DEMO-R0130,DEMO-TEAM-10,Payments,consumer,Global,upper_mid,established,2025-07-01,2026-06-30,2026-08-09,11805747820.73,24751587073.65,36557334894.38,0.32293787,0.40144395,2.49100777,False,,SYNTHETIC_SIMULATION,SIMULATED_KNOWN_TRUTH,,False,False,representative-multibank-analog-1.0.0+seed.20260809
DEMO-R0130-liquidity,DEMO-R0130,DEMO-TEAM-10,Liquidity,consumer,Global,upper_mid,established,2025-07-01,2026-06-30,2026-08-09,4946541318.12,7134568591.94,12081109910.06,0.40944428,0.40144395,2.49100777,False,,SYNTHETIC_SIMULATION,SIMULATED_KNOWN_TRUTH,,False,False,representative-multibank-analog-1.0.0+seed.20260809
DEMO-R0130-fx-fx,DEMO-R0130,DEMO-TEAM-10,Cross-border FX,consumer,Global,upper_mid,established,2025-07-01,2026-06-30,2026-08-09,4549880764.01,18356617856.01,22906498620.02,0.19862838,0.40144395,2.49100777,False,,SYNTHETIC_SIMULATION,SIMULATED_KNOWN_TRUTH,,False,False,representative-multibank-analog-1.0.0+seed.20260809
DEMO-R0130-trade-finance,DEMO-R0130,DEMO-TEAM-10,Trade finance,consumer,Global,upper_mid,established,2025-07-01,2026-06-30,2026-08-09,2644224540.18,37681414669.48,40325639209.66,0.06557179,0.40144395,2.49100777,False,,SYNTHETIC_SIMULATION,SIMULATED_KNOWN_TRUTH,,False,False,representative-multibank-analog-1.0.0+seed.20260809
DEMO-R0131-collections,DEMO-R0131,DEMO-TEAM-11,Collections,mining,SADC,mid,developing,2025-07-01,2026-06-30,2026-08-09,409538530.99,968207076.44,1377745607.43,0.29725265,0.29673323,3.37003042,False,,SYNTHETIC_SIMULATION,SIMULATED_KNOWN_TRUTH,,False,False,representative-multibank-analog-1.0.0+seed.20260809
DEMO-R0131-payments,DEMO-R0131,DEMO-TEAM-11,Payments,mining,SADC,mid,developing,2025-07-01,2026-06-30,2026-08-09,611942193.07,465606346.5,1077548539.57,0.56790221,0.29673323,3.37003042,False,,SYNTHETIC_SIMULATION,SIMULATED_KNOWN_TRUTH,,False,False,representative-multibank-analog-1.0.0+seed.20260809
DEMO-R0131-liquidity,DEMO-R0131,DEMO-TEAM-11,Liquidity,mining,SADC,mid,developing,2025-07-01,2026-06-30,2026-08-09,434436787.94,735558880.38,1169995668.32,0.37131487,0.29673323,3.37003042,False,,SYNTHETIC_SIMULATION,SIMULATED_KNOWN_TRUTH,,False,False,representative-multibank-analog-1.0.0+seed.20260809
DEMO-R0131-fx-fx,DEMO-R0131,DEMO-TEAM-11,Cross-border FX,mining,SADC,mid,developing,2025-07-01,2026-06-30,2026-08-09,473064104.07,1768146675.33,2241210779.4,0.21107524,0.29673323,3.37003042,False,,SYNTHETIC_SIMULATION,SIMULATED_KNOWN_TRUTH,,False,False,representative-multibank-analog-1.0.0+seed.20260809
DEMO-R0131-trade-finance,DEMO-R0131,DEMO-TEAM-11,Trade finance,mining,SADC,mid,developing,2025-07-01,2026-06-30,2026-08-09,492432694.79,1904148347.21,2396581041.99,0.205473,0.29673323,3.37003042,False,,SYNTHETIC_SIMULATION,SIMULATED_KNOWN_TRUTH,,False,False,representative-multibank-analog-1.0.0+seed.20260809
DEMO-R0132-collections,DEMO-R0132,DEMO-TEAM-12,Collections,tech,SADC,upper_mid,new,2025-07-01,2026-06-30,2026-08-09,573384456.06,967210316.76,1540594772.82,0.37218383,0.35597817,2.809161,False,,SYNTHETIC_SIMULATION,SIMULATED_KNOWN_TRUTH,,False,False,representative-multibank-analog-1.0.0+seed.20260809
DEMO-R0132-payments,DEMO-R0132,DEMO-TEAM-12,Payments,tech,SADC,upper_mid,new,2025-07-01,2026-06-30,2026-08-09,1025108196.44,2424388071.15,3449496267.59,0.2971762,0.35597817,2.809161,False,,SYNTHETIC_SIMULATION,SIMULATED_KNOWN_TRUTH,,False,False,representative-multibank-analog-1.0.0+seed.20260809
DEMO-R0132-liquidity,DEMO-R0132,DEMO-TEAM-12,Liquidity,tech,SADC,upper_mid,new,2025-07-01,2026-06-30,2026-08-09,397904635.9,368901929.71,766806565.61,0.51891136,0.35597817,2.809161,False,,SYNTHETIC_SIMULATION,SIMULATED_KNOWN_TRUTH,,False,False,representative-multibank-analog-1.0.0+seed.20260809
DEMO-R0132-fx-fx,DEMO-R0132,DEMO-TEAM-12,Cross-border FX,tech,SADC,upper_mid,new,2025-07-01,2026-06-30,2026-08-09,1665454260.69,27002969933.71,28668424194.4,0.05809368,0.35597817,2.809161,False,,SYNTHETIC_SIMULATION,SIMULATED_KNOWN_TRUTH,,False,False,representative-multibank-analog-1.0.0+seed.20260809
DEMO-R0132-trade-finance,DEMO-R0132,DEMO-TEAM-12,Trade finance,tech,SADC,upper_mid,new,2025-07-01,2026-06-30,2026-08-09,16922625.94,45080286.52,62002912.46,0.27293276,0.35597817,2.809161,False,,SYNTHETIC_SIMULATION,SIMULATED_KNOWN_TRUTH,,False,False,representative-multibank-analog-1.0.0+seed.20260809
DEMO-R0133-collections,DEMO-R0133,DEMO-TEAM-13,Collections,consumer,Global,mid,established,2025-07-01,2026-06-30,2026-08-09,1374330673.88,2271260894.06,3645591567.94,0.37698427,0.32018854,3.1231599,False,,SYNTHETIC_SIMULATION,SIMULATED_KNOWN_TRUTH,,False,False,representative-multibank-analog-1.0.0+seed.20260809
DEMO-R0133-payments,DEMO-R0133,DEMO-TEAM-13,Payments,consumer,Global,mid,established,2025-07-01,2026-06-30,2026-08-09,5763066702.53,16580480189.65,22343546892.19,0.25792981,0.32018854,3.1231599,False,,SYNTHETIC_SIMULATION,SIMULATED_KNOWN_TRUTH,,False,False,representative-multibank-analog-1.0.0+seed.20260809
DEMO-R0133-liquidity,DEMO-R0133,DEMO-TEAM-13,Liquidity,consumer,Global,mid,established,2025-07-01,2026-06-30,2026-08-09,2836738468.12,12346755367.45,15183493835.57,0.18683042,0.32018854,3.1231599,False,,SYNTHETIC_SIMULATION,SIMULATED_KNOWN_TRUTH,,False,False,representative-multibank-analog-1.0.0+seed.20260809
DEMO-R0133-fx-fx,DEMO-R0133,DEMO-TEAM-13,Cross-border FX,consumer,Global,mid,established,2025-07-01,2026-06-30,2026-08-09,2072969906.68,7928836179.81,10001806086.5,0.20725956,0.32018854,3.1231599,False,,SYNTHETIC_SIMULATION,SIMULATED_KNOWN_TRUTH,,False,False,representative-multibank-analog-1.0.0+seed.20260809
DEMO-R0133-trade-finance,DEMO-R0133,DEMO-TEAM-13,Trade finance,consumer,Global,mid,established,2025-07-01,2026-06-30,2026-08-09,959730917.55,3108707722.46,4068438640.01,0.23589662,0.32018854,3.1231599,False,,SYNTHETIC_SIMULATION,SIMULATED_KNOWN_TRUTH,,False,False,representative-multibank-analog-1.0.0+seed.20260809
DEMO-R0134-collections,DEMO-R0134,DEMO-TEAM-14,Collections,telecoms,Rest of Africa,large,established,2025-07-01,2026-06-30,2026-08-09,2090348919.3,2301157591.78,4391506511.08,0.47599814,0.54093927,1.84863634,False,,SYNTHETIC_SIMULATION,SIMULATED_KNOWN_TRUTH,,False,False,representative-multibank-analog-1.0.0+seed.20260809
DEMO-R0134-payments,DEMO-R0134,DEMO-TEAM-14,Payments,telecoms,Rest of Africa,large,established,2025-07-01,2026-06-30,2026-08-09,12270512106.11,30983731032.52,43254243138.63,0.28368343,0.54093927,1.84863634,False,,SYNTHETIC_SIMULATION,SIMULATED_KNOWN_TRUTH,,False,False,representative-multibank-analog-1.0.0+seed.20260809
DEMO-R0134-liquidity,DEMO-R0134,DEMO-TEAM-14,Liquidity,telecoms,Rest of Africa,large,established,2025-07-01,2026-06-30,2026-08-09,7608761355.36,10905436514.87,18514197870.23,0.410969,0.54093927,1.84863634,False,,SYNTHETIC_SIMULATION,SIMULATED_KNOWN_TRUTH,,False,False,representative-multibank-analog-1.0.0+seed.20260809
DEMO-R0134-fx-fx,DEMO-R0134,DEMO-TEAM-14,Cross-border FX,telecoms,Rest of Africa,large,established,2025-07-01,2026-06-30,2026-08-09,6595951731.75,22412969687.53,29008921419.27,0.22737666,0.54093927,1.84863634,False,,SYNTHETIC_SIMULATION,SIMULATED_KNOWN_TRUTH,,False,False,representative-multibank-analog-1.0.0+seed.20260809
DEMO-R0134-trade-finance,DEMO-R0134,DEMO-TEAM-14,Trade finance,telecoms,Rest of Africa,large,established,2025-07-01,2026-06-30,2026-08-09,2615963869.42,15009502167.47,17625466036.89,0.14841956,0.54093927,1.84863634,False,,SYNTHETIC_SIMULATION,SIMULATED_KNOWN_TRUTH,,False,False,representative-multibank-analog-1.0.0+seed.20260809
DEMO-R0135-collections,DEMO-R0135,DEMO-TEAM-15,Collections,industrials_pharma,Rest of Africa,large,established,2025-07-01,2026-06-30,2026-08-09,1612157980.16,2099942919.52,3712100899.69,0.434298,0.50177969,1.99290648,False,,SYNTHETIC_SIMULATION,SIMULATED_KNOWN_TRUTH,,False,False,representative-multibank-analog-1.0.0+seed.20260809
DEMO-R0135-payments,DEMO-R0135,DEMO-TEAM-15,Payments,industrials_pharma,Rest of Africa,large,established,2025-07-01,2026-06-30,2026-08-09,15333603918.99,14298261407.08,29631865326.07,0.51747009,0.50177969,1.99290648,False,,SYNTHETIC_SIMULATION,SIMULATED_KNOWN_TRUTH,,False,False,representative-multibank-analog-1.0.0+seed.20260809
DEMO-R0135-liquidity,DEMO-R0135,DEMO-TEAM-15,Liquidity,industrials_pharma,Rest of Africa,large,established,2025-07-01,2026-06-30,2026-08-09,2103993828.28,7753706162.61,9857699990.89,0.21343659,0.50177969,1.99290648,False,,SYNTHETIC_SIMULATION,SIMULATED_KNOWN_TRUTH,,False,False,representative-multibank-analog-1.0.0+seed.20260809
DEMO-R0135-fx-fx,DEMO-R0135,DEMO-TEAM-15,Cross-border FX,industrials_pharma,Rest of Africa,large,established,2025-07-01,2026-06-30,2026-08-09,4658832732.51,12766177700.41,17425010432.92,0.2673647,0.50177969,1.99290648,False,,SYNTHETIC_SIMULATION,SIMULATED_KNOWN_TRUTH,,False,False,representative-multibank-analog-1.0.0+seed.20260809
DEMO-R0135-trade-finance,DEMO-R0135,DEMO-TEAM-15,Trade finance,industrials_pharma,Rest of Africa,large,established,2025-07-01,2026-06-30,2026-08-09,2016920606.9,14398533280.8,16415453887.7,0.12286718,0.50177969,1.99290648,False,,SYNTHETIC_SIMULATION,SIMULATED_KNOWN_TRUTH,,False,False,representative-multibank-analog-1.0.0+seed.20260809
DEMO-R0136-collections,DEMO-R0136,DEMO-TEAM-16,Collections,tech,Rest of Africa,upper_mid,established,2025-07-01,2026-06-30,2026-08-09,203489431.71,473866294.51,677355726.22,0.30041738,0.36316518,2.75356791,False,,SYNTHETIC_SIMULATION,SIMULATED_KNOWN_TRUTH,,False,False,representative-multibank-analog-1.0.0+seed.20260809
DEMO-R0136-payments,DEMO-R0136,DEMO-TEAM-16,Payments,tech,Rest of Africa,upper_mid,established,2025-07-01,2026-06-30,2026-08-09,1380506419.81,2491010532.76,3871516952.57,0.35658023,0.36316518,2.75356791,False,,SYNTHETIC_SIMULATION,SIMULATED_KNOWN_TRUTH,,False,False,representative-multibank-analog-1.0.0+seed.20260809
DEMO-R0136-liquidity,DEMO-R0136,DEMO-TEAM-16,Liquidity,tech,Rest of Africa,upper_mid,established,2025-07-01,2026-06-30,2026-08-09,658904857.64,4578403741.01,5237308598.65,0.12580982,0.36316518,2.75356791,False,,SYNTHETIC_SIMULATION,SIMULATED_KNOWN_TRUTH,,False,False,representative-multibank-analog-1.0.0+seed.20260809
DEMO-R0136-fx-fx,DEMO-R0136,DEMO-TEAM-16,Cross-border FX,tech,Rest of Africa,upper_mid,established,2025-07-01,2026-06-30,2026-08-09,1864930413.95,8497463055.59,10362393469.54,0.17997101,0.36316518,2.75356791,False,,SYNTHETIC_SIMULATION,SIMULATED_KNOWN_TRUTH,,False,False,representative-multibank-analog-1.0.0+seed.20260809
DEMO-R0136-trade-finance,DEMO-R0136,DEMO-TEAM-16,Trade finance,tech,Rest of Africa,upper_mid,established,2025-07-01,2026-06-30,2026-08-09,110752167.06,469477559.42,580229726.47,0.19087641,0.36316518,2.75356791,False,,SYNTHETIC_SIMULATION,SIMULATED_KNOWN_TRUTH,,False,False,representative-multibank-analog-1.0.0+seed.20260809
DEMO-R0137-collections,DEMO-R0137,DEMO-TEAM-17,Collections,mining,South Africa,upper_mid,established,2025-07-01,2026-06-30,2026-08-09,2231044560.37,2806486931.19,5037531491.56,0.44288449,0.41173074,2.42877176,False,,SYNTHETIC_SIMULATION,SIMULATED_KNOWN_TRUTH,,False,False,representative-multibank-analog-1.0.0+seed.20260809
DEMO-R0137-payments,DEMO-R0137,DEMO-TEAM-17,Payments,mining,South Africa,upper_mid,established,2025-07-01,2026-06-30,2026-08-09,2869620253.78,4919992133.79,7789612387.57,0.36839063,0.41173074,2.42877176,False,,SYNTHETIC_SIMULATION,SIMULATED_KNOWN_TRUTH,,False,False,representative-multibank-analog-1.0.0+seed.20260809
DEMO-R0137-liquidity,DEMO-R0137,DEMO-TEAM-17,Liquidity,mining,South Africa,upper_mid,established,2025-07-01,2026-06-30,2026-08-09,1397963251.15,3773082535.4,5171045786.55,0.2703444,0.41173074,2.42877176,False,,SYNTHETIC_SIMULATION,SIMULATED_KNOWN_TRUTH,,False,False,representative-multibank-analog-1.0.0+seed.20260809
DEMO-R0137-fx-fx,DEMO-R0137,DEMO-TEAM-17,Cross-border FX,mining,South Africa,upper_mid,established,2025-07-01,2026-06-30,2026-08-09,2316431381.56,10144991374.53,12461422756.09,0.18588819,0.41173074,2.42877176,False,,SYNTHETIC_SIMULATION,SIMULATED_KNOWN_TRUTH,,False,False,representative-multibank-analog-1.0.0+seed.20260809
DEMO-R0137-trade-finance,DEMO-R0137,DEMO-TEAM-17,Trade finance,mining,South Africa,upper_mid,established,2025-07-01,2026-06-30,2026-08-09,1742760244.32,15775068345.74,17517828590.06,0.09948495,0.41173074,2.42877176,False,,SYNTHETIC_SIMULATION,SIMULATED_KNOWN_TRUTH,,False,False,representative-multibank-analog-1.0.0+seed.20260809
DEMO-R0138-collections,DEMO-R0138,DEMO-TEAM-18,Collections,consumer,South Africa,mid,developing,2025-07-01,2026-06-30,2026-08-09,757862797.25,2224033541.71,2981896338.96,0.25415464,0.30018778,3.33124824,False,,SYNTHETIC_SIMULATION,SIMULATED_KNOWN_TRUTH,,False,False,representative-multibank-analog-1.0.0+seed.20260809
DEMO-R0138-payments,DEMO-R0138,DEMO-TEAM-18,Payments,consumer,South Africa,mid,developing,2025-07-01,2026-06-30,2026-08-09,3610405507.67,3957865704.04,7568271211.71,0.47704494,0.30018778,3.33124824,False,,SYNTHETIC_SIMULATION,SIMULATED_KNOWN_TRUTH,,False,False,representative-multibank-analog-1.0.0+seed.20260809
DEMO-R0138-liquidity,DEMO-R0138,DEMO-TEAM-18,Liquidity,consumer,South Africa,mid,developing,2025-07-01,2026-06-30,2026-08-09,3566224659.8,4734630302.49,8300854962.29,0.42962137,0.30018778,3.33124824,False,,SYNTHETIC_SIMULATION,SIMULATED_KNOWN_TRUTH,,False,False,representative-multibank-analog-1.0.0+seed.20260809
DEMO-R0138-fx-fx,DEMO-R0138,DEMO-TEAM-18,Cross-border FX,consumer,South Africa,mid,developing,2025-07-01,2026-06-30,2026-08-09,3879632598.41,8168428472.85,12048061071.26,0.32201303,0.30018778,3.33124824,False,,SYNTHETIC_SIMULATION,SIMULATED_KNOWN_TRUTH,,False,False,representative-multibank-analog-1.0.0+seed.20260809
DEMO-R0138-trade-finance,DEMO-R0138,DEMO-TEAM-18,Trade finance,consumer,South Africa,mid,developing,2025-07-01,2026-06-30,2026-08-09,717784406.44,2793126996.04,3510911402.48,0.2044439,0.30018778,3.33124824,False,,SYNTHETIC_SIMULATION,SIMULATED_KNOWN_TRUTH,,False,False,representative-multibank-analog-1.0.0+seed.20260809
DEMO-R0139-collections,DEMO-R0139,DEMO-TEAM-19,Collections,insurance,South Africa,upper_mid,established,2025-07-01,2026-06-30,2026-08-09,5763597742.82,6952250634.33,12715848377.15,0.45326097,0.3859596,2.59094472,False,,SYNTHETIC_SIMULATION,SIMULATED_KNOWN_TRUTH,,False,False,representative-multibank-analog-1.0.0+seed.20260809
DEMO-R0139-payments,DEMO-R0139,DEMO-TEAM-19,Payments,insurance,South Africa,upper_mid,established,2025-07-01,2026-06-30,2026-08-09,8576114321.01,6823006243.13,15399120564.15,0.55692234,0.3859596,2.59094472,False,,SYNTHETIC_SIMULATION,SIMULATED_KNOWN_TRUTH,,False,False,representative-multibank-analog-1.0.0+seed.20260809
DEMO-R0139-liquidity,DEMO-R0139,DEMO-TEAM-19,Liquidity,insurance,South Africa,upper_mid,established,2025-07-01,2026-06-30,2026-08-09,7622978601.98,25381667314.48,33004645916.46,0.23096683,0.3859596,2.59094472,False,,SYNTHETIC_SIMULATION,SIMULATED_KNOWN_TRUTH,,False,False,representative-multibank-analog-1.0.0+seed.20260809
DEMO-R0139-fx-fx,DEMO-R0139,DEMO-TEAM-19,Cross-border FX,insurance,South Africa,upper_mid,established,2025-07-01,2026-06-30,2026-08-09,3861712494.04,20496872460.97,24358584955.01,0.15853599,0.3859596,2.59094472,False,,SYNTHETIC_SIMULATION,SIMULATED_KNOWN_TRUTH,,False,False,representative-multibank-analog-1.0.0+seed.20260809
DEMO-R0139-trade-finance,DEMO-R0139,DEMO-TEAM-19,Trade finance,insurance,South Africa,upper_mid,established,2025-07-01,2026-06-30,2026-08-09,204981183.71,1185689189.06,1390670372.76,0.14739739,0.3859596,2.59094472,False,,SYNTHETIC_SIMULATION,SIMULATED_KNOWN_TRUTH,,False,False,representative-multibank-analog-1.0.0+seed.20260809
DEMO-R0140-collections,DEMO-R0140,DEMO-TEAM-20,Collections,mining,SADC,upper_mid,developing,2025-07-01,2026-06-30,2026-08-09,1508001260.21,2682668724.41,4190669984.62,0.3598473,0.33519164,2.98336792,False,,SYNTHETIC_SIMULATION,SIMULATED_KNOWN_TRUTH,,False,False,representative-multibank-analog-1.0.0+seed.20260809
DEMO-R0140-payments,DEMO-R0140,DEMO-TEAM-20,Payments,mining,SADC,upper_mid,developing,2025-07-01,2026-06-30,2026-08-09,2320798453.83,4977872799.33,7298671253.16,0.31797547,0.33519164,2.98336792,False,,SYNTHETIC_SIMULATION,SIMULATED_KNOWN_TRUTH,,False,False,representative-multibank-analog-1.0.0+seed.20260809
DEMO-R0140-liquidity,DEMO-R0140,DEMO-TEAM-20,Liquidity,mining,SADC,upper_mid,developing,2025-07-01,2026-06-30,2026-08-09,2422294774.15,12860790611.78,15283085385.93,0.15849514,0.33519164,2.98336792,False,,SYNTHETIC_SIMULATION,SIMULATED_KNOWN_TRUTH,,False,False,representative-multibank-analog-1.0.0+seed.20260809
DEMO-R0140-fx-fx,DEMO-R0140,DEMO-TEAM-20,Cross-border FX,mining,SADC,upper_mid,developing,2025-07-01,2026-06-30,2026-08-09,873498477.37,10346323205.42,11219821682.79,0.07785315,0.33519164,2.98336792,False,,SYNTHETIC_SIMULATION,SIMULATED_KNOWN_TRUTH,,False,False,representative-multibank-analog-1.0.0+seed.20260809
DEMO-R0140-trade-finance,DEMO-R0140,DEMO-TEAM-20,Trade finance,mining,SADC,upper_mid,developing,2025-07-01,2026-06-30,2026-08-09,367035599.39,3908433574.07,4275469173.45,0.08584686,0.33519164,2.98336792,False,,SYNTHETIC_SIMULATION,SIMULATED_KNOWN_TRUTH,,False,False,representative-multibank-analog-1.0.0+seed.20260809
DEMO-R0141-collections,DEMO-R0141,DEMO-TEAM-21,Collections,mining,Rest of Africa,mid,developing,2025-07-01,2026-06-30,2026-08-09,633483112.86,1440409421.2,2073892534.06,0.30545609,0.32152694,3.11015929,False,,SYNTHETIC_SIMULATION,SIMULATED_KNOWN_TRUTH,,False,False,representative-multibank-analog-1.0.0+seed.20260809
DEMO-R0141-payments,DEMO-R0141,DEMO-TEAM-21,Payments,mining,Rest of Africa,mid,developing,2025-07-01,2026-06-30,2026-08-09,237307935.32,450222063.87,687529999.19,0.34516012,0.32152694,3.11015929,False,,SYNTHETIC_SIMULATION,SIMULATED_KNOWN_TRUTH,,False,False,representative-multibank-analog-1.0.0+seed.20260809
DEMO-R0141-liquidity,DEMO-R0141,DEMO-TEAM-21,Liquidity,mining,Rest of Africa,mid,developing,2025-07-01,2026-06-30,2026-08-09,279696080.89,1579788583.42,1859484664.31,0.15041591,0.32152694,3.11015929,False,,SYNTHETIC_SIMULATION,SIMULATED_KNOWN_TRUTH,,False,False,representative-multibank-analog-1.0.0+seed.20260809
DEMO-R0141-fx-fx,DEMO-R0141,DEMO-TEAM-21,Cross-border FX,mining,Rest of Africa,mid,developing,2025-07-01,2026-06-30,2026-08-09,494985006.21,1336283971.9,1831268978.11,0.27029618,0.32152694,3.11015929,False,,SYNTHETIC_SIMULATION,SIMULATED_KNOWN_TRUTH,,False,False,representative-multibank-analog-1.0.0+seed.20260809
DEMO-R0141-trade-finance,DEMO-R0141,DEMO-TEAM-21,Trade finance,mining,Rest of Africa,mid,developing,2025-07-01,2026-06-30,2026-08-09,471724898.97,1214780945.89,1686505844.86,0.27970546,0.32152694,3.11015929,False,,SYNTHETIC_SIMULATION,SIMULATED_KNOWN_TRUTH,,False,False,representative-multibank-analog-1.0.0+seed.20260809
DEMO-R0142-collections,DEMO-R0142,DEMO-TEAM-22,Collections,insurance,South Africa,mid,established,2025-07-01,2026-06-30,2026-08-09,3458070480.56,18775450850.98,22233521331.54,0.15553409,0.33977199,2.94315021,False,,SYNTHETIC_SIMULATION,SIMULATED_KNOWN_TRUTH,,False,False,representative-multibank-analog-1.0.0+seed.20260809
DEMO-R0142-payments,DEMO-R0142,DEMO-TEAM-22,Payments,insurance,South Africa,mid,established,2025-07-01,2026-06-30,2026-08-09,4830641307.78,5014572326.82,9845213634.6,0.49065886,0.33977199,2.94315021,False,,SYNTHETIC_SIMULATION,SIMULATED_KNOWN_TRUTH,,False,False,representative-multibank-analog-1.0.0+seed.20260809
DEMO-R0142-liquidity,DEMO-R0142,DEMO-TEAM-22,Liquidity,insurance,South Africa,mid,established,2025-07-01,2026-06-30,2026-08-09,4704180000.16,9071468019.27,13775648019.44,0.34148521,0.33977199,2.94315021,False,,SYNTHETIC_SIMULATION,SIMULATED_KNOWN_TRUTH,,False,False,representative-multibank-analog-1.0.0+seed.20260809
DEMO-R0142-fx-fx,DEMO-R0142,DEMO-TEAM-22,Cross-border FX,insurance,South Africa,mid,established,2025-07-01,2026-06-30,2026-08-09,903099525.03,1580059228.57,2483158753.6,0.36368981,0.33977199,2.94315021,False,,SYNTHETIC_SIMULATION,SIMULATED_KNOWN_TRUTH,,False,False,representative-multibank-analog-1.0.0+seed.20260809
DEMO-R0142-trade-finance,DEMO-R0142,DEMO-TEAM-22,Trade finance,insurance,South Africa,mid,established,2025-07-01,2026-06-30,2026-08-09,43209703.43,67964983.08,111174686.51,0.38866495,0.33977199,2.94315021,False,,SYNTHETIC_SIMULATION,SIMULATED_KNOWN_TRUTH,,False,False,representative-multibank-analog-1.0.0+seed.20260809
DEMO-R0143-collections,DEMO-R0143,DEMO-TEAM-23,Collections,tech,Rest of Africa,mid,new,2025-07-01,2026-06-30,2026-08-09,69281731.05,204453262.92,273734993.97,0.25309782,0.33789744,2.95947789,False,,SYNTHETIC_SIMULATION,SIMULATED_KNOWN_TRUTH,,False,False,representative-multibank-analog-1.0.0+seed.20260809
DEMO-R0143-payments,DEMO-R0143,DEMO-TEAM-23,Payments,tech,Rest of Africa,mid,new,2025-07-01,2026-06-30,2026-08-09,356646432.51,583508094.76,940154527.27,0.37934874,0.33789744,2.95947789,False,,SYNTHETIC_SIMULATION,SIMULATED_KNOWN_TRUTH,,False,False,representative-multibank-analog-1.0.0+seed.20260809
DEMO-R0143-liquidity,DEMO-R0143,DEMO-TEAM-23,Liquidity,tech,Rest of Africa,mid,new,2025-07-01,2026-06-30,2026-08-09,171009067.19,471582893.0,642591960.19,0.26612388,0.33789744,2.95947789,False,,SYNTHETIC_SIMULATION,SIMULATED_KNOWN_TRUTH,,False,False,representative-multibank-analog-1.0.0+seed.20260809
DEMO-R0143-fx-fx,DEMO-R0143,DEMO-TEAM-23,Cross-border FX,tech,Rest of Africa,mid,new,2025-07-01,2026-06-30,2026-08-09,535330359.16,1174168096.56,1709498455.72,0.31315054,0.33789744,2.95947789,False,,SYNTHETIC_SIMULATION,SIMULATED_KNOWN_TRUTH,,False,False,representative-multibank-analog-1.0.0+seed.20260809
DEMO-R0143-trade-finance,DEMO-R0143,DEMO-TEAM-23,Trade finance,tech,Rest of Africa,mid,new,2025-07-01,2026-06-30,2026-08-09,15334884.26,28582673.27,43917557.53,0.34917434,0.33789744,2.95947789,False,,SYNTHETIC_SIMULATION,SIMULATED_KNOWN_TRUTH,,False,False,representative-multibank-analog-1.0.0+seed.20260809
DEMO-R0144-collections,DEMO-R0144,DEMO-TEAM-24,Collections,mining,South Africa,upper_mid,established,2025-07-01,2026-06-30,2026-08-09,4261761249.74,5329537607.21,9591298856.95,0.4443362,0.39662629,2.52126505,False,,SYNTHETIC_SIMULATION,SIMULATED_KNOWN_TRUTH,,False,False,representative-multibank-analog-1.0.0+seed.20260809
DEMO-R0144-payments,DEMO-R0144,DEMO-TEAM-24,Payments,mining,South Africa,upper_mid,established,2025-07-01,2026-06-30,2026-08-09,5146328782.82,24175335787.28,29321664570.1,0.17551285,0.39662629,2.52126505,False,,SYNTHETIC_SIMULATION,SIMULATED_KNOWN_TRUTH,,False,False,representative-multibank-analog-1.0.0+seed.20260809
DEMO-R0144-liquidity,DEMO-R0144,DEMO-TEAM-24,Liquidity,mining,South Africa,upper_mid,established,2025-07-01,2026-06-30,2026-08-09,2144205648.34,4428139508.59,6572345156.93,0.32624666,0.39662629,2.52126505,False,,SYNTHETIC_SIMULATION,SIMULATED_KNOWN_TRUTH,,False,False,representative-multibank-analog-1.0.0+seed.20260809
DEMO-R0144-fx-fx,DEMO-R0144,DEMO-TEAM-24,Cross-border FX,mining,South Africa,upper_mid,established,2025-07-01,2026-06-30,2026-08-09,1437266526.73,2635727909.17,4072994435.9,0.35287712,0.39662629,2.52126505,False,,SYNTHETIC_SIMULATION,SIMULATED_KNOWN_TRUTH,,False,False,representative-multibank-analog-1.0.0+seed.20260809
DEMO-R0144-trade-finance,DEMO-R0144,DEMO-TEAM-24,Trade finance,mining,South Africa,upper_mid,established,2025-07-01,2026-06-30,2026-08-09,1206908993.67,4397208399.27,5604117392.95,0.21536112,0.39662629,2.52126505,False,,SYNTHETIC_SIMULATION,SIMULATED_KNOWN_TRUTH,,False,False,representative-multibank-analog-1.0.0+seed.20260809
DEMO-R0145-collections,DEMO-R0145,DEMO-TEAM-25,Collections,telecoms,Rest of Africa,mid,established,2025-07-01,2026-06-30,2026-08-09,329751002.64,1202227999.21,1531979001.84,0.21524512,0.31801971,3.14445923,False,,SYNTHETIC_SIMULATION,SIMULATED_KNOWN_TRUTH,,False,False,representative-multibank-analog-1.0.0+seed.20260809
DEMO-R0145-payments,DEMO-R0145,DEMO-TEAM-25,Payments,telecoms,Rest of Africa,mid,established,2025-07-01,2026-06-30,2026-08-09,2687883684.18,10999942417.62,13687826101.8,0.19637039,0.31801971,3.14445923,False,,SYNTHETIC_SIMULATION,SIMULATED_KNOWN_TRUTH,,False,False,representative-multibank-analog-1.0.0+seed.20260809
DEMO-R0145-liquidity,DEMO-R0145,DEMO-TEAM-25,Liquidity,telecoms,Rest of Africa,mid,established,2025-07-01,2026-06-30,2026-08-09,3803834008.59,13196583265.02,17000417273.62,0.22374945,0.31801971,3.14445923,False,,SYNTHETIC_SIMULATION,SIMULATED_KNOWN_TRUTH,,False,False,representative-multibank-analog-1.0.0+seed.20260809
DEMO-R0145-fx-fx,DEMO-R0145,DEMO-TEAM-25,Cross-border FX,telecoms,Rest of Africa,mid,established,2025-07-01,2026-06-30,2026-08-09,4418260619.71,9608398408.14,14026659027.85,0.31499023,0.31801971,3.14445923,False,,SYNTHETIC_SIMULATION,SIMULATED_KNOWN_TRUTH,,False,False,representative-multibank-analog-1.0.0+seed.20260809
DEMO-R0145-trade-finance,DEMO-R0145,DEMO-TEAM-25,Trade finance,telecoms,Rest of Africa,mid,established,2025-07-01,2026-06-30,2026-08-09,982729296.95,2095371231.11,3078100528.06,0.31926485,0.31801971,3.14445923,False,,SYNTHETIC_SIMULATION,SIMULATED_KNOWN_TRUTH,,False,False,representative-multibank-analog-1.0.0+seed.20260809
DEMO-R0146-collections,DEMO-R0146,DEMO-TEAM-26,Collections,insurance,South Africa,mid,developing,2025-07-01,2026-06-30,2026-08-09,1247132770.52,1814269183.37,3061401953.9,0.40737309,0.28044856,3.5657163,False,,SYNTHETIC_SIMULATION,SIMULATED_KNOWN_TRUTH,,False,False,representative-multibank-analog-1.0.0+seed.20260809
DEMO-R0146-payments,DEMO-R0146,DEMO-TEAM-26,Payments,insurance,South Africa,mid,developing,2025-07-01,2026-06-30,2026-08-09,2609313146.1,15266574016.65,17875887162.75,0.14596832,0.28044856,3.5657163,False,,SYNTHETIC_SIMULATION,SIMULATED_KNOWN_TRUTH,,False,False,representative-multibank-analog-1.0.0+seed.20260809
DEMO-R0146-liquidity,DEMO-R0146,DEMO-TEAM-26,Liquidity,insurance,South Africa,mid,developing,2025-07-01,2026-06-30,2026-08-09,1855360385.06,5108139449.14,6963499834.2,0.26644079,0.28044856,3.5657163,False,,SYNTHETIC_SIMULATION,SIMULATED_KNOWN_TRUTH,,False,False,representative-multibank-analog-1.0.0+seed.20260809
DEMO-R0146-fx-fx,DEMO-R0146,DEMO-TEAM-26,Cross-border FX,insurance,South Africa,mid,developing,2025-07-01,2026-06-30,2026-08-09,1197104619.97,2501851751.39,3698956371.37,0.32363307,0.28044856,3.5657163,False,,SYNTHETIC_SIMULATION,SIMULATED_KNOWN_TRUTH,,False,False,representative-multibank-analog-1.0.0+seed.20260809
DEMO-R0146-trade-finance,DEMO-R0146,DEMO-TEAM-26,Trade finance,insurance,South Africa,mid,developing,2025-07-01,2026-06-30,2026-08-09,62742054.81,215936740.21,278678795.02,0.22514112,0.28044856,3.5657163,False,,SYNTHETIC_SIMULATION,SIMULATED_KNOWN_TRUTH,,False,False,representative-multibank-analog-1.0.0+seed.20260809
DEMO-R0147-collections,DEMO-R0147,DEMO-TEAM-27,Collections,real_estate,South Africa,large,developing,2025-07-01,2026-06-30,2026-08-09,38179293.69,157752046.69,195931340.38,0.19486058,0.45359419,2.20461379,False,,SYNTHETIC_SIMULATION,SIMULATED_KNOWN_TRUTH,,False,False,representative-multibank-analog-1.0.0+seed.20260809
DEMO-R0147-payments,DEMO-R0147,DEMO-TEAM-27,Payments,real_estate,South Africa,large,developing,2025-07-01,2026-06-30,2026-08-09,69796372.82,150138841.22,219935214.04,0.31734969,0.45359419,2.20461379,False,,SYNTHETIC_SIMULATION,SIMULATED_KNOWN_TRUTH,,False,False,representative-multibank-analog-1.0.0+seed.20260809
DEMO-R0147-liquidity,DEMO-R0147,DEMO-TEAM-27,Liquidity,real_estate,South Africa,large,developing,2025-07-01,2026-06-30,2026-08-09,30913663.03,86067656.5,116981319.53,0.26426153,0.45359419,2.20461379,False,,SYNTHETIC_SIMULATION,SIMULATED_KNOWN_TRUTH,,False,False,representative-multibank-analog-1.0.0+seed.20260809
DEMO-R0147-fx-fx,DEMO-R0147,DEMO-TEAM-27,Cross-border FX,real_estate,South Africa,large,developing,2025-07-01,2026-06-30,2026-08-09,706775899.35,4193779220.96,4900555120.31,0.14422364,0.45359419,2.20461379,False,,SYNTHETIC_SIMULATION,SIMULATED_KNOWN_TRUTH,,False,False,representative-multibank-analog-1.0.0+seed.20260809
DEMO-R0147-trade-finance,DEMO-R0147,DEMO-TEAM-27,Trade finance,real_estate,South Africa,large,developing,2025-07-01,2026-06-30,2026-08-09,22994840.54,243658742.2,266653582.74,0.08623488,0.45359419,2.20461379,False,,SYNTHETIC_SIMULATION,SIMULATED_KNOWN_TRUTH,,False,False,representative-multibank-analog-1.0.0+seed.20260809
DEMO-R0148-collections,DEMO-R0148,DEMO-TEAM-28,Collections,mining,Rest of Africa,upper_mid,established,2025-07-01,2026-06-30,2026-08-09,1805732862.46,3684847226.31,5490580088.77,0.32887834,0.37538321,2.66394443,False,,SYNTHETIC_SIMULATION,SIMULATED_KNOWN_TRUTH,,False,False,representative-multibank-analog-1.0.0+seed.20260809
DEMO-R0148-payments,DEMO-R0148,DEMO-TEAM-28,Payments,mining,Rest of Africa,upper_mid,established,2025-07-01,2026-06-30,2026-08-09,1128208879.69,3370266195.96,4498475075.65,0.25079807,0.37538321,2.66394443,False,,SYNTHETIC_SIMULATION,SIMULATED_KNOWN_TRUTH,,False,False,representative-multibank-analog-1.0.0+seed.20260809
DEMO-R0148-liquidity,DEMO-R0148,DEMO-TEAM-28,Liquidity,mining,Rest of Africa,upper_mid,established,2025-07-01,2026-06-30,2026-08-09,2186267914.08,13621137190.52,15807405104.6,0.13830657,0.37538321,2.66394443,False,,SYNTHETIC_SIMULATION,SIMULATED_KNOWN_TRUTH,,False,False,representative-multibank-analog-1.0.0+seed.20260809
DEMO-R0148-fx-fx,DEMO-R0148,DEMO-TEAM-28,Cross-border FX,mining,Rest of Africa,upper_mid,established,2025-07-01,2026-06-30,2026-08-09,1740385841.37,5524341144.1,7264726985.47,0.23956659,0.37538321,2.66394443,False,,SYNTHETIC_SIMULATION,SIMULATED_KNOWN_TRUTH,,False,False,representative-multibank-analog-1.0.0+seed.20260809
DEMO-R0148-trade-finance,DEMO-R0148,DEMO-TEAM-28,Trade finance,mining,Rest of Africa,upper_mid,established,2025-07-01,2026-06-30,2026-08-09,445630259.94,7094649322.59,7540279582.53,0.05909997,0.37538321,2.66394443,False,,SYNTHETIC_SIMULATION,SIMULATED_KNOWN_TRUTH,,False,False,representative-multibank-analog-1.0.0+seed.20260809
DEMO-R0149-collections,DEMO-R0149,DEMO-TEAM-29,Collections,real_estate,South Africa,mid,established,2025-07-01,2026-06-30,2026-08-09,2333076.0,2437489.84,4770565.84,0.48905645,0.32706167,3.05752736,False,,SYNTHETIC_SIMULATION,SIMULATED_KNOWN_TRUTH,,False,False,representative-multibank-analog-1.0.0+seed.20260809
DEMO-R0149-payments,DEMO-R0149,DEMO-TEAM-29,Payments,real_estate,South Africa,mid,established,2025-07-01,2026-06-30,2026-08-09,7376211.91,13502061.16,20878273.07,0.35329607,0.32706167,3.05752736,False,,SYNTHETIC_SIMULATION,SIMULATED_KNOWN_TRUTH,,False,False,representative-multibank-analog-1.0.0+seed.20260809
DEMO-R0149-liquidity,DEMO-R0149,DEMO-TEAM-29,Liquidity,real_estate,South Africa,mid,established,2025-07-01,2026-06-30,2026-08-09,8709048.24,16312239.9,25021288.14,0.34806554,0.32706167,3.05752736,False,,SYNTHETIC_SIMULATION,SIMULATED_KNOWN_TRUTH,,False,False,representative-multibank-analog-1.0.0+seed.20260809
DEMO-R0149-fx-fx,DEMO-R0149,DEMO-TEAM-29,Cross-border FX,real_estate,South Africa,mid,established,2025-07-01,2026-06-30,2026-08-09,183650725.27,511265969.38,694916694.65,0.26427733,0.32706167,3.05752736,False,,SYNTHETIC_SIMULATION,SIMULATED_KNOWN_TRUTH,,False,False,representative-multibank-analog-1.0.0+seed.20260809
DEMO-R0149-trade-finance,DEMO-R0149,DEMO-TEAM-29,Trade finance,real_estate,South Africa,mid,established,2025-07-01,2026-06-30,2026-08-09,2185981.43,1723115.18,3909096.61,0.55920374,0.32706167,3.05752736,False,,SYNTHETIC_SIMULATION,SIMULATED_KNOWN_TRUTH,,False,False,representative-multibank-analog-1.0.0+seed.20260809
DEMO-R0150-collections,DEMO-R0150,DEMO-TEAM-30,Collections,real_estate,Global,mid,established,2025-07-01,2026-06-30,2026-08-09,7218064.62,6601399.21,13819463.83,0.52231148,0.35837506,2.79037277,False,,SYNTHETIC_SIMULATION,SIMULATED_KNOWN_TRUTH,,False,False,representative-multibank-analog-1.0.0+seed.20260809
DEMO-R0150-payments,DEMO-R0150,DEMO-TEAM-30,Payments,real_estate,Global,mid,established,2025-07-01,2026-06-30,2026-08-09,16577356.57,53258726.31,69836082.88,0.23737523,0.35837506,2.79037277,False,,SYNTHETIC_SIMULATION,SIMULATED_KNOWN_TRUTH,,False,False,representative-multibank-analog-1.0.0+seed.20260809
DEMO-R0150-liquidity,DEMO-R0150,DEMO-TEAM-30,Liquidity,real_estate,Global,mid,established,2025-07-01,2026-06-30,2026-08-09,5877373.55,33595159.85,39472533.4,0.1488978,0.35837506,2.79037277,False,,SYNTHETIC_SIMULATION,SIMULATED_KNOWN_TRUTH,,False,False,representative-multibank-analog-1.0.0+seed.20260809
DEMO-R0150-fx-fx,DEMO-R0150,DEMO-TEAM-30,Cross-border FX,real_estate,Global,mid,established,2025-07-01,2026-06-30,2026-08-09,72083691.76,242842226.98,314925918.74,0.22889095,0.35837506,2.79037277,False,,SYNTHETIC_SIMULATION,SIMULATED_KNOWN_TRUTH,,False,False,representative-multibank-analog-1.0.0+seed.20260809
DEMO-R0150-trade-finance,DEMO-R0150,DEMO-TEAM-30,Trade finance,real_estate,Global,mid,established,2025-07-01,2026-06-30,2026-08-09,2120595.83,6062749.61,8183345.43,0.25913556,0.35837506,2.79037277,False,,SYNTHETIC_SIMULATION,SIMULATED_KNOWN_TRUTH,,False,False,representative-multibank-analog-1.0.0+seed.20260809
DEMO-R0151-collections,DEMO-R0151,DEMO-TEAM-01,Collections,mining,South Africa,mid,established,2025-07-01,2026-06-30,2026-08-09,804157109.09,2790009585.68,3594166694.77,0.22373951,0.30822602,3.24437246,False,,SYNTHETIC_SIMULATION,SIMULATED_KNOWN_TRUTH,,False,False,representative-multibank-analog-1.0.0+seed.20260809
DEMO-R0151-payments,DEMO-R0151,DEMO-TEAM-01,Payments,mining,South Africa,mid,established,2025-07-01,2026-06-30,2026-08-09,851471010.9,1057524044.84,1908995055.74,0.44603102,0.30822602,3.24437246,False,,SYNTHETIC_SIMULATION,SIMULATED_KNOWN_TRUTH,,False,False,representative-multibank-analog-1.0.0+seed.20260809
DEMO-R0151-liquidity,DEMO-R0151,DEMO-TEAM-01,Liquidity,mining,South Africa,mid,established,2025-07-01,2026-06-30,2026-08-09,678262184.79,1359553332.68,2037815517.47,0.33283787,0.30822602,3.24437246,False,,SYNTHETIC_SIMULATION,SIMULATED_KNOWN_TRUTH,,False,False,representative-multibank-analog-1.0.0+seed.20260809
DEMO-R0151-fx-fx,DEMO-R0151,DEMO-TEAM-01,Cross-border FX,mining,South Africa,mid,established,2025-07-01,2026-06-30,2026-08-09,441871314.11,1899603053.45,2341474367.57,0.18871499,0.30822602,3.24437246,False,,SYNTHETIC_SIMULATION,SIMULATED_KNOWN_TRUTH,,False,False,representative-multibank-analog-1.0.0+seed.20260809
DEMO-R0151-trade-finance,DEMO-R0151,DEMO-TEAM-01,Trade finance,mining,South Africa,mid,established,2025-07-01,2026-06-30,2026-08-09,295147201.68,607674397.75,902821599.43,0.32691642,0.30822602,3.24437246,False,,SYNTHETIC_SIMULATION,SIMULATED_KNOWN_TRUTH,,False,False,representative-multibank-analog-1.0.0+seed.20260809
DEMO-R0152-collections,DEMO-R0152,DEMO-TEAM-02,Collections,mining,Rest of Africa,large,developing,2025-07-01,2026-06-30,2026-08-09,4259205171.41,5762439212.44,10021644383.84,0.42500063,0.45993761,2.17420793,False,,SYNTHETIC_SIMULATION,SIMULATED_KNOWN_TRUTH,,False,False,representative-multibank-analog-1.0.0+seed.20260809
DEMO-R0152-payments,DEMO-R0152,DEMO-TEAM-02,Payments,mining,Rest of Africa,large,developing,2025-07-01,2026-06-30,2026-08-09,5602601388.41,15783454087.76,21386055476.17,0.26197451,0.45993761,2.17420793,False,,SYNTHETIC_SIMULATION,SIMULATED_KNOWN_TRUTH,,False,False,representative-multibank-analog-1.0.0+seed.20260809
DEMO-R0152-liquidity,DEMO-R0152,DEMO-TEAM-02,Liquidity,mining,Rest of Africa,large,developing,2025-07-01,2026-06-30,2026-08-09,2522084809.58,16725109339.29,19247194148.87,0.13103649,0.45993761,2.17420793,False,,SYNTHETIC_SIMULATION,SIMULATED_KNOWN_TRUTH,,False,False,representative-multibank-analog-1.0.0+seed.20260809
DEMO-R0152-fx-fx,DEMO-R0152,DEMO-TEAM-02,Cross-border FX,mining,Rest of Africa,large,developing,2025-07-01,2026-06-30,2026-08-09,1420523594.82,9067404754.32,10487928349.14,0.13544368,0.45993761,2.17420793,False,,SYNTHETIC_SIMULATION,SIMULATED_KNOWN_TRUTH,,False,False,representative-multibank-analog-1.0.0+seed.20260809
DEMO-R0152-trade-finance,DEMO-R0152,DEMO-TEAM-02,Trade finance,mining,Rest of Africa,large,developing,2025-07-01,2026-06-30,2026-08-09,1766155769.2,11282925346.4,13049081115.6,0.13534714,0.45993761,2.17420793,False,,SYNTHETIC_SIMULATION,SIMULATED_KNOWN_TRUTH,,False,False,representative-multibank-analog-1.0.0+seed.20260809
DEMO-R0153-collections,DEMO-R0153,DEMO-TEAM-03,Collections,telecoms,South Africa,upper_mid,developing,2025-07-01,2026-06-30,2026-08-09,1559821475.28,2416704537.66,3976526012.94,0.39225733,0.35624836,2.80703048,False,,SYNTHETIC_SIMULATION,SIMULATED_KNOWN_TRUTH,,False,False,representative-multibank-analog-1.0.0+seed.20260809
DEMO-R0153-payments,DEMO-R0153,DEMO-TEAM-03,Payments,telecoms,South Africa,upper_mid,developing,2025-07-01,2026-06-30,2026-08-09,5399558380.04,51476727127.7,56876285507.75,0.09493514,0.35624836,2.80703048,False,,SYNTHETIC_SIMULATION,SIMULATED_KNOWN_TRUTH,,False,False,representative-multibank-analog-1.0.0+seed.20260809
DEMO-R0153-liquidity,DEMO-R0153,DEMO-TEAM-03,Liquidity,telecoms,South Africa,upper_mid,developing,2025-07-01,2026-06-30,2026-08-09,3395320983.39,20152931256.28,23548252239.67,0.14418569,0.35624836,2.80703048,False,,SYNTHETIC_SIMULATION,SIMULATED_KNOWN_TRUTH,,False,False,representative-multibank-analog-1.0.0+seed.20260809
DEMO-R0153-fx-fx,DEMO-R0153,DEMO-TEAM-03,Cross-border FX,telecoms,South Africa,upper_mid,developing,2025-07-01,2026-06-30,2026-08-09,7675005608.01,17232019974.81,24907025582.82,0.30814621,0.35624836,2.80703048,False,,SYNTHETIC_SIMULATION,SIMULATED_KNOWN_TRUTH,,False,False,representative-multibank-analog-1.0.0+seed.20260809
DEMO-R0153-trade-finance,DEMO-R0153,DEMO-TEAM-03,Trade finance,telecoms,South Africa,upper_mid,developing,2025-07-01,2026-06-30,2026-08-09,733190102.65,3922381888.27,4655571990.92,0.15748658,0.35624836,2.80703048,False,,SYNTHETIC_SIMULATION,SIMULATED_KNOWN_TRUTH,,False,False,representative-multibank-analog-1.0.0+seed.20260809
DEMO-R0154-collections,DEMO-R0154,DEMO-TEAM-04,Collections,mining,South Africa,mid,established,2025-07-01,2026-06-30,2026-08-09,643485583.07,7537832309.56,8181317892.63,0.07865305,0.30738027,3.25329921,False,,SYNTHETIC_SIMULATION,SIMULATED_KNOWN_TRUTH,,False,False,representative-multibank-analog-1.0.0+seed.20260809
DEMO-R0154-payments,DEMO-R0154,DEMO-TEAM-04,Payments,mining,South Africa,mid,established,2025-07-01,2026-06-30,2026-08-09,675735794.54,734022353.98,1409758148.53,0.47932746,0.30738027,3.25329921,False,,SYNTHETIC_SIMULATION,SIMULATED_KNOWN_TRUTH,,False,False,representative-multibank-analog-1.0.0+seed.20260809
DEMO-R0154-liquidity,DEMO-R0154,DEMO-TEAM-04,Liquidity,mining,South Africa,mid,established,2025-07-01,2026-06-30,2026-08-09,695380303.16,3236424680.17,3931804983.33,0.17686032,0.30738027,3.25329921,False,,SYNTHETIC_SIMULATION,SIMULATED_KNOWN_TRUTH,,False,False,representative-multibank-analog-1.0.0+seed.20260809
DEMO-R0154-fx-fx,DEMO-R0154,DEMO-TEAM-04,Cross-border FX,mining,South Africa,mid,established,2025-07-01,2026-06-30,2026-08-09,777399062.17,1565962885.51,2343361947.69,0.33174519,0.30738027,3.25329921,False,,SYNTHETIC_SIMULATION,SIMULATED_KNOWN_TRUTH,,False,False,representative-multibank-analog-1.0.0+seed.20260809
DEMO-R0154-trade-finance,DEMO-R0154,DEMO-TEAM-04,Trade finance,mining,South Africa,mid,established,2025-07-01,2026-06-30,2026-08-09,190077726.37,2144627196.52,2334704922.88,0.08141403,0.30738027,3.25329921,False,,SYNTHETIC_SIMULATION,SIMULATED_KNOWN_TRUTH,,False,False,representative-multibank-analog-1.0.0+seed.20260809
DEMO-R0155-collections,DEMO-R0155,DEMO-TEAM-05,Collections,mining,Global,upper_mid,established,2025-07-01,2026-06-30,2026-08-09,1696727872.62,2331353047.45,4028080920.07,0.42122487,0.40046894,2.49707258,False,,SYNTHETIC_SIMULATION,SIMULATED_KNOWN_TRUTH,,False,False,representative-multibank-analog-1.0.0+seed.20260809
DEMO-R0155-payments,DEMO-R0155,DEMO-TEAM-05,Payments,mining,Global,upper_mid,established,2025-07-01,2026-06-30,2026-08-09,594205247.29,1074702121.35,1668907368.64,0.35604447,0.40046894,2.49707258,False,,SYNTHETIC_SIMULATION,SIMULATED_KNOWN_TRUTH,,False,False,representative-multibank-analog-1.0.0+seed.20260809
DEMO-R0155-liquidity,DEMO-R0155,DEMO-TEAM-05,Liquidity,mining,Global,upper_mid,established,2025-07-01,2026-06-30,2026-08-09,2100908456.75,10876044806.01,12976953262.76,0.16189536,0.40046894,2.49707258,False,,SYNTHETIC_SIMULATION,SIMULATED_KNOWN_TRUTH,,False,False,representative-multibank-analog-1.0.0+seed.20260809
DEMO-R0155-fx-fx,DEMO-R0155,DEMO-TEAM-05,Cross-border FX,mining,Global,upper_mid,established,2025-07-01,2026-06-30,2026-08-09,963139264.34,3713521971.49,4676661235.83,0.20594591,0.40046894,2.49707258,False,,SYNTHETIC_SIMULATION,SIMULATED_KNOWN_TRUTH,,False,False,representative-multibank-analog-1.0.0+seed.20260809
DEMO-R0155-trade-finance,DEMO-R0155,DEMO-TEAM-05,Trade finance,mining,Global,upper_mid,established,2025-07-01,2026-06-30,2026-08-09,444360854.99,1639257439.86,2083618294.85,0.21326404,0.40046894,2.49707258,False,,SYNTHETIC_SIMULATION,SIMULATED_KNOWN_TRUTH,,False,False,representative-multibank-analog-1.0.0+seed.20260809
DEMO-R0156-collections,DEMO-R0156,DEMO-TEAM-06,Collections,mining,SADC,upper_mid,established,2025-07-01,2026-06-30,2026-08-09,2659132323.97,4108177997.02,6767310320.99,0.39293784,0.42782581,2.33739987,False,,SYNTHETIC_SIMULATION,SIMULATED_KNOWN_TRUTH,,False,False,representative-multibank-analog-1.0.0+seed.20260809
DEMO-R0156-payments,DEMO-R0156,DEMO-TEAM-06,Payments,mining,SADC,upper_mid,established,2025-07-01,2026-06-30,2026-08-09,1563644192.93,3469458917.33,5033103110.26,0.310672,0.42782581,2.33739987,False,,SYNTHETIC_SIMULATION,SIMULATED_KNOWN_TRUTH,,False,False,representative-multibank-analog-1.0.0+seed.20260809
DEMO-R0156-liquidity,DEMO-R0156,DEMO-TEAM-06,Liquidity,mining,SADC,upper_mid,established,2025-07-01,2026-06-30,2026-08-09,3733425868.46,17434908661.76,21168334530.22,0.17636843,0.42782581,2.33739987,False,,SYNTHETIC_SIMULATION,SIMULATED_KNOWN_TRUTH,,False,False,representative-multibank-analog-1.0.0+seed.20260809
DEMO-R0156-fx-fx,DEMO-R0156,DEMO-TEAM-06,Cross-border FX,mining,SADC,upper_mid,established,2025-07-01,2026-06-30,2026-08-09,1173757266.86,2259875954.48,3433633221.34,0.34184119,0.42782581,2.33739987,False,,SYNTHETIC_SIMULATION,SIMULATED_KNOWN_TRUTH,,False,False,representative-multibank-analog-1.0.0+seed.20260809
DEMO-R0156-trade-finance,DEMO-R0156,DEMO-TEAM-06,Trade finance,mining,SADC,upper_mid,established,2025-07-01,2026-06-30,2026-08-09,989392442.39,6160309331.15,7149701773.54,0.13838234,0.42782581,2.33739987,False,,SYNTHETIC_SIMULATION,SIMULATED_KNOWN_TRUTH,,False,False,representative-multibank-analog-1.0.0+seed.20260809
DEMO-R0157-collections,DEMO-R0157,DEMO-TEAM-07,Collections,mining,SADC,upper_mid,developing,2025-07-01,2026-06-30,2026-08-09,1132451389.89,2396945036.57,3529396426.46,0.32086262,0.42867589,2.33276475,False,,SYNTHETIC_SIMULATION,SIMULATED_KNOWN_TRUTH,,False,False,representative-multibank-analog-1.0.0+seed.20260809
DEMO-R0157-payments,DEMO-R0157,DEMO-TEAM-07,Payments,mining,SADC,upper_mid,developing,2025-07-01,2026-06-30,2026-08-09,2122906683.73,4601196565.78,6724103249.51,0.31571596,0.42867589,2.33276475,False,,SYNTHETIC_SIMULATION,SIMULATED_KNOWN_TRUTH,,False,False,representative-multibank-analog-1.0.0+seed.20260809
DEMO-R0157-liquidity,DEMO-R0157,DEMO-TEAM-07,Liquidity,mining,SADC,upper_mid,developing,2025-07-01,2026-06-30,2026-08-09,1240607482.73,1799920445.78,3040527928.52,0.40802371,0.42867589,2.33276475,False,,SYNTHETIC_SIMULATION,SIMULATED_KNOWN_TRUTH,,False,False,representative-multibank-analog-1.0.0+seed.20260809
DEMO-R0157-fx-fx,DEMO-R0157,DEMO-TEAM-07,Cross-border FX,mining,SADC,upper_mid,developing,2025-07-01,2026-06-30,2026-08-09,1961303956.13,7175955748.11,9137259704.24,0.21464903,0.42867589,2.33276475,False,,SYNTHETIC_SIMULATION,SIMULATED_KNOWN_TRUTH,,False,False,representative-multibank-analog-1.0.0+seed.20260809
DEMO-R0157-trade-finance,DEMO-R0157,DEMO-TEAM-07,Trade finance,mining,SADC,upper_mid,developing,2025-07-01,2026-06-30,2026-08-09,810986961.7,3369432298.73,4180419260.43,0.19399656,0.42867589,2.33276475,False,,SYNTHETIC_SIMULATION,SIMULATED_KNOWN_TRUTH,,False,False,representative-multibank-analog-1.0.0+seed.20260809
DEMO-R0158-collections,DEMO-R0158,DEMO-TEAM-08,Collections,mining,Rest of Africa,upper_mid,new,2025-07-01,2026-06-30,2026-08-09,1199577550.39,1893158321.29,3092735871.68,0.38786938,0.35142111,2.84558886,False,,SYNTHETIC_SIMULATION,SIMULATED_KNOWN_TRUTH,,False,False,representative-multibank-analog-1.0.0+seed.20260809
DEMO-R0158-payments,DEMO-R0158,DEMO-TEAM-08,Payments,mining,Rest of Africa,upper_mid,new,2025-07-01,2026-06-30,2026-08-09,1543945093.69,1953676805.3,3497621898.99,0.4414271,0.35142111,2.84558886,False,,SYNTHETIC_SIMULATION,SIMULATED_KNOWN_TRUTH,,False,False,representative-multibank-analog-1.0.0+seed.20260809
DEMO-R0158-liquidity,DEMO-R0158,DEMO-TEAM-08,Liquidity,mining,Rest of Africa,upper_mid,new,2025-07-01,2026-06-30,2026-08-09,1268939242.51,2263072685.06,3532011927.57,0.35926811,0.35142111,2.84558886,False,,SYNTHETIC_SIMULATION,SIMULATED_KNOWN_TRUTH,,False,False,representative-multibank-analog-1.0.0+seed.20260809
DEMO-R0158-fx-fx,DEMO-R0158,DEMO-TEAM-08,Cross-border FX,mining,Rest of Africa,upper_mid,new,2025-07-01,2026-06-30,2026-08-09,2034168042.62,15449315081.17,17483483123.78,0.11634799,0.35142111,2.84558886,False,,SYNTHETIC_SIMULATION,SIMULATED_KNOWN_TRUTH,,False,False,representative-multibank-analog-1.0.0+seed.20260809
DEMO-R0158-trade-finance,DEMO-R0158,DEMO-TEAM-08,Trade finance,mining,Rest of Africa,upper_mid,new,2025-07-01,2026-06-30,2026-08-09,223449568.33,646621345.73,870070914.06,0.25681765,0.35142111,2.84558886,False,,SYNTHETIC_SIMULATION,SIMULATED_KNOWN_TRUTH,,False,False,representative-multibank-analog-1.0.0+seed.20260809
DEMO-R0159-collections,DEMO-R0159,DEMO-TEAM-09,Collections,industrials_pharma,South Africa,large,established,2025-07-01,2026-06-30,2026-08-09,1562469677.83,1991277866.5,3553747544.33,0.43966817,0.50894053,1.96486611,False,,SYNTHETIC_SIMULATION,SIMULATED_KNOWN_TRUTH,,False,False,representative-multibank-analog-1.0.0+seed.20260809
DEMO-R0159-payments,DEMO-R0159,DEMO-TEAM-09,Payments,industrials_pharma,South Africa,large,established,2025-07-01,2026-06-30,2026-08-09,9041188697.43,12468898292.43,21510086989.86,0.4203232,0.50894053,1.96486611,False,,SYNTHETIC_SIMULATION,SIMULATED_KNOWN_TRUTH,,False,False,representative-multibank-analog-1.0.0+seed.20260809
DEMO-R0159-liquidity,DEMO-R0159,DEMO-TEAM-09,Liquidity,industrials_pharma,South Africa,large,established,2025-07-01,2026-06-30,2026-08-09,7615036597.77,7340311279.73,14955347877.5,0.50918485,0.50894053,1.96486611,False,,SYNTHETIC_SIMULATION,SIMULATED_KNOWN_TRUTH,,False,False,representative-multibank-analog-1.0.0+seed.20260809
DEMO-R0159-fx-fx,DEMO-R0159,DEMO-TEAM-09,Cross-border FX,industrials_pharma,South Africa,large,established,2025-07-01,2026-06-30,2026-08-09,3926515729.17,9988938177.43,13915453906.6,0.28216943,0.50894053,1.96486611,False,,SYNTHETIC_SIMULATION,SIMULATED_KNOWN_TRUTH,,False,False,representative-multibank-analog-1.0.0+seed.20260809
DEMO-R0159-trade-finance,DEMO-R0159,DEMO-TEAM-09,Trade finance,industrials_pharma,South Africa,large,established,2025-07-01,2026-06-30,2026-08-09,2953527538.08,17961512420.01,20915039958.1,0.14121549,0.50894053,1.96486611,False,,SYNTHETIC_SIMULATION,SIMULATED_KNOWN_TRUTH,,False,False,representative-multibank-analog-1.0.0+seed.20260809
DEMO-R0160-collections,DEMO-R0160,DEMO-TEAM-10,Collections,industrials_pharma,South Africa,upper_mid,developing,2025-07-01,2026-06-30,2026-08-09,413045555.25,1074837346.39,1487882901.64,0.27760622,0.3794808,2.63517945,False,,SYNTHETIC_SIMULATION,SIMULATED_KNOWN_TRUTH,,False,False,representative-multibank-analog-1.0.0+seed.20260809
DEMO-R0160-payments,DEMO-R0160,DEMO-TEAM-10,Payments,industrials_pharma,South Africa,upper_mid,developing,2025-07-01,2026-06-30,2026-08-09,1309766803.52,3901046728.26,5210813531.78,0.25135553,0.3794808,2.63517945,False,,SYNTHETIC_SIMULATION,SIMULATED_KNOWN_TRUTH,,False,False,representative-multibank-analog-1.0.0+seed.20260809
DEMO-R0160-liquidity,DEMO-R0160,DEMO-TEAM-10,Liquidity,industrials_pharma,South Africa,upper_mid,developing,2025-07-01,2026-06-30,2026-08-09,2819636586.96,6216536637.71,9036173224.67,0.31203879,0.3794808,2.63517945,False,,SYNTHETIC_SIMULATION,SIMULATED_KNOWN_TRUTH,,False,False,representative-multibank-analog-1.0.0+seed.20260809
DEMO-R0160-fx-fx,DEMO-R0160,DEMO-TEAM-10,Cross-border FX,industrials_pharma,South Africa,upper_mid,developing,2025-07-01,2026-06-30,2026-08-09,924206066.77,2884893155.97,3809099222.75,0.24263113,0.3794808,2.63517945,False,,SYNTHETIC_SIMULATION,SIMULATED_KNOWN_TRUTH,,False,False,representative-multibank-analog-1.0.0+seed.20260809
DEMO-R0160-trade-finance,DEMO-R0160,DEMO-TEAM-10,Trade finance,industrials_pharma,South Africa,upper_mid,developing,2025-07-01,2026-06-30,2026-08-09,525533022.56,5536601598.92,6062134621.48,0.08669108,0.3794808,2.63517945,False,,SYNTHETIC_SIMULATION,SIMULATED_KNOWN_TRUTH,,False,False,representative-multibank-analog-1.0.0+seed.20260809
DEMO-R0161-collections,DEMO-R0161,DEMO-TEAM-11,Collections,mining,South Africa,upper_mid,established,2025-07-01,2026-06-30,2026-08-09,1463081332.46,5536442746.76,6999524079.23,0.20902583,0.40247715,2.48461308,False,,SYNTHETIC_SIMULATION,SIMULATED_KNOWN_TRUTH,,False,False,representative-multibank-analog-1.0.0+seed.20260809
DEMO-R0161-payments,DEMO-R0161,DEMO-TEAM-11,Payments,mining,South Africa,upper_mid,established,2025-07-01,2026-06-30,2026-08-09,2234419517.48,2507677405.76,4742096923.24,0.47118807,0.40247715,2.48461308,False,,SYNTHETIC_SIMULATION,SIMULATED_KNOWN_TRUTH,,False,False,representative-multibank-analog-1.0.0+seed.20260809
DEMO-R0161-liquidity,DEMO-R0161,DEMO-TEAM-11,Liquidity,mining,South Africa,upper_mid,established,2025-07-01,2026-06-30,2026-08-09,1603753197.85,2679415507.12,4283168704.96,0.37443148,0.40247715,2.48461308,False,,SYNTHETIC_SIMULATION,SIMULATED_KNOWN_TRUTH,,False,False,representative-multibank-analog-1.0.0+seed.20260809
DEMO-R0161-fx-fx,DEMO-R0161,DEMO-TEAM-11,Cross-border FX,mining,South Africa,upper_mid,established,2025-07-01,2026-06-30,2026-08-09,1478964736.07,2697764536.02,4176729272.09,0.35409638,0.40247715,2.48461308,False,,SYNTHETIC_SIMULATION,SIMULATED_KNOWN_TRUTH,,False,False,representative-multibank-analog-1.0.0+seed.20260809
DEMO-R0161-trade-finance,DEMO-R0161,DEMO-TEAM-11,Trade finance,mining,South Africa,upper_mid,established,2025-07-01,2026-06-30,2026-08-09,808270701.28,7297657911.25,8105928612.53,0.09971352,0.40247715,2.48461308,False,,SYNTHETIC_SIMULATION,SIMULATED_KNOWN_TRUTH,,False,False,representative-multibank-analog-1.0.0+seed.20260809
DEMO-R0162-collections,DEMO-R0162,DEMO-TEAM-12,Collections,consumer,SADC,upper_mid,established,2025-07-01,2026-06-30,2026-08-09,3671596075.85,5759509417.35,9431105493.21,0.38930707,0.37139284,2.69256674,False,,SYNTHETIC_SIMULATION,SIMULATED_KNOWN_TRUTH,,False,False,representative-multibank-analog-1.0.0+seed.20260809
DEMO-R0162-payments,DEMO-R0162,DEMO-TEAM-12,Payments,consumer,SADC,upper_mid,established,2025-07-01,2026-06-30,2026-08-09,6801956467.82,23349654327.31,30151610795.13,0.22559181,0.37139284,2.69256674,False,,SYNTHETIC_SIMULATION,SIMULATED_KNOWN_TRUTH,,False,False,representative-multibank-analog-1.0.0+seed.20260809
DEMO-R0162-liquidity,DEMO-R0162,DEMO-TEAM-12,Liquidity,consumer,SADC,upper_mid,established,2025-07-01,2026-06-30,2026-08-09,9862750912.31,47654631193.36,57517382105.67,0.17147427,0.37139284,2.69256674,False,,SYNTHETIC_SIMULATION,SIMULATED_KNOWN_TRUTH,,False,False,representative-multibank-analog-1.0.0+seed.20260809
DEMO-R0162-fx-fx,DEMO-R0162,DEMO-TEAM-12,Cross-border FX,consumer,SADC,upper_mid,established,2025-07-01,2026-06-30,2026-08-09,17709577152.63,80654458954.1,98364036106.73,0.18004118,0.37139284,2.69256674,False,,SYNTHETIC_SIMULATION,SIMULATED_KNOWN_TRUTH,,False,False,representative-multibank-analog-1.0.0+seed.20260809
DEMO-R0162-trade-finance,DEMO-R0162,DEMO-TEAM-12,Trade finance,consumer,SADC,upper_mid,established,2025-07-01,2026-06-30,2026-08-09,1800968589.89,5921583095.46,7722551685.35,0.233209,0.37139284,2.69256674,False,,SYNTHETIC_SIMULATION,SIMULATED_KNOWN_TRUTH,,False,False,representative-multibank-analog-1.0.0+seed.20260809
DEMO-R0163-collections,DEMO-R0163,DEMO-TEAM-13,Collections,telecoms,South Africa,mid,developing,2025-07-01,2026-06-30,2026-08-09,439865855.05,1351076645.87,1790942500.92,0.24560579,0.30397846,3.28970678,False,,SYNTHETIC_SIMULATION,SIMULATED_KNOWN_TRUTH,,False,False,representative-multibank-analog-1.0.0+seed.20260809
DEMO-R0163-payments,DEMO-R0163,DEMO-TEAM-13,Payments,telecoms,South Africa,mid,developing,2025-07-01,2026-06-30,2026-08-09,1955411865.45,8111612913.71,10067024779.16,0.1942393,0.30397846,3.28970678,False,,SYNTHETIC_SIMULATION,SIMULATED_KNOWN_TRUTH,,False,False,representative-multibank-analog-1.0.0+seed.20260809
DEMO-R0163-liquidity,DEMO-R0163,DEMO-TEAM-13,Liquidity,telecoms,South Africa,mid,developing,2025-07-01,2026-06-30,2026-08-09,1854353911.19,3785466693.3,5639820604.49,0.32879661,0.30397846,3.28970678,False,,SYNTHETIC_SIMULATION,SIMULATED_KNOWN_TRUTH,,False,False,representative-multibank-analog-1.0.0+seed.20260809
DEMO-R0163-fx-fx,DEMO-R0163,DEMO-TEAM-13,Cross-border FX,telecoms,South Africa,mid,developing,2025-07-01,2026-06-30,2026-08-09,4180636707.28,12451830014.23,16632466721.51,0.25135398,0.30397846,3.28970678,False,,SYNTHETIC_SIMULATION,SIMULATED_KNOWN_TRUTH,,False,False,representative-multibank-analog-1.0.0+seed.20260809
DEMO-R0163-trade-finance,DEMO-R0163,DEMO-TEAM-13,Trade finance,telecoms,South Africa,mid,developing,2025-07-01,2026-06-30,2026-08-09,646004082.31,2036700109.36,2682704191.66,0.24080332,0.30397846,3.28970678,False,,SYNTHETIC_SIMULATION,SIMULATED_KNOWN_TRUTH,,False,False,representative-multibank-analog-1.0.0+seed.20260809
DEMO-R0164-collections,DEMO-R0164,DEMO-TEAM-14,Collections,industrials_pharma,South Africa,upper_mid,new,2025-07-01,2026-06-30,2026-08-09,668372737.85,1649199504.13,2317572241.98,0.28839349,0.34213623,2.92281232,False,,SYNTHETIC_SIMULATION,SIMULATED_KNOWN_TRUTH,,False,False,representative-multibank-analog-1.0.0+seed.20260809
DEMO-R0164-payments,DEMO-R0164,DEMO-TEAM-14,Payments,industrials_pharma,South Africa,upper_mid,new,2025-07-01,2026-06-30,2026-08-09,1494500686.41,2198721883.48,3693222569.88,0.40466034,0.34213623,2.92281232,False,,SYNTHETIC_SIMULATION,SIMULATED_KNOWN_TRUTH,,False,False,representative-multibank-analog-1.0.0+seed.20260809
DEMO-R0164-liquidity,DEMO-R0164,DEMO-TEAM-14,Liquidity,industrials_pharma,South Africa,upper_mid,new,2025-07-01,2026-06-30,2026-08-09,3071954779.46,11270954331.48,14342909110.95,0.21417934,0.34213623,2.92281232,False,,SYNTHETIC_SIMULATION,SIMULATED_KNOWN_TRUTH,,False,False,representative-multibank-analog-1.0.0+seed.20260809
DEMO-R0164-fx-fx,DEMO-R0164,DEMO-TEAM-14,Cross-border FX,industrials_pharma,South Africa,upper_mid,new,2025-07-01,2026-06-30,2026-08-09,1417540909.35,4859166281.93,6276707191.28,0.22584149,0.34213623,2.92281232,False,,SYNTHETIC_SIMULATION,SIMULATED_KNOWN_TRUTH,,False,False,representative-multibank-analog-1.0.0+seed.20260809
DEMO-R0164-trade-finance,DEMO-R0164,DEMO-TEAM-14,Trade finance,industrials_pharma,South Africa,upper_mid,new,2025-07-01,2026-06-30,2026-08-09,1257099892.07,4974499897.63,6231599789.7,0.20172988,0.34213623,2.92281232,False,,SYNTHETIC_SIMULATION,SIMULATED_KNOWN_TRUTH,,False,False,representative-multibank-analog-1.0.0+seed.20260809
DEMO-R0165-collections,DEMO-R0165,DEMO-TEAM-15,Collections,mining,South Africa,mid,developing,2025-07-01,2026-06-30,2026-08-09,996005931.14,1174045774.16,2170051705.3,0.45897797,0.32879597,3.0413998,False,,SYNTHETIC_SIMULATION,SIMULATED_KNOWN_TRUTH,,False,False,representative-multibank-analog-1.0.0+seed.20260809
DEMO-R0165-payments,DEMO-R0165,DEMO-TEAM-15,Payments,mining,South Africa,mid,developing,2025-07-01,2026-06-30,2026-08-09,456598675.47,432118794.97,888717470.44,0.51377259,0.32879597,3.0413998,False,,SYNTHETIC_SIMULATION,SIMULATED_KNOWN_TRUTH,,False,False,representative-multibank-analog-1.0.0+seed.20260809
DEMO-R0165-liquidity,DEMO-R0165,DEMO-TEAM-15,Liquidity,mining,South Africa,mid,developing,2025-07-01,2026-06-30,2026-08-09,660563809.12,919974857.83,1580538666.96,0.41793587,0.32879597,3.0413998,False,,SYNTHETIC_SIMULATION,SIMULATED_KNOWN_TRUTH,,False,False,representative-multibank-analog-1.0.0+seed.20260809
DEMO-R0165-fx-fx,DEMO-R0165,DEMO-TEAM-15,Cross-border FX,mining,South Africa,mid,developing,2025-07-01,2026-06-30,2026-08-09,838568007.42,2254367705.88,3092935713.29,0.27112365,0.32879597,3.0413998,False,,SYNTHETIC_SIMULATION,SIMULATED_KNOWN_TRUTH,,False,False,representative-multibank-analog-1.0.0+seed.20260809
DEMO-R0165-trade-finance,DEMO-R0165,DEMO-TEAM-15,Trade finance,mining,South Africa,mid,developing,2025-07-01,2026-06-30,2026-08-09,189172912.87,1031301524.13,1220474437.0,0.15499949,0.32879597,3.0413998,False,,SYNTHETIC_SIMULATION,SIMULATED_KNOWN_TRUTH,,False,False,representative-multibank-analog-1.0.0+seed.20260809
DEMO-R0166-collections,DEMO-R0166,DEMO-TEAM-16,Collections,telecoms,Global,upper_mid,developing,2025-07-01,2026-06-30,2026-08-09,1593340844.92,2177017997.99,3770358842.91,0.4225966,0.37484286,2.66778458,False,,SYNTHETIC_SIMULATION,SIMULATED_KNOWN_TRUTH,,False,False,representative-multibank-analog-1.0.0+seed.20260809
DEMO-R0166-payments,DEMO-R0166,DEMO-TEAM-16,Payments,telecoms,Global,upper_mid,developing,2025-07-01,2026-06-30,2026-08-09,3149652609.26,4950036788.26,8099689397.52,0.38886091,0.37484286,2.66778458,False,,SYNTHETIC_SIMULATION,SIMULATED_KNOWN_TRUTH,,False,False,representative-multibank-analog-1.0.0+seed.20260809
DEMO-R0166-liquidity,DEMO-R0166,DEMO-TEAM-16,Liquidity,telecoms,Global,upper_mid,developing,2025-07-01,2026-06-30,2026-08-09,1895493337.1,7149590059.94,9045083397.04,0.20956063,0.37484286,2.66778458,False,,SYNTHETIC_SIMULATION,SIMULATED_KNOWN_TRUTH,,False,False,representative-multibank-analog-1.0.0+seed.20260809
DEMO-R0166-fx-fx,DEMO-R0166,DEMO-TEAM-16,Cross-border FX,telecoms,Global,upper_mid,developing,2025-07-01,2026-06-30,2026-08-09,6772333705.1,38315377066.66,45087710771.75,0.15020354,0.37484286,2.66778458,False,,SYNTHETIC_SIMULATION,SIMULATED_KNOWN_TRUTH,,False,False,representative-multibank-analog-1.0.0+seed.20260809
DEMO-R0166-trade-finance,DEMO-R0166,DEMO-TEAM-16,Trade finance,telecoms,Global,upper_mid,developing,2025-07-01,2026-06-30,2026-08-09,425192233.86,890431873.6,1315624107.46,0.32318672,0.37484286,2.66778458,False,,SYNTHETIC_SIMULATION,SIMULATED_KNOWN_TRUTH,,False,False,representative-multibank-analog-1.0.0+seed.20260809
DEMO-R0167-collections,DEMO-R0167,DEMO-TEAM-17,Collections,consumer,Global,mid,established,2025-07-01,2026-06-30,2026-08-09,1650848351.86,3915655840.76,5566504192.63,0.29656824,0.32958628,3.03410688,False,,SYNTHETIC_SIMULATION,SIMULATED_KNOWN_TRUTH,,False,False,representative-multibank-analog-1.0.0+seed.20260809
DEMO-R0167-payments,DEMO-R0167,DEMO-TEAM-17,Payments,consumer,Global,mid,established,2025-07-01,2026-06-30,2026-08-09,6240560033.85,19013789145.19,25254349179.04,0.24710833,0.32958628,3.03410688,False,,SYNTHETIC_SIMULATION,SIMULATED_KNOWN_TRUTH,,False,False,representative-multibank-analog-1.0.0+seed.20260809
DEMO-R0167-liquidity,DEMO-R0167,DEMO-TEAM-17,Liquidity,consumer,Global,mid,established,2025-07-01,2026-06-30,2026-08-09,1614035285.37,8380040903.45,9994076188.82,0.1614992,0.32958628,3.03410688,False,,SYNTHETIC_SIMULATION,SIMULATED_KNOWN_TRUTH,,False,False,representative-multibank-analog-1.0.0+seed.20260809
DEMO-R0167-fx-fx,DEMO-R0167,DEMO-TEAM-17,Cross-border FX,consumer,Global,mid,established,2025-07-01,2026-06-30,2026-08-09,3554895401.37,4796825912.24,8351721313.6,0.42564823,0.32958628,3.03410688,False,,SYNTHETIC_SIMULATION,SIMULATED_KNOWN_TRUTH,,False,False,representative-multibank-analog-1.0.0+seed.20260809
DEMO-R0167-trade-finance,DEMO-R0167,DEMO-TEAM-17,Trade finance,consumer,Global,mid,established,2025-07-01,2026-06-30,2026-08-09,1127502804.07,14875376239.72,16002879043.79,0.07045625,0.32958628,3.03410688,False,,SYNTHETIC_SIMULATION,SIMULATED_KNOWN_TRUTH,,False,False,representative-multibank-analog-1.0.0+seed.20260809
DEMO-R0168-collections,DEMO-R0168,DEMO-TEAM-18,Collections,mining,SADC,upper_mid,established,2025-07-01,2026-06-30,2026-08-09,871998288.05,1804764069.07,2676762357.12,0.32576605,0.45579753,2.19395662,False,,SYNTHETIC_SIMULATION,SIMULATED_KNOWN_TRUTH,,False,False,representative-multibank-analog-1.0.0+seed.20260809
DEMO-R0168-payments,DEMO-R0168,DEMO-TEAM-18,Payments,mining,SADC,upper_mid,established,2025-07-01,2026-06-30,2026-08-09,1454785160.63,1495748347.68,2950533508.31,0.49305834,0.45579753,2.19395662,False,,SYNTHETIC_SIMULATION,SIMULATED_KNOWN_TRUTH,,False,False,representative-multibank-analog-1.0.0+seed.20260809
DEMO-R0168-liquidity,DEMO-R0168,DEMO-TEAM-18,Liquidity,mining,SADC,upper_mid,established,2025-07-01,2026-06-30,2026-08-09,1640497558.23,7560066656.57,9200564214.81,0.17830402,0.45579753,2.19395662,False,,SYNTHETIC_SIMULATION,SIMULATED_KNOWN_TRUTH,,False,False,representative-multibank-analog-1.0.0+seed.20260809
DEMO-R0168-fx-fx,DEMO-R0168,DEMO-TEAM-18,Cross-border FX,mining,SADC,upper_mid,established,2025-07-01,2026-06-30,2026-08-09,1407995812.22,10832900841.64,12240896653.86,0.11502391,0.45579753,2.19395662,False,,SYNTHETIC_SIMULATION,SIMULATED_KNOWN_TRUTH,,False,False,representative-multibank-analog-1.0.0+seed.20260809
DEMO-R0168-trade-finance,DEMO-R0168,DEMO-TEAM-18,Trade finance,mining,SADC,upper_mid,established,2025-07-01,2026-06-30,2026-08-09,204809580.43,287372541.46,492182121.89,0.4161256,0.45579753,2.19395662,False,,SYNTHETIC_SIMULATION,SIMULATED_KNOWN_TRUTH,,False,False,representative-multibank-analog-1.0.0+seed.20260809
DEMO-R0169-collections,DEMO-R0169,DEMO-TEAM-19,Collections,industrials_pharma,Global,mid,new,2025-07-01,2026-06-30,2026-08-09,236775696.01,336245717.99,573021414.0,0.41320567,0.31580332,3.16652785,False,,SYNTHETIC_SIMULATION,SIMULATED_KNOWN_TRUTH,,False,False,representative-multibank-analog-1.0.0+seed.20260809
DEMO-R0169-payments,DEMO-R0169,DEMO-TEAM-19,Payments,industrials_pharma,Global,mid,new,2025-07-01,2026-06-30,2026-08-09,1204785441.97,2812673273.72,4017458715.69,0.29988745,0.31580332,3.16652785,False,,SYNTHETIC_SIMULATION,SIMULATED_KNOWN_TRUTH,,False,False,representative-multibank-analog-1.0.0+seed.20260809
DEMO-R0169-liquidity,DEMO-R0169,DEMO-TEAM-19,Liquidity,industrials_pharma,Global,mid,new,2025-07-01,2026-06-30,2026-08-09,785374617.14,643224205.73,1428598822.87,0.54975169,0.31580332,3.16652785,False,,SYNTHETIC_SIMULATION,SIMULATED_KNOWN_TRUTH,,False,False,representative-multibank-analog-1.0.0+seed.20260809
DEMO-R0169-fx-fx,DEMO-R0169,DEMO-TEAM-19,Cross-border FX,industrials_pharma,Global,mid,new,2025-07-01,2026-06-30,2026-08-09,706631466.0,1682035630.43,2388667096.42,0.29582668,0.31580332,3.16652785,False,,SYNTHETIC_SIMULATION,SIMULATED_KNOWN_TRUTH,,False,False,representative-multibank-analog-1.0.0+seed.20260809
DEMO-R0169-trade-finance,DEMO-R0169,DEMO-TEAM-19,Trade finance,industrials_pharma,Global,mid,new,2025-07-01,2026-06-30,2026-08-09,238157683.74,1040490310.6,1278647994.33,0.18625743,0.31580332,3.16652785,False,,SYNTHETIC_SIMULATION,SIMULATED_KNOWN_TRUTH,,False,False,representative-multibank-analog-1.0.0+seed.20260809
DEMO-R0170-collections,DEMO-R0170,DEMO-TEAM-20,Collections,mining,South Africa,large,established,2025-07-01,2026-06-30,2026-08-09,7787682771.52,12719792448.69,20507475220.21,0.37974849,0.5205812,1.92092992,False,,SYNTHETIC_SIMULATION,SIMULATED_KNOWN_TRUTH,,False,False,representative-multibank-analog-1.0.0+seed.20260809
DEMO-R0170-payments,DEMO-R0170,DEMO-TEAM-20,Payments,mining,South Africa,large,established,2025-07-01,2026-06-30,2026-08-09,5337093295.51,10674776382.93,16011869678.44,0.33332106,0.5205812,1.92092992,False,,SYNTHETIC_SIMULATION,SIMULATED_KNOWN_TRUTH,,False,False,representative-multibank-analog-1.0.0+seed.20260809
DEMO-R0170-liquidity,DEMO-R0170,DEMO-TEAM-20,Liquidity,mining,South Africa,large,established,2025-07-01,2026-06-30,2026-08-09,7495123590.66,13342728343.51,20837851934.17,0.35968792,0.5205812,1.92092992,False,,SYNTHETIC_SIMULATION,SIMULATED_KNOWN_TRUTH,,False,False,representative-multibank-analog-1.0.0+seed.20260809
DEMO-R0170-fx-fx,DEMO-R0170,DEMO-TEAM-20,Cross-border FX,mining,South Africa,large,established,2025-07-01,2026-06-30,2026-08-09,1673111216.62,4975103415.67,6648214632.29,0.25166324,0.5205812,1.92092992,False,,SYNTHETIC_SIMULATION,SIMULATED_KNOWN_TRUTH,,False,False,representative-multibank-analog-1.0.0+seed.20260809
DEMO-R0170-trade-finance,DEMO-R0170,DEMO-TEAM-20,Trade finance,mining,South Africa,large,established,2025-07-01,2026-06-30,2026-08-09,1646828259.42,6466006746.16,8112835005.58,0.20299048,0.5205812,1.92092992,False,,SYNTHETIC_SIMULATION,SIMULATED_KNOWN_TRUTH,,False,False,representative-multibank-analog-1.0.0+seed.20260809
DEMO-R0171-collections,DEMO-R0171,DEMO-TEAM-21,Collections,mining,Rest of Africa,upper_mid,established,2025-07-01,2026-06-30,2026-08-09,1717058253.33,1220384025.72,2937442279.04,0.58454196,0.42443841,2.35605447,False,,SYNTHETIC_SIMULATION,SIMULATED_KNOWN_TRUTH,,False,False,representative-multibank-analog-1.0.0+seed.20260809
DEMO-R0171-payments,DEMO-R0171,DEMO-TEAM-21,Payments,mining,Rest of Africa,upper_mid,established,2025-07-01,2026-06-30,2026-08-09,1022119125.52,1121915538.16,2144034663.67,0.47672696,0.42443841,2.35605447,False,,SYNTHETIC_SIMULATION,SIMULATED_KNOWN_TRUTH,,False,False,representative-multibank-analog-1.0.0+seed.20260809
DEMO-R0171-liquidity,DEMO-R0171,DEMO-TEAM-21,Liquidity,mining,Rest of Africa,upper_mid,established,2025-07-01,2026-06-30,2026-08-09,1367164272.9,2217916387.09,3585080659.99,0.38134826,0.42443841,2.35605447,False,,SYNTHETIC_SIMULATION,SIMULATED_KNOWN_TRUTH,,False,False,representative-multibank-analog-1.0.0+seed.20260809
DEMO-R0171-fx-fx,DEMO-R0171,DEMO-TEAM-21,Cross-border FX,mining,Rest of Africa,upper_mid,established,2025-07-01,2026-06-30,2026-08-09,2592710979.06,10086935225.97,12679646205.03,0.20447818,0.42443841,2.35605447,False,,SYNTHETIC_SIMULATION,SIMULATED_KNOWN_TRUTH,,False,False,representative-multibank-analog-1.0.0+seed.20260809
DEMO-R0171-trade-finance,DEMO-R0171,DEMO-TEAM-21,Trade finance,mining,Rest of Africa,upper_mid,established,2025-07-01,2026-06-30,2026-08-09,2273823452.45,12390408735.61,14664232188.06,0.15505916,0.42443841,2.35605447,False,,SYNTHETIC_SIMULATION,SIMULATED_KNOWN_TRUTH,,False,False,representative-multibank-analog-1.0.0+seed.20260809
DEMO-R0172-collections,DEMO-R0172,DEMO-TEAM-22,Collections,mining,South Africa,upper_mid,developing,2025-07-01,2026-06-30,2026-08-09,2011328069.25,9217913634.58,11229241703.83,0.17911522,0.34999886,2.8571522,False,,SYNTHETIC_SIMULATION,SIMULATED_KNOWN_TRUTH,,False,False,representative-multibank-analog-1.0.0+seed.20260809
DEMO-R0172-payments,DEMO-R0172,DEMO-TEAM-22,Payments,mining,South Africa,upper_mid,developing,2025-07-01,2026-06-30,2026-08-09,972965548.46,3656002673.83,4628968222.29,0.21019059,0.34999886,2.8571522,False,,SYNTHETIC_SIMULATION,SIMULATED_KNOWN_TRUTH,,False,False,representative-multibank-analog-1.0.0+seed.20260809
DEMO-R0172-liquidity,DEMO-R0172,DEMO-TEAM-22,Liquidity,mining,South Africa,upper_mid,developing,2025-07-01,2026-06-30,2026-08-09,1021865060.3,1947837979.42,2969703039.72,0.34409671,0.34999886,2.8571522,False,,SYNTHETIC_SIMULATION,SIMULATED_KNOWN_TRUTH,,False,False,representative-multibank-analog-1.0.0+seed.20260809
DEMO-R0172-fx-fx,DEMO-R0172,DEMO-TEAM-22,Cross-border FX,mining,South Africa,upper_mid,developing,2025-07-01,2026-06-30,2026-08-09,1166573638.73,5230103689.67,6396677328.4,0.18237181,0.34999886,2.8571522,False,,SYNTHETIC_SIMULATION,SIMULATED_KNOWN_TRUTH,,False,False,representative-multibank-analog-1.0.0+seed.20260809
DEMO-R0172-trade-finance,DEMO-R0172,DEMO-TEAM-22,Trade finance,mining,South Africa,upper_mid,developing,2025-07-01,2026-06-30,2026-08-09,502791397.68,2654737073.17,3157528470.85,0.15923574,0.34999886,2.8571522,False,,SYNTHETIC_SIMULATION,SIMULATED_KNOWN_TRUTH,,False,False,representative-multibank-analog-1.0.0+seed.20260809
DEMO-R0173-collections,DEMO-R0173,DEMO-TEAM-23,Collections,consumer,South Africa,large,established,2025-07-01,2026-06-30,2026-08-09,13483756713.45,27210723987.5,40694480700.95,0.33134117,0.5346118,1.87051614,False,,SYNTHETIC_SIMULATION,SIMULATED_KNOWN_TRUTH,,False,False,representative-multibank-analog-1.0.0+seed.20260809
DEMO-R0173-payments,DEMO-R0173,DEMO-TEAM-23,Payments,consumer,South Africa,large,established,2025-07-01,2026-06-30,2026-08-09,10226101329.43,5694311472.41,15920412801.84,0.64232639,0.5346118,1.87051614,False,,SYNTHETIC_SIMULATION,SIMULATED_KNOWN_TRUTH,,False,False,representative-multibank-analog-1.0.0+seed.20260809
DEMO-R0173-liquidity,DEMO-R0173,DEMO-TEAM-23,Liquidity,consumer,South Africa,large,established,2025-07-01,2026-06-30,2026-08-09,11602010349.91,48229835081.72,59831845431.64,0.19391029,0.5346118,1.87051614,False,,SYNTHETIC_SIMULATION,SIMULATED_KNOWN_TRUTH,,False,False,representative-multibank-analog-1.0.0+seed.20260809
DEMO-R0173-fx-fx,DEMO-R0173,DEMO-TEAM-23,Cross-border FX,consumer,South Africa,large,established,2025-07-01,2026-06-30,2026-08-09,14640420475.51,26233020632.49,40873441108.0,0.35818909,0.5346118,1.87051614,False,,SYNTHETIC_SIMULATION,SIMULATED_KNOWN_TRUTH,,False,False,representative-multibank-analog-1.0.0+seed.20260809
DEMO-R0173-trade-finance,DEMO-R0173,DEMO-TEAM-23,Trade finance,consumer,South Africa,large,established,2025-07-01,2026-06-30,2026-08-09,2827866038.23,34426718794.28,37254584832.51,0.07590652,0.5346118,1.87051614,False,,SYNTHETIC_SIMULATION,SIMULATED_KNOWN_TRUTH,,False,False,representative-multibank-analog-1.0.0+seed.20260809
DEMO-R0174-collections,DEMO-R0174,DEMO-TEAM-24,Collections,mining,SADC,mid,developing,2025-07-01,2026-06-30,2026-08-09,1123470927.73,1635964977.83,2759435905.57,0.4071379,0.30550388,3.27328083,False,,SYNTHETIC_SIMULATION,SIMULATED_KNOWN_TRUTH,,False,False,representative-multibank-analog-1.0.0+seed.20260809
DEMO-R0174-payments,DEMO-R0174,DEMO-TEAM-24,Payments,mining,SADC,mid,developing,2025-07-01,2026-06-30,2026-08-09,452522745.88,381561120.48,834083866.35,0.54253866,0.30550388,3.27328083,False,,SYNTHETIC_SIMULATION,SIMULATED_KNOWN_TRUTH,,False,False,representative-multibank-analog-1.0.0+seed.20260809
DEMO-R0174-liquidity,DEMO-R0174,DEMO-TEAM-24,Liquidity,mining,SADC,mid,developing,2025-07-01,2026-06-30,2026-08-09,431603658.83,790233075.34,1221836734.17,0.35324168,0.30550388,3.27328083,False,,SYNTHETIC_SIMULATION,SIMULATED_KNOWN_TRUTH,,False,False,representative-multibank-analog-1.0.0+seed.20260809
DEMO-R0174-fx-fx,DEMO-R0174,DEMO-TEAM-24,Cross-border FX,mining,SADC,mid,developing,2025-07-01,2026-06-30,2026-08-09,170106102.34,938905660.92,1109011763.26,0.1533853,0.30550388,3.27328083,False,,SYNTHETIC_SIMULATION,SIMULATED_KNOWN_TRUTH,,False,False,representative-multibank-analog-1.0.0+seed.20260809
DEMO-R0174-trade-finance,DEMO-R0174,DEMO-TEAM-24,Trade finance,mining,SADC,mid,developing,2025-07-01,2026-06-30,2026-08-09,219661928.12,2257818875.77,2477480803.89,0.08866342,0.30550388,3.27328083,False,,SYNTHETIC_SIMULATION,SIMULATED_KNOWN_TRUTH,,False,False,representative-multibank-analog-1.0.0+seed.20260809
DEMO-R0175-collections,DEMO-R0175,DEMO-TEAM-25,Collections,telecoms,South Africa,upper_mid,new,2025-07-01,2026-06-30,2026-08-09,876854068.43,6398109183.16,7274963251.59,0.12053038,0.31971297,3.12780554,False,,SYNTHETIC_SIMULATION,SIMULATED_KNOWN_TRUTH,,False,False,representative-multibank-analog-1.0.0+seed.20260809
DEMO-R0175-payments,DEMO-R0175,DEMO-TEAM-25,Payments,telecoms,South Africa,upper_mid,new,2025-07-01,2026-06-30,2026-08-09,2245454617.33,4072958678.41,6318413295.73,0.35538267,0.31971297,3.12780554,False,,SYNTHETIC_SIMULATION,SIMULATED_KNOWN_TRUTH,,False,False,representative-multibank-analog-1.0.0+seed.20260809
DEMO-R0175-liquidity,DEMO-R0175,DEMO-TEAM-25,Liquidity,telecoms,South Africa,upper_mid,new,2025-07-01,2026-06-30,2026-08-09,3384866185.79,5064744877.23,8449611063.02,0.40059432,0.31971297,3.12780554,False,,SYNTHETIC_SIMULATION,SIMULATED_KNOWN_TRUTH,,False,False,representative-multibank-analog-1.0.0+seed.20260809
DEMO-R0175-fx-fx,DEMO-R0175,DEMO-TEAM-25,Cross-border FX,telecoms,South Africa,upper_mid,new,2025-07-01,2026-06-30,2026-08-09,1628721657.42,3759764205.48,5388485862.91,0.30225961,0.31971297,3.12780554,False,,SYNTHETIC_SIMULATION,SIMULATED_KNOWN_TRUTH,,False,False,representative-multibank-analog-1.0.0+seed.20260809
DEMO-R0175-trade-finance,DEMO-R0175,DEMO-TEAM-25,Trade finance,telecoms,South Africa,upper_mid,new,2025-07-01,2026-06-30,2026-08-09,714822248.44,4171451939.76,4886274188.19,0.14629188,0.31971297,3.12780554,False,,SYNTHETIC_SIMULATION,SIMULATED_KNOWN_TRUTH,,False,False,representative-multibank-analog-1.0.0+seed.20260809
DEMO-R0176-collections,DEMO-R0176,DEMO-TEAM-26,Collections,consumer,SADC,large,developing,2025-07-01,2026-06-30,2026-08-09,8459229432.09,36491265378.95,44950494811.05,0.18818991,0.4902475,2.03978601,False,,SYNTHETIC_SIMULATION,SIMULATED_KNOWN_TRUTH,,False,False,representative-multibank-analog-1.0.0+seed.20260809
DEMO-R0176-payments,DEMO-R0176,DEMO-TEAM-26,Payments,consumer,SADC,large,developing,2025-07-01,2026-06-30,2026-08-09,17839575350.76,29501976106.38,47341551457.15,0.37682701,0.4902475,2.03978601,False,,SYNTHETIC_SIMULATION,SIMULATED_KNOWN_TRUTH,,False,False,representative-multibank-analog-1.0.0+seed.20260809
DEMO-R0176-liquidity,DEMO-R0176,DEMO-TEAM-26,Liquidity,consumer,SADC,large,developing,2025-07-01,2026-06-30,2026-08-09,8914425627.16,23725301944.54,32639727571.7,0.27311581,0.4902475,2.03978601,False,,SYNTHETIC_SIMULATION,SIMULATED_KNOWN_TRUTH,,False,False,representative-multibank-analog-1.0.0+seed.20260809
DEMO-R0176-fx-fx,DEMO-R0176,DEMO-TEAM-26,Cross-border FX,consumer,SADC,large,developing,2025-07-01,2026-06-30,2026-08-09,9975229998.32,20508097243.78,30483327242.1,0.3272356,0.4902475,2.03978601,False,,SYNTHETIC_SIMULATION,SIMULATED_KNOWN_TRUTH,,False,False,representative-multibank-analog-1.0.0+seed.20260809
DEMO-R0176-trade-finance,DEMO-R0176,DEMO-TEAM-26,Trade finance,consumer,SADC,large,developing,2025-07-01,2026-06-30,2026-08-09,3363894158.74,11348397529.71,14712291688.45,0.22864515,0.4902475,2.03978601,False,,SYNTHETIC_SIMULATION,SIMULATED_KNOWN_TRUTH,,False,False,representative-multibank-analog-1.0.0+seed.20260809
DEMO-R0177-collections,DEMO-R0177,DEMO-TEAM-27,Collections,mining,SADC,large,developing,2025-07-01,2026-06-30,2026-08-09,1786372082.53,5618607415.32,7404979497.85,0.2412393,0.48561731,2.05923469,False,,SYNTHETIC_SIMULATION,SIMULATED_KNOWN_TRUTH,,False,False,representative-multibank-analog-1.0.0+seed.20260809
DEMO-R0177-payments,DEMO-R0177,DEMO-TEAM-27,Payments,mining,SADC,large,developing,2025-07-01,2026-06-30,2026-08-09,1564276853.65,1662106271.89,3226383125.54,0.48483915,0.48561731,2.05923469,False,,SYNTHETIC_SIMULATION,SIMULATED_KNOWN_TRUTH,,False,False,representative-multibank-analog-1.0.0+seed.20260809
DEMO-R0177-liquidity,DEMO-R0177,DEMO-TEAM-27,Liquidity,mining,SADC,large,developing,2025-07-01,2026-06-30,2026-08-09,2889998195.9,4187677065.31,7077675261.21,0.40832591,0.48561731,2.05923469,False,,SYNTHETIC_SIMULATION,SIMULATED_KNOWN_TRUTH,,False,False,representative-multibank-analog-1.0.0+seed.20260809
DEMO-R0177-fx-fx,DEMO-R0177,DEMO-TEAM-27,Cross-border FX,mining,SADC,large,developing,2025-07-01,2026-06-30,2026-08-09,1302857282.44,2938991149.53,4241848431.97,0.30714376,0.48561731,2.05923469,False,,SYNTHETIC_SIMULATION,SIMULATED_KNOWN_TRUTH,,False,False,representative-multibank-analog-1.0.0+seed.20260809
DEMO-R0177-trade-finance,DEMO-R0177,DEMO-TEAM-27,Trade finance,mining,SADC,large,developing,2025-07-01,2026-06-30,2026-08-09,888978405.4,5310799647.91,6199778053.31,0.14338875,0.48561731,2.05923469,False,,SYNTHETIC_SIMULATION,SIMULATED_KNOWN_TRUTH,,False,False,representative-multibank-analog-1.0.0+seed.20260809
DEMO-R0178-collections,DEMO-R0178,DEMO-TEAM-28,Collections,insurance,Rest of Africa,upper_mid,established,2025-07-01,2026-06-30,2026-08-09,1932147839.5,10309958492.07,12242106331.57,0.15782806,0.41153142,2.42994809,False,,SYNTHETIC_SIMULATION,SIMULATED_KNOWN_TRUTH,,False,False,representative-multibank-analog-1.0.0+seed.20260809
DEMO-R0178-payments,DEMO-R0178,DEMO-TEAM-28,Payments,insurance,Rest of Africa,upper_mid,established,2025-07-01,2026-06-30,2026-08-09,9635716585.46,28066269553.94,37701986139.4,0.25557583,0.41153142,2.42994809,False,,SYNTHETIC_SIMULATION,SIMULATED_KNOWN_TRUTH,,False,False,representative-multibank-analog-1.0.0+seed.20260809
DEMO-R0178-liquidity,DEMO-R0178,DEMO-TEAM-28,Liquidity,insurance,Rest of Africa,upper_mid,established,2025-07-01,2026-06-30,2026-08-09,7930918102.74,9859890167.74,17790808270.48,0.4457874,0.41153142,2.42994809,False,,SYNTHETIC_SIMULATION,SIMULATED_KNOWN_TRUTH,,False,False,representative-multibank-analog-1.0.0+seed.20260809
DEMO-R0178-fx-fx,DEMO-R0178,DEMO-TEAM-28,Cross-border FX,insurance,Rest of Africa,upper_mid,established,2025-07-01,2026-06-30,2026-08-09,1357057235.24,3954596976.56,5311654211.79,0.25548674,0.41153142,2.42994809,False,,SYNTHETIC_SIMULATION,SIMULATED_KNOWN_TRUTH,,False,False,representative-multibank-analog-1.0.0+seed.20260809
DEMO-R0178-trade-finance,DEMO-R0178,DEMO-TEAM-28,Trade finance,insurance,Rest of Africa,upper_mid,established,2025-07-01,2026-06-30,2026-08-09,38177951.25,432492626.45,470670577.7,0.08111395,0.41153142,2.42994809,False,,SYNTHETIC_SIMULATION,SIMULATED_KNOWN_TRUTH,,False,False,representative-multibank-analog-1.0.0+seed.20260809
DEMO-R0179-collections,DEMO-R0179,DEMO-TEAM-29,Collections,consumer,South Africa,large,established,2025-07-01,2026-06-30,2026-08-09,5629321699.7,11860522725.86,17489844425.55,0.32186231,0.52262278,1.91342598,False,,SYNTHETIC_SIMULATION,SIMULATED_KNOWN_TRUTH,,False,False,representative-multibank-analog-1.0.0+seed.20260809
DEMO-R0179-payments,DEMO-R0179,DEMO-TEAM-29,Payments,consumer,South Africa,large,established,2025-07-01,2026-06-30,2026-08-09,15129170156.32,12035708803.44,27164878959.77,0.55693862,0.52262278,1.91342598,False,,SYNTHETIC_SIMULATION,SIMULATED_KNOWN_TRUTH,,False,False,representative-multibank-analog-1.0.0+seed.20260809
DEMO-R0179-liquidity,DEMO-R0179,DEMO-TEAM-29,Liquidity,consumer,South Africa,large,established,2025-07-01,2026-06-30,2026-08-09,20269681573.16,89964645990.63,110234327563.79,0.18387813,0.52262278,1.91342598,False,,SYNTHETIC_SIMULATION,SIMULATED_KNOWN_TRUTH,,False,False,representative-multibank-analog-1.0.0+seed.20260809
DEMO-R0179-fx-fx,DEMO-R0179,DEMO-TEAM-29,Cross-border FX,consumer,South Africa,large,established,2025-07-01,2026-06-30,2026-08-09,8515531030.58,9630197818.5,18145728849.08,0.4692857,0.52262278,1.91342598,False,,SYNTHETIC_SIMULATION,SIMULATED_KNOWN_TRUTH,,False,False,representative-multibank-analog-1.0.0+seed.20260809
DEMO-R0179-trade-finance,DEMO-R0179,DEMO-TEAM-29,Trade finance,consumer,South Africa,large,established,2025-07-01,2026-06-30,2026-08-09,1553589656.8,4645342047.51,6198931704.31,0.25062216,0.52262278,1.91342598,False,,SYNTHETIC_SIMULATION,SIMULATED_KNOWN_TRUTH,,False,False,representative-multibank-analog-1.0.0+seed.20260809
DEMO-R0180-collections,DEMO-R0180,DEMO-TEAM-30,Collections,insurance,SADC,large,new,2025-07-01,2026-06-30,2026-08-09,3777078475.81,13906537266.39,17683615742.2,0.21359198,0.48639489,2.05594264,False,,SYNTHETIC_SIMULATION,SIMULATED_KNOWN_TRUTH,,False,False,representative-multibank-analog-1.0.0+seed.20260809
DEMO-R0180-payments,DEMO-R0180,DEMO-TEAM-30,Payments,insurance,SADC,large,new,2025-07-01,2026-06-30,2026-08-09,9333659401.51,23507658196.19,32841317597.71,0.28420478,0.48639489,2.05594264,False,,SYNTHETIC_SIMULATION,SIMULATED_KNOWN_TRUTH,,False,False,representative-multibank-analog-1.0.0+seed.20260809
DEMO-R0180-liquidity,DEMO-R0180,DEMO-TEAM-30,Liquidity,insurance,SADC,large,new,2025-07-01,2026-06-30,2026-08-09,7688858063.11,22166388608.18,29855246671.28,0.25753792,0.48639489,2.05594264,False,,SYNTHETIC_SIMULATION,SIMULATED_KNOWN_TRUTH,,False,False,representative-multibank-analog-1.0.0+seed.20260809
DEMO-R0180-fx-fx,DEMO-R0180,DEMO-TEAM-30,Cross-border FX,insurance,SADC,large,new,2025-07-01,2026-06-30,2026-08-09,3732950915.08,5648991692.59,9381942607.67,0.39788678,0.48639489,2.05594264,False,,SYNTHETIC_SIMULATION,SIMULATED_KNOWN_TRUTH,,False,False,representative-multibank-analog-1.0.0+seed.20260809
DEMO-R0180-trade-finance,DEMO-R0180,DEMO-TEAM-30,Trade finance,insurance,SADC,large,new,2025-07-01,2026-06-30,2026-08-09,150586508.81,269864106.58,420450615.4,0.35815504,0.48639489,2.05594264,False,,SYNTHETIC_SIMULATION,SIMULATED_KNOWN_TRUTH,,False,False,representative-multibank-analog-1.0.0+seed.20260809
DEMO-R0181-collections,DEMO-R0181,DEMO-TEAM-01,Collections,mining,Global,upper_mid,established,2025-07-01,2026-06-30,2026-08-09,2098955311.06,4923230479.8,7022185790.86,0.29890341,0.38526722,2.59560107,False,,SYNTHETIC_SIMULATION,SIMULATED_KNOWN_TRUTH,,False,False,representative-multibank-analog-1.0.0+seed.20260809
DEMO-R0181-payments,DEMO-R0181,DEMO-TEAM-01,Payments,mining,Global,upper_mid,established,2025-07-01,2026-06-30,2026-08-09,1095252866.31,2779329925.44,3874582791.75,0.28267634,0.38526722,2.59560107,False,,SYNTHETIC_SIMULATION,SIMULATED_KNOWN_TRUTH,,False,False,representative-multibank-analog-1.0.0+seed.20260809
DEMO-R0181-liquidity,DEMO-R0181,DEMO-TEAM-01,Liquidity,mining,Global,upper_mid,established,2025-07-01,2026-06-30,2026-08-09,2663737940.32,5859288882.41,8523026822.73,0.31253427,0.38526722,2.59560107,False,,SYNTHETIC_SIMULATION,SIMULATED_KNOWN_TRUTH,,False,False,representative-multibank-analog-1.0.0+seed.20260809
DEMO-R0181-fx-fx,DEMO-R0181,DEMO-TEAM-01,Cross-border FX,mining,Global,upper_mid,established,2025-07-01,2026-06-30,2026-08-09,834508709.48,2451008493.54,3285517203.02,0.25399615,0.38526722,2.59560107,False,,SYNTHETIC_SIMULATION,SIMULATED_KNOWN_TRUTH,,False,False,representative-multibank-analog-1.0.0+seed.20260809
DEMO-R0181-trade-finance,DEMO-R0181,DEMO-TEAM-01,Trade finance,mining,Global,upper_mid,established,2025-07-01,2026-06-30,2026-08-09,851641618.75,1388833743.12,2240475361.87,0.38011648,0.38526722,2.59560107,False,,SYNTHETIC_SIMULATION,SIMULATED_KNOWN_TRUTH,,False,False,representative-multibank-analog-1.0.0+seed.20260809
DEMO-R0182-collections,DEMO-R0182,DEMO-TEAM-02,Collections,consumer,South Africa,upper_mid,established,2025-07-01,2026-06-30,2026-08-09,2411143955.55,19050920142.42,21462064097.97,0.11234446,0.41696312,2.39829362,False,,SYNTHETIC_SIMULATION,SIMULATED_KNOWN_TRUTH,,False,False,representative-multibank-analog-1.0.0+seed.20260809
DEMO-R0182-payments,DEMO-R0182,DEMO-TEAM-02,Payments,consumer,South Africa,upper_mid,established,2025-07-01,2026-06-30,2026-08-09,13874909800.3,31926774553.45,45801684353.75,0.30293449,0.41696312,2.39829362,False,,SYNTHETIC_SIMULATION,SIMULATED_KNOWN_TRUTH,,False,False,representative-multibank-analog-1.0.0+seed.20260809
DEMO-R0182-liquidity,DEMO-R0182,DEMO-TEAM-02,Liquidity,consumer,South Africa,upper_mid,established,2025-07-01,2026-06-30,2026-08-09,7225606657.77,12895181625.47,20120788283.23,0.35911151,0.41696312,2.39829362,False,,SYNTHETIC_SIMULATION,SIMULATED_KNOWN_TRUTH,,False,False,representative-multibank-analog-1.0.0+seed.20260809
DEMO-R0182-fx-fx,DEMO-R0182,DEMO-TEAM-02,Cross-border FX,consumer,South Africa,upper_mid,established,2025-07-01,2026-06-30,2026-08-09,7079321926.3,48768456092.29,55847778018.59,0.12676103,0.41696312,2.39829362,False,,SYNTHETIC_SIMULATION,SIMULATED_KNOWN_TRUTH,,False,False,representative-multibank-analog-1.0.0+seed.20260809
DEMO-R0182-trade-finance,DEMO-R0182,DEMO-TEAM-02,Trade finance,consumer,South Africa,upper_mid,established,2025-07-01,2026-06-30,2026-08-09,1398036806.57,1615484225.71,3013521032.28,0.46392137,0.41696312,2.39829362,False,,SYNTHETIC_SIMULATION,SIMULATED_KNOWN_TRUTH,,False,False,representative-multibank-analog-1.0.0+seed.20260809
DEMO-R0183-collections,DEMO-R0183,DEMO-TEAM-03,Collections,mining,South Africa,large,established,2025-07-01,2026-06-30,2026-08-09,4004218836.33,3035256036.19,7039474872.52,0.56882351,0.51073908,1.95794692,False,,SYNTHETIC_SIMULATION,SIMULATED_KNOWN_TRUTH,,False,False,representative-multibank-analog-1.0.0+seed.20260809
DEMO-R0183-payments,DEMO-R0183,DEMO-TEAM-03,Payments,mining,South Africa,large,established,2025-07-01,2026-06-30,2026-08-09,1896318739.24,3733011128.2,5629329867.44,0.33686403,0.51073908,1.95794692,False,,SYNTHETIC_SIMULATION,SIMULATED_KNOWN_TRUTH,,False,False,representative-multibank-analog-1.0.0+seed.20260809
DEMO-R0183-liquidity,DEMO-R0183,DEMO-TEAM-03,Liquidity,mining,South Africa,large,established,2025-07-01,2026-06-30,2026-08-09,4251420917.43,22555770411.58,26807191329.0,0.15859255,0.51073908,1.95794692,False,,SYNTHETIC_SIMULATION,SIMULATED_KNOWN_TRUTH,,False,False,representative-multibank-analog-1.0.0+seed.20260809
DEMO-R0183-fx-fx,DEMO-R0183,DEMO-TEAM-03,Cross-border FX,mining,South Africa,large,established,2025-07-01,2026-06-30,2026-08-09,3636977816.06,10877724380.08,14514702196.14,0.25057199,0.51073908,1.95794692,False,,SYNTHETIC_SIMULATION,SIMULATED_KNOWN_TRUTH,,False,False,representative-multibank-analog-1.0.0+seed.20260809
DEMO-R0183-trade-finance,DEMO-R0183,DEMO-TEAM-03,Trade finance,mining,South Africa,large,established,2025-07-01,2026-06-30,2026-08-09,1165447083.18,2583694835.23,3749141918.41,0.31085702,0.51073908,1.95794692,False,,SYNTHETIC_SIMULATION,SIMULATED_KNOWN_TRUTH,,False,False,representative-multibank-analog-1.0.0+seed.20260809
DEMO-R0184-collections,DEMO-R0184,DEMO-TEAM-04,Collections,consumer,South Africa,mid,developing,2025-07-01,2026-06-30,2026-08-09,2698004161.41,6268930303.54,8966934464.95,0.30088367,0.31759199,3.148694,False,,SYNTHETIC_SIMULATION,SIMULATED_KNOWN_TRUTH,,False,False,representative-multibank-analog-1.0.0+seed.20260809
DEMO-R0184-payments,DEMO-R0184,DEMO-TEAM-04,Payments,consumer,South Africa,mid,developing,2025-07-01,2026-06-30,2026-08-09,3728306675.83,11260208139.48,14988514815.3,0.24874424,0.31759199,3.148694,False,,SYNTHETIC_SIMULATION,SIMULATED_KNOWN_TRUTH,,False,False,representative-multibank-analog-1.0.0+seed.20260809
DEMO-R0184-liquidity,DEMO-R0184,DEMO-TEAM-04,Liquidity,consumer,South Africa,mid,developing,2025-07-01,2026-06-30,2026-08-09,3527031901.06,17794214856.73,21321246757.78,0.16542334,0.31759199,3.148694,False,,SYNTHETIC_SIMULATION,SIMULATED_KNOWN_TRUTH,,False,False,representative-multibank-analog-1.0.0+seed.20260809
DEMO-R0184-fx-fx,DEMO-R0184,DEMO-TEAM-04,Cross-border FX,consumer,South Africa,mid,developing,2025-07-01,2026-06-30,2026-08-09,1723897664.33,2797974381.78,4521872046.12,0.38123539,0.31759199,3.148694,False,,SYNTHETIC_SIMULATION,SIMULATED_KNOWN_TRUTH,,False,False,representative-multibank-analog-1.0.0+seed.20260809
DEMO-R0184-trade-finance,DEMO-R0184,DEMO-TEAM-04,Trade finance,consumer,South Africa,mid,developing,2025-07-01,2026-06-30,2026-08-09,743227551.03,4684535305.27,5427762856.3,0.13693073,0.31759199,3.148694,False,,SYNTHETIC_SIMULATION,SIMULATED_KNOWN_TRUTH,,False,False,representative-multibank-analog-1.0.0+seed.20260809
DEMO-R0185-collections,DEMO-R0185,DEMO-TEAM-05,Collections,consumer,SADC,mid,established,2025-07-01,2026-06-30,2026-08-09,1899841629.06,7936879036.12,9836720665.19,0.1931377,0.33154789,3.01615552,False,,SYNTHETIC_SIMULATION,SIMULATED_KNOWN_TRUTH,,False,False,representative-multibank-analog-1.0.0+seed.20260809
DEMO-R0185-payments,DEMO-R0185,DEMO-TEAM-05,Payments,consumer,SADC,mid,established,2025-07-01,2026-06-30,2026-08-09,4199398759.97,8611489143.92,12810887903.89,0.3277992,0.33154789,3.01615552,False,,SYNTHETIC_SIMULATION,SIMULATED_KNOWN_TRUTH,,False,False,representative-multibank-analog-1.0.0+seed.20260809
DEMO-R0185-liquidity,DEMO-R0185,DEMO-TEAM-05,Liquidity,consumer,SADC,mid,established,2025-07-01,2026-06-30,2026-08-09,3302855868.82,9588783256.37,12891639125.19,0.25620139,0.33154789,3.01615552,False,,SYNTHETIC_SIMULATION,SIMULATED_KNOWN_TRUTH,,False,False,representative-multibank-analog-1.0.0+seed.20260809
DEMO-R0185-fx-fx,DEMO-R0185,DEMO-TEAM-05,Cross-border FX,consumer,SADC,mid,established,2025-07-01,2026-06-30,2026-08-09,2871259229.22,4911594825.71,7782854054.93,0.36892112,0.33154789,3.01615552,False,,SYNTHETIC_SIMULATION,SIMULATED_KNOWN_TRUTH,,False,False,representative-multibank-analog-1.0.0+seed.20260809
DEMO-R0185-trade-finance,DEMO-R0185,DEMO-TEAM-05,Trade finance,consumer,SADC,mid,established,2025-07-01,2026-06-30,2026-08-09,627085669.44,5799466429.42,6426552098.86,0.09757731,0.33154789,3.01615552,False,,SYNTHETIC_SIMULATION,SIMULATED_KNOWN_TRUTH,,False,False,representative-multibank-analog-1.0.0+seed.20260809
DEMO-R0186-collections,DEMO-R0186,DEMO-TEAM-06,Collections,mining,Global,mid,developing,2025-07-01,2026-06-30,2026-08-09,775210152.47,1736056756.95,2511266909.42,0.30869286,0.31342086,3.19059807,False,,SYNTHETIC_SIMULATION,SIMULATED_KNOWN_TRUTH,,False,False,representative-multibank-analog-1.0.0+seed.20260809
DEMO-R0186-payments,DEMO-R0186,DEMO-TEAM-06,Payments,mining,Global,mid,developing,2025-07-01,2026-06-30,2026-08-09,599060185.97,646949669.2,1246009855.17,0.48078286,0.31342086,3.19059807,False,,SYNTHETIC_SIMULATION,SIMULATED_KNOWN_TRUTH,,False,False,representative-multibank-analog-1.0.0+seed.20260809
DEMO-R0186-liquidity,DEMO-R0186,DEMO-TEAM-06,Liquidity,mining,Global,mid,developing,2025-07-01,2026-06-30,2026-08-09,559891107.5,730303375.46,1290194482.96,0.43395869,0.31342086,3.19059807,False,,SYNTHETIC_SIMULATION,SIMULATED_KNOWN_TRUTH,,False,False,representative-multibank-analog-1.0.0+seed.20260809
DEMO-R0186-fx-fx,DEMO-R0186,DEMO-TEAM-06,Cross-border FX,mining,Global,mid,developing,2025-07-01,2026-06-30,2026-08-09,556991002.72,1501751356.34,2058742359.06,0.27054915,0.31342086,3.19059807,False,,SYNTHETIC_SIMULATION,SIMULATED_KNOWN_TRUTH,,False,False,representative-multibank-analog-1.0.0+seed.20260809
DEMO-R0186-trade-finance,DEMO-R0186,DEMO-TEAM-06,Trade finance,mining,Global,mid,developing,2025-07-01,2026-06-30,2026-08-09,287085494.3,890779452.62,1177864946.92,0.2437338,0.31342086,3.19059807,False,,SYNTHETIC_SIMULATION,SIMULATED_KNOWN_TRUTH,,False,False,representative-multibank-analog-1.0.0+seed.20260809
DEMO-R0187-collections,DEMO-R0187,DEMO-TEAM-07,Collections,consumer,South Africa,upper_mid,new,2025-07-01,2026-06-30,2026-08-09,1624693871.92,1980205700.75,3604899572.67,0.45069047,0.37917224,2.63732384,False,,SYNTHETIC_SIMULATION,SIMULATED_KNOWN_TRUTH,,False,False,representative-multibank-analog-1.0.0+seed.20260809
DEMO-R0187-payments,DEMO-R0187,DEMO-TEAM-07,Payments,consumer,South Africa,upper_mid,new,2025-07-01,2026-06-30,2026-08-09,7028880745.78,16427965686.09,23456846431.87,0.29965157,0.37917224,2.63732384,False,,SYNTHETIC_SIMULATION,SIMULATED_KNOWN_TRUTH,,False,False,representative-multibank-analog-1.0.0+seed.20260809
DEMO-R0187-liquidity,DEMO-R0187,DEMO-TEAM-07,Liquidity,consumer,South Africa,upper_mid,new,2025-07-01,2026-06-30,2026-08-09,4963942865.52,11992702854.21,16956645719.73,0.29274321,0.37917224,2.63732384,False,,SYNTHETIC_SIMULATION,SIMULATED_KNOWN_TRUTH,,False,False,representative-multibank-analog-1.0.0+seed.20260809
DEMO-R0187-fx-fx,DEMO-R0187,DEMO-TEAM-07,Cross-border FX,consumer,South Africa,upper_mid,new,2025-07-01,2026-06-30,2026-08-09,2784203339.97,4612808692.33,7397012032.3,0.37639568,0.37917224,2.63732384,False,,SYNTHETIC_SIMULATION,SIMULATED_KNOWN_TRUTH,,False,False,representative-multibank-analog-1.0.0+seed.20260809
DEMO-R0187-trade-finance,DEMO-R0187,DEMO-TEAM-07,Trade finance,consumer,South Africa,upper_mid,new,2025-07-01,2026-06-30,2026-08-09,1186553466.49,4394516387.62,5581069854.11,0.21260323,0.37917224,2.63732384,False,,SYNTHETIC_SIMULATION,SIMULATED_KNOWN_TRUTH,,False,False,representative-multibank-analog-1.0.0+seed.20260809
DEMO-R0188-collections,DEMO-R0188,DEMO-TEAM-08,Collections,mining,SADC,upper_mid,developing,2025-07-01,2026-06-30,2026-08-09,3410535187.85,3844094172.67,7254629360.52,0.47011846,0.36849101,2.71377038,False,,SYNTHETIC_SIMULATION,SIMULATED_KNOWN_TRUTH,,False,False,representative-multibank-analog-1.0.0+seed.20260809
DEMO-R0188-payments,DEMO-R0188,DEMO-TEAM-08,Payments,mining,SADC,upper_mid,developing,2025-07-01,2026-06-30,2026-08-09,1199618381.42,3361345524.73,4560963906.16,0.26301861,0.36849101,2.71377038,False,,SYNTHETIC_SIMULATION,SIMULATED_KNOWN_TRUTH,,False,False,representative-multibank-analog-1.0.0+seed.20260809
DEMO-R0188-liquidity,DEMO-R0188,DEMO-TEAM-08,Liquidity,mining,SADC,upper_mid,developing,2025-07-01,2026-06-30,2026-08-09,1483121347.39,2001542753.86,3484664101.25,0.42561386,0.36849101,2.71377038,False,,SYNTHETIC_SIMULATION,SIMULATED_KNOWN_TRUTH,,False,False,representative-multibank-analog-1.0.0+seed.20260809
DEMO-R0188-fx-fx,DEMO-R0188,DEMO-TEAM-08,Cross-border FX,mining,SADC,upper_mid,developing,2025-07-01,2026-06-30,2026-08-09,2353648606.32,12216100139.92,14569748746.24,0.16154353,0.36849101,2.71377038,False,,SYNTHETIC_SIMULATION,SIMULATED_KNOWN_TRUTH,,False,False,representative-multibank-analog-1.0.0+seed.20260809
DEMO-R0188-trade-finance,DEMO-R0188,DEMO-TEAM-08,Trade finance,mining,SADC,upper_mid,developing,2025-07-01,2026-06-30,2026-08-09,988171580.23,2315389836.25,3303561416.47,0.29912311,0.36849101,2.71377038,False,,SYNTHETIC_SIMULATION,SIMULATED_KNOWN_TRUTH,,False,False,representative-multibank-analog-1.0.0+seed.20260809
DEMO-R0189-collections,DEMO-R0189,DEMO-TEAM-09,Collections,real_estate,SADC,upper_mid,developing,2025-07-01,2026-06-30,2026-08-09,9062528.82,16054982.14,25117510.96,0.36080521,0.36570427,2.73444986,False,,SYNTHETIC_SIMULATION,SIMULATED_KNOWN_TRUTH,,False,False,representative-multibank-analog-1.0.0+seed.20260809
DEMO-R0189-payments,DEMO-R0189,DEMO-TEAM-09,Payments,real_estate,SADC,upper_mid,developing,2025-07-01,2026-06-30,2026-08-09,16917149.45,35159987.6,52077137.05,0.32484792,0.36570427,2.73444986,False,,SYNTHETIC_SIMULATION,SIMULATED_KNOWN_TRUTH,,False,False,representative-multibank-analog-1.0.0+seed.20260809
DEMO-R0189-liquidity,DEMO-R0189,DEMO-TEAM-09,Liquidity,real_estate,SADC,upper_mid,developing,2025-07-01,2026-06-30,2026-08-09,8629700.34,6649997.83,15279698.17,0.56478212,0.36570427,2.73444986,False,,SYNTHETIC_SIMULATION,SIMULATED_KNOWN_TRUTH,,False,False,representative-multibank-analog-1.0.0+seed.20260809
DEMO-R0189-fx-fx,DEMO-R0189,DEMO-TEAM-09,Cross-border FX,real_estate,SADC,upper_mid,developing,2025-07-01,2026-06-30,2026-08-09,193263032.33,604868711.85,798131744.18,0.24214427,0.36570427,2.73444986,False,,SYNTHETIC_SIMULATION,SIMULATED_KNOWN_TRUTH,,False,False,representative-multibank-analog-1.0.0+seed.20260809
DEMO-R0189-trade-finance,DEMO-R0189,DEMO-TEAM-09,Trade finance,real_estate,SADC,upper_mid,developing,2025-07-01,2026-06-30,2026-08-09,6742125.52,40662612.24,47404737.77,0.14222472,0.36570427,2.73444986,False,,SYNTHETIC_SIMULATION,SIMULATED_KNOWN_TRUTH,,False,False,representative-multibank-analog-1.0.0+seed.20260809
DEMO-R0190-collections,DEMO-R0190,DEMO-TEAM-10,Collections,industrials_pharma,SADC,large,established,2025-07-01,2026-06-30,2026-08-09,2961560950.16,3323730042.59,6285290992.75,0.47118915,0.44305579,2.25705209,False,,SYNTHETIC_SIMULATION,SIMULATED_KNOWN_TRUTH,,False,False,representative-multibank-analog-1.0.0+seed.20260809
DEMO-R0190-payments,DEMO-R0190,DEMO-TEAM-10,Payments,industrials_pharma,SADC,large,established,2025-07-01,2026-06-30,2026-08-09,5468791269.77,13681981776.83,19150773046.6,0.28556504,0.44305579,2.25705209,False,,SYNTHETIC_SIMULATION,SIMULATED_KNOWN_TRUTH,,False,False,representative-multibank-analog-1.0.0+seed.20260809
DEMO-R0190-liquidity,DEMO-R0190,DEMO-TEAM-10,Liquidity,industrials_pharma,SADC,large,established,2025-07-01,2026-06-30,2026-08-09,3752443374.39,8039256515.33,11791699889.71,0.31822752,0.44305579,2.25705209,False,,SYNTHETIC_SIMULATION,SIMULATED_KNOWN_TRUTH,,False,False,representative-multibank-analog-1.0.0+seed.20260809
DEMO-R0190-fx-fx,DEMO-R0190,DEMO-TEAM-10,Cross-border FX,industrials_pharma,SADC,large,established,2025-07-01,2026-06-30,2026-08-09,2436703901.64,2869332721.05,5306036622.7,0.45923239,0.44305579,2.25705209,False,,SYNTHETIC_SIMULATION,SIMULATED_KNOWN_TRUTH,,False,False,representative-multibank-analog-1.0.0+seed.20260809
DEMO-R0190-trade-finance,DEMO-R0190,DEMO-TEAM-10,Trade finance,industrials_pharma,SADC,large,established,2025-07-01,2026-06-30,2026-08-09,2380297763.56,13325210619.23,15705508382.79,0.15155815,0.44305579,2.25705209,False,,SYNTHETIC_SIMULATION,SIMULATED_KNOWN_TRUTH,,False,False,representative-multibank-analog-1.0.0+seed.20260809
DEMO-R0191-collections,DEMO-R0191,DEMO-TEAM-11,Collections,mining,SADC,mid,developing,2025-07-01,2026-06-30,2026-08-09,1895889990.56,1810471738.72,3706361729.28,0.51152319,0.31866069,3.13813416,False,,SYNTHETIC_SIMULATION,SIMULATED_KNOWN_TRUTH,,False,False,representative-multibank-analog-1.0.0+seed.20260809
DEMO-R0191-payments,DEMO-R0191,DEMO-TEAM-11,Payments,mining,SADC,mid,developing,2025-07-01,2026-06-30,2026-08-09,427905794.29,1540271243.35,1968177037.64,0.21741225,0.31866069,3.13813416,False,,SYNTHETIC_SIMULATION,SIMULATED_KNOWN_TRUTH,,False,False,representative-multibank-analog-1.0.0+seed.20260809
DEMO-R0191-liquidity,DEMO-R0191,DEMO-TEAM-11,Liquidity,mining,SADC,mid,developing,2025-07-01,2026-06-30,2026-08-09,1119179198.57,2901886836.75,4021066035.32,0.27832898,0.31866069,3.13813416,False,,SYNTHETIC_SIMULATION,SIMULATED_KNOWN_TRUTH,,False,False,representative-multibank-analog-1.0.0+seed.20260809
DEMO-R0191-fx-fx,DEMO-R0191,DEMO-TEAM-11,Cross-border FX,mining,SADC,mid,developing,2025-07-01,2026-06-30,2026-08-09,172959643.31,1898286500.23,2071246143.54,0.08350511,0.31866069,3.13813416,False,,SYNTHETIC_SIMULATION,SIMULATED_KNOWN_TRUTH,,False,False,representative-multibank-analog-1.0.0+seed.20260809
DEMO-R0191-trade-finance,DEMO-R0191,DEMO-TEAM-11,Trade finance,mining,SADC,mid,developing,2025-07-01,2026-06-30,2026-08-09,465658961.85,2278775105.75,2744434067.6,0.16967395,0.31866069,3.13813416,False,,SYNTHETIC_SIMULATION,SIMULATED_KNOWN_TRUTH,,False,False,representative-multibank-analog-1.0.0+seed.20260809
DEMO-R0192-collections,DEMO-R0192,DEMO-TEAM-12,Collections,tech,South Africa,large,new,2025-07-01,2026-06-30,2026-08-09,1057948683.77,1421437170.64,2479385854.42,0.42669788,0.46154378,2.1666417,False,,SYNTHETIC_SIMULATION,SIMULATED_KNOWN_TRUTH,,False,False,representative-multibank-analog-1.0.0+seed.20260809
DEMO-R0192-payments,DEMO-R0192,DEMO-TEAM-12,Payments,tech,South Africa,large,new,2025-07-01,2026-06-30,2026-08-09,1760176502.22,2141465478.01,3901641980.23,0.45113737,0.46154378,2.1666417,False,,SYNTHETIC_SIMULATION,SIMULATED_KNOWN_TRUTH,,False,False,representative-multibank-analog-1.0.0+seed.20260809
DEMO-R0192-liquidity,DEMO-R0192,DEMO-TEAM-12,Liquidity,tech,South Africa,large,new,2025-07-01,2026-06-30,2026-08-09,1297488059.31,2216914502.07,3514402561.38,0.36919164,0.46154378,2.1666417,False,,SYNTHETIC_SIMULATION,SIMULATED_KNOWN_TRUTH,,False,False,representative-multibank-analog-1.0.0+seed.20260809
DEMO-R0192-fx-fx,DEMO-R0192,DEMO-TEAM-12,Cross-border FX,tech,South Africa,large,new,2025-07-01,2026-06-30,2026-08-09,5754995273.16,9752545492.37,15507540765.53,0.37110947,0.46154378,2.1666417,False,,SYNTHETIC_SIMULATION,SIMULATED_KNOWN_TRUTH,,False,False,representative-multibank-analog-1.0.0+seed.20260809
DEMO-R0192-trade-finance,DEMO-R0192,DEMO-TEAM-12,Trade finance,tech,South Africa,large,new,2025-07-01,2026-06-30,2026-08-09,42540502.13,53524549.06,96065051.19,0.44283016,0.46154378,2.1666417,False,,SYNTHETIC_SIMULATION,SIMULATED_KNOWN_TRUTH,,False,False,representative-multibank-analog-1.0.0+seed.20260809
DEMO-R0193-collections,DEMO-R0193,DEMO-TEAM-13,Collections,consumer,South Africa,upper_mid,developing,2025-07-01,2026-06-30,2026-08-09,3335199213.19,5898056518.57,9233255731.76,0.36121595,0.37997183,2.63177403,False,,SYNTHETIC_SIMULATION,SIMULATED_KNOWN_TRUTH,,False,False,representative-multibank-analog-1.0.0+seed.20260809
DEMO-R0193-payments,DEMO-R0193,DEMO-TEAM-13,Payments,consumer,South Africa,upper_mid,developing,2025-07-01,2026-06-30,2026-08-09,5625519354.84,15121985405.38,20747504760.22,0.27114197,0.37997183,2.63177403,False,,SYNTHETIC_SIMULATION,SIMULATED_KNOWN_TRUTH,,False,False,representative-multibank-analog-1.0.0+seed.20260809
DEMO-R0193-liquidity,DEMO-R0193,DEMO-TEAM-13,Liquidity,consumer,South Africa,upper_mid,developing,2025-07-01,2026-06-30,2026-08-09,2537520461.64,4483293870.75,7020814332.39,0.36142822,0.37997183,2.63177403,False,,SYNTHETIC_SIMULATION,SIMULATED_KNOWN_TRUTH,,False,False,representative-multibank-analog-1.0.0+seed.20260809
DEMO-R0193-fx-fx,DEMO-R0193,DEMO-TEAM-13,Cross-border FX,consumer,South Africa,upper_mid,developing,2025-07-01,2026-06-30,2026-08-09,2660272765.07,4852874472.82,7513147237.89,0.35408234,0.37997183,2.63177403,False,,SYNTHETIC_SIMULATION,SIMULATED_KNOWN_TRUTH,,False,False,representative-multibank-analog-1.0.0+seed.20260809
DEMO-R0193-trade-finance,DEMO-R0193,DEMO-TEAM-13,Trade finance,consumer,South Africa,upper_mid,developing,2025-07-01,2026-06-30,2026-08-09,1818065921.43,1202074646.21,3020140567.64,0.60198056,0.37997183,2.63177403,False,,SYNTHETIC_SIMULATION,SIMULATED_KNOWN_TRUTH,,False,False,representative-multibank-analog-1.0.0+seed.20260809
DEMO-R0194-collections,DEMO-R0194,DEMO-TEAM-14,Collections,consumer,South Africa,mid,new,2025-07-01,2026-06-30,2026-08-09,708862458.22,1647682341.45,2356544799.67,0.30080585,0.28361905,3.52585619,False,,SYNTHETIC_SIMULATION,SIMULATED_KNOWN_TRUTH,,False,False,representative-multibank-analog-1.0.0+seed.20260809
DEMO-R0194-payments,DEMO-R0194,DEMO-TEAM-14,Payments,consumer,South Africa,mid,new,2025-07-01,2026-06-30,2026-08-09,2973760707.48,7753186676.15,10726947383.64,0.27722339,0.28361905,3.52585619,False,,SYNTHETIC_SIMULATION,SIMULATED_KNOWN_TRUTH,,False,False,representative-multibank-analog-1.0.0+seed.20260809
DEMO-R0194-liquidity,DEMO-R0194,DEMO-TEAM-14,Liquidity,consumer,South Africa,mid,new,2025-07-01,2026-06-30,2026-08-09,4774977393.54,6863773774.07,11638751167.61,0.41026544,0.28361905,3.52585619,False,,SYNTHETIC_SIMULATION,SIMULATED_KNOWN_TRUTH,,False,False,representative-multibank-analog-1.0.0+seed.20260809
DEMO-R0194-fx-fx,DEMO-R0194,DEMO-TEAM-14,Cross-border FX,consumer,South Africa,mid,new,2025-07-01,2026-06-30,2026-08-09,3914726274.17,17222741403.73,21137467677.91,0.18520318,0.28361905,3.52585619,False,,SYNTHETIC_SIMULATION,SIMULATED_KNOWN_TRUTH,,False,False,representative-multibank-analog-1.0.0+seed.20260809
DEMO-R0194-trade-finance,DEMO-R0194,DEMO-TEAM-14,Trade finance,consumer,South Africa,mid,new,2025-07-01,2026-06-30,2026-08-09,304593394.19,869609271.26,1174202665.44,0.25940445,0.28361905,3.52585619,False,,SYNTHETIC_SIMULATION,SIMULATED_KNOWN_TRUTH,,False,False,representative-multibank-analog-1.0.0+seed.20260809
DEMO-R0195-collections,DEMO-R0195,DEMO-TEAM-15,Collections,insurance,SADC,large,established,2025-07-01,2026-06-30,2026-08-09,4548511348.28,14548583511.77,19097094860.04,0.23817818,0.50445266,1.98234656,False,,SYNTHETIC_SIMULATION,SIMULATED_KNOWN_TRUTH,,False,False,representative-multibank-analog-1.0.0+seed.20260809
DEMO-R0195-payments,DEMO-R0195,DEMO-TEAM-15,Payments,insurance,SADC,large,established,2025-07-01,2026-06-30,2026-08-09,18191016109.5,21968907369.72,40159923479.22,0.45296441,0.50445266,1.98234656,False,,SYNTHETIC_SIMULATION,SIMULATED_KNOWN_TRUTH,,False,False,representative-multibank-analog-1.0.0+seed.20260809
DEMO-R0195-liquidity,DEMO-R0195,DEMO-TEAM-15,Liquidity,insurance,SADC,large,established,2025-07-01,2026-06-30,2026-08-09,11996944311.6,122327911134.33,134324855445.93,0.08931291,0.50445266,1.98234656,False,,SYNTHETIC_SIMULATION,SIMULATED_KNOWN_TRUTH,,False,False,representative-multibank-analog-1.0.0+seed.20260809
DEMO-R0195-fx-fx,DEMO-R0195,DEMO-TEAM-15,Cross-border FX,insurance,SADC,large,established,2025-07-01,2026-06-30,2026-08-09,2234762749.9,12776923029.46,15011685779.36,0.14886821,0.50445266,1.98234656,False,,SYNTHETIC_SIMULATION,SIMULATED_KNOWN_TRUTH,,False,False,representative-multibank-analog-1.0.0+seed.20260809
DEMO-R0195-trade-finance,DEMO-R0195,DEMO-TEAM-15,Trade finance,insurance,SADC,large,established,2025-07-01,2026-06-30,2026-08-09,247550360.47,974603594.11,1222153954.58,0.20255252,0.50445266,1.98234656,False,,SYNTHETIC_SIMULATION,SIMULATED_KNOWN_TRUTH,,False,False,representative-multibank-analog-1.0.0+seed.20260809
DEMO-R0196-collections,DEMO-R0196,DEMO-TEAM-16,Collections,mining,Rest of Africa,upper_mid,established,2025-07-01,2026-06-30,2026-08-09,1370185807.4,2282468090.95,3652653898.35,0.37512062,0.41954886,2.38351263,False,,SYNTHETIC_SIMULATION,SIMULATED_KNOWN_TRUTH,,False,False,representative-multibank-analog-1.0.0+seed.20260809
DEMO-R0196-payments,DEMO-R0196,DEMO-TEAM-16,Payments,mining,Rest of Africa,upper_mid,established,2025-07-01,2026-06-30,2026-08-09,1623192110.03,3386978380.03,5010170490.06,0.32397942,0.41954886,2.38351263,False,,SYNTHETIC_SIMULATION,SIMULATED_KNOWN_TRUTH,,False,False,representative-multibank-analog-1.0.0+seed.20260809
DEMO-R0196-liquidity,DEMO-R0196,DEMO-TEAM-16,Liquidity,mining,Rest of Africa,upper_mid,established,2025-07-01,2026-06-30,2026-08-09,1816319801.95,2282790466.12,4099110268.07,0.44310099,0.41954886,2.38351263,False,,SYNTHETIC_SIMULATION,SIMULATED_KNOWN_TRUTH,,False,False,representative-multibank-analog-1.0.0+seed.20260809
DEMO-R0196-fx-fx,DEMO-R0196,DEMO-TEAM-16,Cross-border FX,mining,Rest of Africa,upper_mid,established,2025-07-01,2026-06-30,2026-08-09,1173313035.9,3828163699.96,5001476735.86,0.23459332,0.41954886,2.38351263,False,,SYNTHETIC_SIMULATION,SIMULATED_KNOWN_TRUTH,,False,False,representative-multibank-analog-1.0.0+seed.20260809
DEMO-R0196-trade-finance,DEMO-R0196,DEMO-TEAM-16,Trade finance,mining,Rest of Africa,upper_mid,established,2025-07-01,2026-06-30,2026-08-09,620608167.02,2013546712.91,2634154879.93,0.23560048,0.41954886,2.38351263,False,,SYNTHETIC_SIMULATION,SIMULATED_KNOWN_TRUTH,,False,False,representative-multibank-analog-1.0.0+seed.20260809
DEMO-R0197-collections,DEMO-R0197,DEMO-TEAM-17,Collections,insurance,South Africa,upper_mid,established,2025-07-01,2026-06-30,2026-08-09,1974225193.28,2702038669.91,4676263863.19,0.42218002,0.42134034,2.37337827,False,,SYNTHETIC_SIMULATION,SIMULATED_KNOWN_TRUTH,,False,False,representative-multibank-analog-1.0.0+seed.20260809
DEMO-R0197-payments,DEMO-R0197,DEMO-TEAM-17,Payments,insurance,South Africa,upper_mid,established,2025-07-01,2026-06-30,2026-08-09,12471714762.18,28624342905.65,41096057667.82,0.30347716,0.42134034,2.37337827,False,,SYNTHETIC_SIMULATION,SIMULATED_KNOWN_TRUTH,,False,False,representative-multibank-analog-1.0.0+seed.20260809
DEMO-R0197-liquidity,DEMO-R0197,DEMO-TEAM-17,Liquidity,insurance,South Africa,upper_mid,established,2025-07-01,2026-06-30,2026-08-09,7961794935.05,12393636970.57,20355431905.62,0.39113859,0.42134034,2.37337827,False,,SYNTHETIC_SIMULATION,SIMULATED_KNOWN_TRUTH,,False,False,representative-multibank-analog-1.0.0+seed.20260809
DEMO-R0197-fx-fx,DEMO-R0197,DEMO-TEAM-17,Cross-border FX,insurance,South Africa,upper_mid,established,2025-07-01,2026-06-30,2026-08-09,1023175002.68,2627115654.72,3650290657.4,0.2802996,0.42134034,2.37337827,False,,SYNTHETIC_SIMULATION,SIMULATED_KNOWN_TRUTH,,False,False,representative-multibank-analog-1.0.0+seed.20260809
DEMO-R0197-trade-finance,DEMO-R0197,DEMO-TEAM-17,Trade finance,insurance,South Africa,upper_mid,established,2025-07-01,2026-06-30,2026-08-09,147461131.44,346129071.47,493590202.91,0.29875214,0.42134034,2.37337827,False,,SYNTHETIC_SIMULATION,SIMULATED_KNOWN_TRUTH,,False,False,representative-multibank-analog-1.0.0+seed.20260809
DEMO-R0198-collections,DEMO-R0198,DEMO-TEAM-18,Collections,mining,South Africa,upper_mid,developing,2025-07-01,2026-06-30,2026-08-09,1401429071.38,2412464112.5,3813893183.88,0.36745368,0.39277268,2.54600191,False,,SYNTHETIC_SIMULATION,SIMULATED_KNOWN_TRUTH,,False,False,representative-multibank-analog-1.0.0+seed.20260809
DEMO-R0198-payments,DEMO-R0198,DEMO-TEAM-18,Payments,mining,South Africa,upper_mid,developing,2025-07-01,2026-06-30,2026-08-09,965055324.44,523299047.82,1488354372.26,0.64840427,0.39277268,2.54600191,False,,SYNTHETIC_SIMULATION,SIMULATED_KNOWN_TRUTH,,False,False,representative-multibank-analog-1.0.0+seed.20260809
DEMO-R0198-liquidity,DEMO-R0198,DEMO-TEAM-18,Liquidity,mining,South Africa,upper_mid,developing,2025-07-01,2026-06-30,2026-08-09,1188849285.76,10963958642.96,12152807928.71,0.09782507,0.39277268,2.54600191,False,,SYNTHETIC_SIMULATION,SIMULATED_KNOWN_TRUTH,,False,False,representative-multibank-analog-1.0.0+seed.20260809
DEMO-R0198-fx-fx,DEMO-R0198,DEMO-TEAM-18,Cross-border FX,mining,South Africa,upper_mid,developing,2025-07-01,2026-06-30,2026-08-09,1040799227.03,3524275695.53,4565074922.57,0.22799171,0.39277268,2.54600191,False,,SYNTHETIC_SIMULATION,SIMULATED_KNOWN_TRUTH,,False,False,representative-multibank-analog-1.0.0+seed.20260809
DEMO-R0198-trade-finance,DEMO-R0198,DEMO-TEAM-18,Trade finance,mining,South Africa,upper_mid,developing,2025-07-01,2026-06-30,2026-08-09,469744396.24,1112269578.02,1582013974.26,0.2969281,0.39277268,2.54600191,False,,SYNTHETIC_SIMULATION,SIMULATED_KNOWN_TRUTH,,False,False,representative-multibank-analog-1.0.0+seed.20260809
DEMO-R0199-collections,DEMO-R0199,DEMO-TEAM-19,Collections,insurance,Global,mid,developing,2025-07-01,2026-06-30,2026-08-09,1234931531.94,1748325945.28,2983257477.22,0.41395406,0.33591635,2.97693162,False,,SYNTHETIC_SIMULATION,SIMULATED_KNOWN_TRUTH,,False,False,representative-multibank-analog-1.0.0+seed.20260809
DEMO-R0199-payments,DEMO-R0199,DEMO-TEAM-19,Payments,insurance,Global,mid,developing,2025-07-01,2026-06-30,2026-08-09,3113321398.66,19451020832.08,22564342230.74,0.13797528,0.33591635,2.97693162,False,,SYNTHETIC_SIMULATION,SIMULATED_KNOWN_TRUTH,,False,False,representative-multibank-analog-1.0.0+seed.20260809
DEMO-R0199-liquidity,DEMO-R0199,DEMO-TEAM-19,Liquidity,insurance,Global,mid,developing,2025-07-01,2026-06-30,2026-08-09,3295627270.38,8389146326.87,11684773597.25,0.2820446,0.33591635,2.97693162,False,,SYNTHETIC_SIMULATION,SIMULATED_KNOWN_TRUTH,,False,False,representative-multibank-analog-1.0.0+seed.20260809
DEMO-R0199-fx-fx,DEMO-R0199,DEMO-TEAM-19,Cross-border FX,insurance,Global,mid,developing,2025-07-01,2026-06-30,2026-08-09,576854894.53,3138509294.0,3715364188.53,0.15526201,0.33591635,2.97693162,False,,SYNTHETIC_SIMULATION,SIMULATED_KNOWN_TRUTH,,False,False,representative-multibank-analog-1.0.0+seed.20260809
DEMO-R0199-trade-finance,DEMO-R0199,DEMO-TEAM-19,Trade finance,insurance,Global,mid,developing,2025-07-01,2026-06-30,2026-08-09,78751922.25,370446633.29,449198555.54,0.17531651,0.33591635,2.97693162,False,,SYNTHETIC_SIMULATION,SIMULATED_KNOWN_TRUTH,,False,False,representative-multibank-analog-1.0.0+seed.20260809
DEMO-R0200-collections,DEMO-R0200,DEMO-TEAM-20,Collections,consumer,South Africa,mid,new,2025-07-01,2026-06-30,2026-08-09,523480329.88,528918665.13,1052398995.01,0.49741622,0.32498667,3.0770493,False,,SYNTHETIC_SIMULATION,SIMULATED_KNOWN_TRUTH,,False,False,representative-multibank-analog-1.0.0+seed.20260809
DEMO-R0200-payments,DEMO-R0200,DEMO-TEAM-20,Payments,consumer,South Africa,mid,new,2025-07-01,2026-06-30,2026-08-09,2323959126.77,4712499415.72,7036458542.49,0.33027397,0.32498667,3.0770493,False,,SYNTHETIC_SIMULATION,SIMULATED_KNOWN_TRUTH,,False,False,representative-multibank-analog-1.0.0+seed.20260809
DEMO-R0200-liquidity,DEMO-R0200,DEMO-TEAM-20,Liquidity,consumer,South Africa,mid,new,2025-07-01,2026-06-30,2026-08-09,1908742852.97,8246092580.53,10154835433.5,0.18796394,0.32498667,3.0770493,False,,SYNTHETIC_SIMULATION,SIMULATED_KNOWN_TRUTH,,False,False,representative-multibank-analog-1.0.0+seed.20260809
DEMO-R0200-fx-fx,DEMO-R0200,DEMO-TEAM-20,Cross-border FX,consumer,South Africa,mid,new,2025-07-01,2026-06-30,2026-08-09,1781147656.1,5578955822.57,7360103478.66,0.24200036,0.32498667,3.0770493,False,,SYNTHETIC_SIMULATION,SIMULATED_KNOWN_TRUTH,,False,False,representative-multibank-analog-1.0.0+seed.20260809
DEMO-R0200-trade-finance,DEMO-R0200,DEMO-TEAM-20,Trade finance,consumer,South Africa,mid,new,2025-07-01,2026-06-30,2026-08-09,330205246.87,1088855265.82,1419060512.69,0.23269286,0.32498667,3.0770493,False,,SYNTHETIC_SIMULATION,SIMULATED_KNOWN_TRUTH,,False,False,representative-multibank-analog-1.0.0+seed.20260809
DEMO-R0201-collections,DEMO-R0201,DEMO-TEAM-21,Collections,telecoms,South Africa,mid,established,2025-07-01,2026-06-30,2026-08-09,439833861.24,629515434.44,1069349295.68,0.41130982,0.33711811,2.96631944,False,,SYNTHETIC_SIMULATION,SIMULATED_KNOWN_TRUTH,,False,False,representative-multibank-analog-1.0.0+seed.20260809
DEMO-R0201-payments,DEMO-R0201,DEMO-TEAM-21,Payments,telecoms,South Africa,mid,established,2025-07-01,2026-06-30,2026-08-09,5418415806.45,18938085788.71,24356501595.16,0.22246281,0.33711811,2.96631944,False,,SYNTHETIC_SIMULATION,SIMULATED_KNOWN_TRUTH,,False,False,representative-multibank-analog-1.0.0+seed.20260809
DEMO-R0201-liquidity,DEMO-R0201,DEMO-TEAM-21,Liquidity,telecoms,South Africa,mid,established,2025-07-01,2026-06-30,2026-08-09,1224578988.08,1956245045.37,3180824033.45,0.38498797,0.33711811,2.96631944,False,,SYNTHETIC_SIMULATION,SIMULATED_KNOWN_TRUTH,,False,False,representative-multibank-analog-1.0.0+seed.20260809
DEMO-R0201-fx-fx,DEMO-R0201,DEMO-TEAM-21,Cross-border FX,telecoms,South Africa,mid,established,2025-07-01,2026-06-30,2026-08-09,1378572290.76,5041748670.78,6420320961.53,0.21472015,0.33711811,2.96631944,False,,SYNTHETIC_SIMULATION,SIMULATED_KNOWN_TRUTH,,False,False,representative-multibank-analog-1.0.0+seed.20260809
DEMO-R0201-trade-finance,DEMO-R0201,DEMO-TEAM-21,Trade finance,telecoms,South Africa,mid,established,2025-07-01,2026-06-30,2026-08-09,300548654.52,728975877.66,1029524532.18,0.29192957,0.33711811,2.96631944,False,,SYNTHETIC_SIMULATION,SIMULATED_KNOWN_TRUTH,,False,False,representative-multibank-analog-1.0.0+seed.20260809
DEMO-R0202-collections,DEMO-R0202,DEMO-TEAM-22,Collections,telecoms,Global,upper_mid,developing,2025-07-01,2026-06-30,2026-08-09,1250673881.53,1780048687.0,3030722568.53,0.41266525,0.37822762,2.64391057,False,,SYNTHETIC_SIMULATION,SIMULATED_KNOWN_TRUTH,,False,False,representative-multibank-analog-1.0.0+seed.20260809
DEMO-R0202-payments,DEMO-R0202,DEMO-TEAM-22,Payments,telecoms,Global,upper_mid,developing,2025-07-01,2026-06-30,2026-08-09,1403432975.59,4263769697.21,5667202672.8,0.24764122,0.37822762,2.64391057,False,,SYNTHETIC_SIMULATION,SIMULATED_KNOWN_TRUTH,,False,False,representative-multibank-analog-1.0.0+seed.20260809
DEMO-R0202-liquidity,DEMO-R0202,DEMO-TEAM-22,Liquidity,telecoms,Global,upper_mid,developing,2025-07-01,2026-06-30,2026-08-09,2926038273.69,5179095926.51,8105134200.21,0.36101047,0.37822762,2.64391057,False,,SYNTHETIC_SIMULATION,SIMULATED_KNOWN_TRUTH,,False,False,representative-multibank-analog-1.0.0+seed.20260809
DEMO-R0202-fx-fx,DEMO-R0202,DEMO-TEAM-22,Cross-border FX,telecoms,Global,upper_mid,developing,2025-07-01,2026-06-30,2026-08-09,3055858140.44,7166883016.46,10222741156.89,0.29892747,0.37822762,2.64391057,False,,SYNTHETIC_SIMULATION,SIMULATED_KNOWN_TRUTH,,False,False,representative-multibank-analog-1.0.0+seed.20260809
DEMO-R0202-trade-finance,DEMO-R0202,DEMO-TEAM-22,Trade finance,telecoms,Global,upper_mid,developing,2025-07-01,2026-06-30,2026-08-09,448724714.84,1882987646.48,2331712361.32,0.19244428,0.37822762,2.64391057,False,,SYNTHETIC_SIMULATION,SIMULATED_KNOWN_TRUTH,,False,False,representative-multibank-analog-1.0.0+seed.20260809
DEMO-R0203-collections,DEMO-R0203,DEMO-TEAM-23,Collections,consumer,South Africa,large,established,2025-07-01,2026-06-30,2026-08-09,5214369824.21,7167805567.07,12382175391.28,0.42111904,0.50910375,1.96423618,False,,SYNTHETIC_SIMULATION,SIMULATED_KNOWN_TRUTH,,False,False,representative-multibank-analog-1.0.0+seed.20260809
DEMO-R0203-payments,DEMO-R0203,DEMO-TEAM-23,Payments,consumer,South Africa,large,established,2025-07-01,2026-06-30,2026-08-09,108130579252.67,198298364300.62,306428943553.29,0.35287326,0.50910375,1.96423618,False,,SYNTHETIC_SIMULATION,SIMULATED_KNOWN_TRUTH,,False,False,representative-multibank-analog-1.0.0+seed.20260809
DEMO-R0203-liquidity,DEMO-R0203,DEMO-TEAM-23,Liquidity,consumer,South Africa,large,established,2025-07-01,2026-06-30,2026-08-09,32077422775.81,128796711636.89,160874134412.7,0.19939453,0.50910375,1.96423618,False,,SYNTHETIC_SIMULATION,SIMULATED_KNOWN_TRUTH,,False,False,representative-multibank-analog-1.0.0+seed.20260809
DEMO-R0203-fx-fx,DEMO-R0203,DEMO-TEAM-23,Cross-border FX,consumer,South Africa,large,established,2025-07-01,2026-06-30,2026-08-09,15607725893.53,57044534343.62,72652260237.15,0.21482781,0.50910375,1.96423618,False,,SYNTHETIC_SIMULATION,SIMULATED_KNOWN_TRUTH,,False,False,representative-multibank-analog-1.0.0+seed.20260809
DEMO-R0203-trade-finance,DEMO-R0203,DEMO-TEAM-23,Trade finance,consumer,South Africa,large,established,2025-07-01,2026-06-30,2026-08-09,6626383879.08,125901293702.61,132527677581.7,0.05,0.50910375,1.96423618,False,,SYNTHETIC_SIMULATION,SIMULATED_KNOWN_TRUTH,,False,False,representative-multibank-analog-1.0.0+seed.20260809
DEMO-R0204-collections,DEMO-R0204,DEMO-TEAM-24,Collections,consumer,Rest of Africa,upper_mid,new,2025-07-01,2026-06-30,2026-08-09,2869601348.32,7438291507.82,10307892856.14,0.27838874,0.39042445,2.56131502,False,,SYNTHETIC_SIMULATION,SIMULATED_KNOWN_TRUTH,,False,False,representative-multibank-analog-1.0.0+seed.20260809
DEMO-R0204-payments,DEMO-R0204,DEMO-TEAM-24,Payments,consumer,Rest of Africa,upper_mid,new,2025-07-01,2026-06-30,2026-08-09,3647017673.39,9749443028.06,13396460701.45,0.2722374,0.39042445,2.56131502,False,,SYNTHETIC_SIMULATION,SIMULATED_KNOWN_TRUTH,,False,False,representative-multibank-analog-1.0.0+seed.20260809
DEMO-R0204-liquidity,DEMO-R0204,DEMO-TEAM-24,Liquidity,consumer,Rest of Africa,upper_mid,new,2025-07-01,2026-06-30,2026-08-09,7305710934.1,26277478395.2,33583189329.3,0.21754071,0.39042445,2.56131502,False,,SYNTHETIC_SIMULATION,SIMULATED_KNOWN_TRUTH,,False,False,representative-multibank-analog-1.0.0+seed.20260809
DEMO-R0204-fx-fx,DEMO-R0204,DEMO-TEAM-24,Cross-border FX,consumer,Rest of Africa,upper_mid,new,2025-07-01,2026-06-30,2026-08-09,3588004719.75,11683841124.61,15271845844.36,0.23494244,0.39042445,2.56131502,False,,SYNTHETIC_SIMULATION,SIMULATED_KNOWN_TRUTH,,False,False,representative-multibank-analog-1.0.0+seed.20260809
DEMO-R0204-trade-finance,DEMO-R0204,DEMO-TEAM-24,Trade finance,consumer,Rest of Africa,upper_mid,new,2025-07-01,2026-06-30,2026-08-09,1308789939.52,3400744291.05,4709534230.57,0.2779022,0.39042445,2.56131502,False,,SYNTHETIC_SIMULATION,SIMULATED_KNOWN_TRUTH,,False,False,representative-multibank-analog-1.0.0+seed.20260809
DEMO-R0205-collections,DEMO-R0205,DEMO-TEAM-25,Collections,real_estate,South Africa,upper_mid,developing,2025-07-01,2026-06-30,2026-08-09,12434056.86,33851854.57,46285911.43,0.26863589,0.39779744,2.51384224,False,,SYNTHETIC_SIMULATION,SIMULATED_KNOWN_TRUTH,,False,False,representative-multibank-analog-1.0.0+seed.20260809
DEMO-R0205-payments,DEMO-R0205,DEMO-TEAM-25,Payments,real_estate,South Africa,upper_mid,developing,2025-07-01,2026-06-30,2026-08-09,12562717.65,19230968.47,31793686.11,0.39513247,0.39779744,2.51384224,False,,SYNTHETIC_SIMULATION,SIMULATED_KNOWN_TRUTH,,False,False,representative-multibank-analog-1.0.0+seed.20260809
DEMO-R0205-liquidity,DEMO-R0205,DEMO-TEAM-25,Liquidity,real_estate,South Africa,upper_mid,developing,2025-07-01,2026-06-30,2026-08-09,9381113.45,26368519.29,35749632.74,0.26241146,0.39779744,2.51384224,False,,SYNTHETIC_SIMULATION,SIMULATED_KNOWN_TRUTH,,False,False,representative-multibank-analog-1.0.0+seed.20260809
DEMO-R0205-fx-fx,DEMO-R0205,DEMO-TEAM-25,Cross-border FX,real_estate,South Africa,upper_mid,developing,2025-07-01,2026-06-30,2026-08-09,164807918.34,249713790.86,414521709.19,0.39758573,0.39779744,2.51384224,False,,SYNTHETIC_SIMULATION,SIMULATED_KNOWN_TRUTH,,False,False,representative-multibank-analog-1.0.0+seed.20260809
DEMO-R0205-trade-finance,DEMO-R0205,DEMO-TEAM-25,Trade finance,real_estate,South Africa,upper_mid,developing,2025-07-01,2026-06-30,2026-08-09,8846223.12,59074457.13,67920680.25,0.13024344,0.39779744,2.51384224,False,,SYNTHETIC_SIMULATION,SIMULATED_KNOWN_TRUTH,,False,False,representative-multibank-analog-1.0.0+seed.20260809
DEMO-R0206-collections,DEMO-R0206,DEMO-TEAM-26,Collections,mining,Rest of Africa,large,established,2025-07-01,2026-06-30,2026-08-09,4230290500.04,14089238034.62,18319528534.67,0.230917,0.56652288,1.76515378,False,,SYNTHETIC_SIMULATION,SIMULATED_KNOWN_TRUTH,,False,False,representative-multibank-analog-1.0.0+seed.20260809
DEMO-R0206-payments,DEMO-R0206,DEMO-TEAM-26,Payments,mining,Rest of Africa,large,established,2025-07-01,2026-06-30,2026-08-09,2767847005.93,2616578391.59,5384425397.52,0.51404687,0.56652288,1.76515378,False,,SYNTHETIC_SIMULATION,SIMULATED_KNOWN_TRUTH,,False,False,representative-multibank-analog-1.0.0+seed.20260809
DEMO-R0206-liquidity,DEMO-R0206,DEMO-TEAM-26,Liquidity,mining,Rest of Africa,large,established,2025-07-01,2026-06-30,2026-08-09,1880225327.43,8207257000.72,10087482328.15,0.18639193,0.56652288,1.76515378,False,,SYNTHETIC_SIMULATION,SIMULATED_KNOWN_TRUTH,,False,False,representative-multibank-analog-1.0.0+seed.20260809
DEMO-R0206-fx-fx,DEMO-R0206,DEMO-TEAM-26,Cross-border FX,mining,Rest of Africa,large,established,2025-07-01,2026-06-30,2026-08-09,2631882995.69,4939360681.89,7571243677.58,0.34761568,0.56652288,1.76515378,False,,SYNTHETIC_SIMULATION,SIMULATED_KNOWN_TRUTH,,False,False,representative-multibank-analog-1.0.0+seed.20260809
DEMO-R0206-trade-finance,DEMO-R0206,DEMO-TEAM-26,Trade finance,mining,Rest of Africa,large,established,2025-07-01,2026-06-30,2026-08-09,1390737914.05,5413120292.85,6803858206.89,0.20440431,0.56652288,1.76515378,False,,SYNTHETIC_SIMULATION,SIMULATED_KNOWN_TRUTH,,False,False,representative-multibank-analog-1.0.0+seed.20260809
DEMO-R0207-collections,DEMO-R0207,DEMO-TEAM-27,Collections,tech,South Africa,large,established,2025-07-01,2026-06-30,2026-08-09,1398828969.64,1206914754.59,2605743724.23,0.53682523,0.48037711,2.08169786,False,,SYNTHETIC_SIMULATION,SIMULATED_KNOWN_TRUTH,,False,False,representative-multibank-analog-1.0.0+seed.20260809
DEMO-R0207-payments,DEMO-R0207,DEMO-TEAM-27,Payments,tech,South Africa,large,established,2025-07-01,2026-06-30,2026-08-09,3185715274.59,2905000444.15,6090715718.73,0.52304449,0.48037711,2.08169786,False,,SYNTHETIC_SIMULATION,SIMULATED_KNOWN_TRUTH,,False,False,representative-multibank-analog-1.0.0+seed.20260809
DEMO-R0207-liquidity,DEMO-R0207,DEMO-TEAM-27,Liquidity,tech,South Africa,large,established,2025-07-01,2026-06-30,2026-08-09,4570462137.92,17104270864.97,21674733002.89,0.2108659,0.48037711,2.08169786,False,,SYNTHETIC_SIMULATION,SIMULATED_KNOWN_TRUTH,,False,False,representative-multibank-analog-1.0.0+seed.20260809
DEMO-R0207-fx-fx,DEMO-R0207,DEMO-TEAM-27,Cross-border FX,tech,South Africa,large,established,2025-07-01,2026-06-30,2026-08-09,5913981100.41,68369550387.53,74283531487.94,0.07961362,0.48037711,2.08169786,False,,SYNTHETIC_SIMULATION,SIMULATED_KNOWN_TRUTH,,False,False,representative-multibank-analog-1.0.0+seed.20260809
DEMO-R0207-trade-finance,DEMO-R0207,DEMO-TEAM-27,Trade finance,tech,South Africa,large,established,2025-07-01,2026-06-30,2026-08-09,120695360.43,1086513884.29,1207209244.72,0.09997882,0.48037711,2.08169786,False,,SYNTHETIC_SIMULATION,SIMULATED_KNOWN_TRUTH,,False,False,representative-multibank-analog-1.0.0+seed.20260809
DEMO-R0208-collections,DEMO-R0208,DEMO-TEAM-28,Collections,telecoms,Global,large,new,2025-07-01,2026-06-30,2026-08-09,1953752547.29,1535234205.82,3488986753.11,0.55997706,0.52332202,1.91086934,False,,SYNTHETIC_SIMULATION,SIMULATED_KNOWN_TRUTH,,False,False,representative-multibank-analog-1.0.0+seed.20260809
DEMO-R0208-payments,DEMO-R0208,DEMO-TEAM-28,Payments,telecoms,Global,large,new,2025-07-01,2026-06-30,2026-08-09,9419779271.28,13563707114.03,22983486385.31,0.40984989,0.52332202,1.91086934,False,,SYNTHETIC_SIMULATION,SIMULATED_KNOWN_TRUTH,,False,False,representative-multibank-analog-1.0.0+seed.20260809
DEMO-R0208-liquidity,DEMO-R0208,DEMO-TEAM-28,Liquidity,telecoms,Global,large,new,2025-07-01,2026-06-30,2026-08-09,1825493904.05,5077405196.77,6902899100.82,0.26445322,0.52332202,1.91086934,False,,SYNTHETIC_SIMULATION,SIMULATED_KNOWN_TRUTH,,False,False,representative-multibank-analog-1.0.0+seed.20260809
DEMO-R0208-fx-fx,DEMO-R0208,DEMO-TEAM-28,Cross-border FX,telecoms,Global,large,new,2025-07-01,2026-06-30,2026-08-09,3024790556.62,18736185279.82,21760975836.44,0.13900069,0.52332202,1.91086934,False,,SYNTHETIC_SIMULATION,SIMULATED_KNOWN_TRUTH,,False,False,representative-multibank-analog-1.0.0+seed.20260809
DEMO-R0208-trade-finance,DEMO-R0208,DEMO-TEAM-28,Trade finance,telecoms,Global,large,new,2025-07-01,2026-06-30,2026-08-09,980925650.52,12340925867.51,13321851518.03,0.07363283,0.52332202,1.91086934,False,,SYNTHETIC_SIMULATION,SIMULATED_KNOWN_TRUTH,,False,False,representative-multibank-analog-1.0.0+seed.20260809
DEMO-R0209-collections,DEMO-R0209,DEMO-TEAM-29,Collections,telecoms,Global,upper_mid,established,2025-07-01,2026-06-30,2026-08-09,1533636817.31,1764267121.1,3297903938.4,0.46503381,0.33519083,2.98337515,False,,SYNTHETIC_SIMULATION,SIMULATED_KNOWN_TRUTH,,False,False,representative-multibank-analog-1.0.0+seed.20260809
DEMO-R0209-payments,DEMO-R0209,DEMO-TEAM-29,Payments,telecoms,Global,upper_mid,established,2025-07-01,2026-06-30,2026-08-09,5664529197.59,10386842580.61,16051371778.2,0.35290001,0.33519083,2.98337515,False,,SYNTHETIC_SIMULATION,SIMULATED_KNOWN_TRUTH,,False,False,representative-multibank-analog-1.0.0+seed.20260809
DEMO-R0209-liquidity,DEMO-R0209,DEMO-TEAM-29,Liquidity,telecoms,Global,upper_mid,established,2025-07-01,2026-06-30,2026-08-09,3927738106.7,19068041837.68,22995779944.38,0.17080256,0.33519083,2.98337515,False,,SYNTHETIC_SIMULATION,SIMULATED_KNOWN_TRUTH,,False,False,representative-multibank-analog-1.0.0+seed.20260809
DEMO-R0209-fx-fx,DEMO-R0209,DEMO-TEAM-29,Cross-border FX,telecoms,Global,upper_mid,established,2025-07-01,2026-06-30,2026-08-09,6709960274.22,15969517039.38,22679477313.6,0.29586045,0.33519083,2.98337515,False,,SYNTHETIC_SIMULATION,SIMULATED_KNOWN_TRUTH,,False,False,representative-multibank-analog-1.0.0+seed.20260809
DEMO-R0209-trade-finance,DEMO-R0209,DEMO-TEAM-29,Trade finance,telecoms,Global,upper_mid,established,2025-07-01,2026-06-30,2026-08-09,621268612.94,669816899.1,1291085512.04,0.48119866,0.33519083,2.98337515,False,,SYNTHETIC_SIMULATION,SIMULATED_KNOWN_TRUTH,,False,False,representative-multibank-analog-1.0.0+seed.20260809
DEMO-R0210-collections,DEMO-R0210,DEMO-TEAM-30,Collections,consumer,Rest of Africa,mid,established,2025-07-01,2026-06-30,2026-08-09,1859580826.43,1939863759.02,3799444585.45,0.48943491,0.39211775,2.55025435,False,,SYNTHETIC_SIMULATION,SIMULATED_KNOWN_TRUTH,,False,False,representative-multibank-analog-1.0.0+seed.20260809
DEMO-R0210-payments,DEMO-R0210,DEMO-TEAM-30,Payments,consumer,Rest of Africa,mid,established,2025-07-01,2026-06-30,2026-08-09,12531807235.2,8322648338.03,20854455573.22,0.6009175,0.39211775,2.55025435,False,,SYNTHETIC_SIMULATION,SIMULATED_KNOWN_TRUTH,,False,False,representative-multibank-analog-1.0.0+seed.20260809
DEMO-R0210-liquidity,DEMO-R0210,DEMO-TEAM-30,Liquidity,consumer,Rest of Africa,mid,established,2025-07-01,2026-06-30,2026-08-09,7699518199.64,19277881752.29,26977399951.93,0.28540624,0.39211775,2.55025435,False,,SYNTHETIC_SIMULATION,SIMULATED_KNOWN_TRUTH,,False,False,representative-multibank-analog-1.0.0+seed.20260809
DEMO-R0210-fx-fx,DEMO-R0210,DEMO-TEAM-30,Cross-border FX,consumer,Rest of Africa,mid,established,2025-07-01,2026-06-30,2026-08-09,4874526455.08,9716290962.9,14590817417.98,0.33408179,0.39211775,2.55025435,False,,SYNTHETIC_SIMULATION,SIMULATED_KNOWN_TRUTH,,False,False,representative-multibank-analog-1.0.0+seed.20260809
DEMO-R0210-trade-finance,DEMO-R0210,DEMO-TEAM-30,Trade finance,consumer,Rest of Africa,mid,established,2025-07-01,2026-06-30,2026-08-09,434602309.23,3851794481.18,4286396790.4,0.10139106,0.39211775,2.55025435,False,,SYNTHETIC_SIMULATION,SIMULATED_KNOWN_TRUTH,,False,False,representative-multibank-analog-1.0.0+seed.20260809
DEMO-R0211-collections,DEMO-R0211,DEMO-TEAM-01,Collections,consumer,South Africa,upper_mid,developing,2025-07-01,2026-06-30,2026-08-09,5100244272.19,8469838474.53,13570082746.72,0.37584474,0.34023996,2.93910215,False,,SYNTHETIC_SIMULATION,SIMULATED_KNOWN_TRUTH,,False,False,representative-multibank-analog-1.0.0+seed.20260809
DEMO-R0211-payments,DEMO-R0211,DEMO-TEAM-01,Payments,consumer,South Africa,upper_mid,developing,2025-07-01,2026-06-30,2026-08-09,12494494645.89,21593031411.16,34087526057.05,0.36654155,0.34023996,2.93910215,False,,SYNTHETIC_SIMULATION,SIMULATED_KNOWN_TRUTH,,False,False,representative-multibank-analog-1.0.0+seed.20260809
DEMO-R0211-liquidity,DEMO-R0211,DEMO-TEAM-01,Liquidity,consumer,South Africa,upper_mid,developing,2025-07-01,2026-06-30,2026-08-09,4750368479.44,9992894007.68,14743262487.12,0.32220606,0.34023996,2.93910215,False,,SYNTHETIC_SIMULATION,SIMULATED_KNOWN_TRUTH,,False,False,representative-multibank-analog-1.0.0+seed.20260809
DEMO-R0211-fx-fx,DEMO-R0211,DEMO-TEAM-01,Cross-border FX,consumer,South Africa,upper_mid,developing,2025-07-01,2026-06-30,2026-08-09,3368619026.27,14933989065.25,18302608091.52,0.18405131,0.34023996,2.93910215,False,,SYNTHETIC_SIMULATION,SIMULATED_KNOWN_TRUTH,,False,False,representative-multibank-analog-1.0.0+seed.20260809
DEMO-R0211-trade-finance,DEMO-R0211,DEMO-TEAM-01,Trade finance,consumer,South Africa,upper_mid,developing,2025-07-01,2026-06-30,2026-08-09,1411297098.06,2173649866.55,3584946964.61,0.39367308,0.34023996,2.93910215,False,,SYNTHETIC_SIMULATION,SIMULATED_KNOWN_TRUTH,,False,False,representative-multibank-analog-1.0.0+seed.20260809
DEMO-R0212-collections,DEMO-R0212,DEMO-TEAM-02,Collections,tech,Rest of Africa,large,developing,2025-07-01,2026-06-30,2026-08-09,483632719.5,888828121.72,1372460841.22,0.35238362,0.49558912,2.01780055,False,,SYNTHETIC_SIMULATION,SIMULATED_KNOWN_TRUTH,,False,False,representative-multibank-analog-1.0.0+seed.20260809
DEMO-R0212-payments,DEMO-R0212,DEMO-TEAM-02,Payments,tech,Rest of Africa,large,developing,2025-07-01,2026-06-30,2026-08-09,2230004045.59,11655989466.33,13885993511.92,0.16059377,0.49558912,2.01780055,False,,SYNTHETIC_SIMULATION,SIMULATED_KNOWN_TRUTH,,False,False,representative-multibank-analog-1.0.0+seed.20260809
DEMO-R0212-liquidity,DEMO-R0212,DEMO-TEAM-02,Liquidity,tech,Rest of Africa,large,developing,2025-07-01,2026-06-30,2026-08-09,969495287.41,3539597429.94,4509092717.35,0.21500895,0.49558912,2.01780055,False,,SYNTHETIC_SIMULATION,SIMULATED_KNOWN_TRUTH,,False,False,representative-multibank-analog-1.0.0+seed.20260809
DEMO-R0212-fx-fx,DEMO-R0212,DEMO-TEAM-02,Cross-border FX,tech,Rest of Africa,large,developing,2025-07-01,2026-06-30,2026-08-09,4613666776.65,34857656879.15,39471323655.8,0.11688655,0.49558912,2.01780055,False,,SYNTHETIC_SIMULATION,SIMULATED_KNOWN_TRUTH,,False,False,representative-multibank-analog-1.0.0+seed.20260809
DEMO-R0212-trade-finance,DEMO-R0212,DEMO-TEAM-02,Trade finance,tech,Rest of Africa,large,developing,2025-07-01,2026-06-30,2026-08-09,126959079.48,986228975.21,1113188054.69,0.11404998,0.49558912,2.01780055,False,,SYNTHETIC_SIMULATION,SIMULATED_KNOWN_TRUTH,,False,False,representative-multibank-analog-1.0.0+seed.20260809
DEMO-R0213-collections,DEMO-R0213,DEMO-TEAM-03,Collections,tech,South Africa,upper_mid,developing,2025-07-01,2026-06-30,2026-08-09,287293322.42,3749242767.16,4036536089.57,0.07117323,0.41114145,2.43225295,False,,SYNTHETIC_SIMULATION,SIMULATED_KNOWN_TRUTH,,False,False,representative-multibank-analog-1.0.0+seed.20260809
DEMO-R0213-payments,DEMO-R0213,DEMO-TEAM-03,Payments,tech,South Africa,upper_mid,developing,2025-07-01,2026-06-30,2026-08-09,662626550.01,1149772817.45,1812399367.46,0.36560736,0.41114145,2.43225295,False,,SYNTHETIC_SIMULATION,SIMULATED_KNOWN_TRUTH,,False,False,representative-multibank-analog-1.0.0+seed.20260809
DEMO-R0213-liquidity,DEMO-R0213,DEMO-TEAM-03,Liquidity,tech,South Africa,upper_mid,developing,2025-07-01,2026-06-30,2026-08-09,955478170.72,5461438942.13,6416917112.85,0.14889988,0.41114145,2.43225295,False,,SYNTHETIC_SIMULATION,SIMULATED_KNOWN_TRUTH,,False,False,representative-multibank-analog-1.0.0+seed.20260809
DEMO-R0213-fx-fx,DEMO-R0213,DEMO-TEAM-03,Cross-border FX,tech,South Africa,upper_mid,developing,2025-07-01,2026-06-30,2026-08-09,1336341835.28,5517484813.45,6853826648.74,0.19497748,0.41114145,2.43225295,False,,SYNTHETIC_SIMULATION,SIMULATED_KNOWN_TRUTH,,False,False,representative-multibank-analog-1.0.0+seed.20260809
DEMO-R0213-trade-finance,DEMO-R0213,DEMO-TEAM-03,Trade finance,tech,South Africa,upper_mid,developing,2025-07-01,2026-06-30,2026-08-09,62422022.04,220415975.13,282837997.17,0.22069885,0.41114145,2.43225295,False,,SYNTHETIC_SIMULATION,SIMULATED_KNOWN_TRUTH,,False,False,representative-multibank-analog-1.0.0+seed.20260809
DEMO-R0214-collections,DEMO-R0214,DEMO-TEAM-04,Collections,real_estate,Global,upper_mid,developing,2025-07-01,2026-06-30,2026-08-09,7628093.36,12172363.45,19800456.82,0.38524835,0.42850309,2.33370547,False,,SYNTHETIC_SIMULATION,SIMULATED_KNOWN_TRUTH,,False,False,representative-multibank-analog-1.0.0+seed.20260809
DEMO-R0214-payments,DEMO-R0214,DEMO-TEAM-04,Payments,real_estate,Global,upper_mid,developing,2025-07-01,2026-06-30,2026-08-09,20247202.62,32652189.52,52899392.14,0.38274925,0.42850309,2.33370547,False,,SYNTHETIC_SIMULATION,SIMULATED_KNOWN_TRUTH,,False,False,representative-multibank-analog-1.0.0+seed.20260809
DEMO-R0214-liquidity,DEMO-R0214,DEMO-TEAM-04,Liquidity,real_estate,Global,upper_mid,developing,2025-07-01,2026-06-30,2026-08-09,19329366.98,44923547.01,64252913.99,0.30083253,0.42850309,2.33370547,False,,SYNTHETIC_SIMULATION,SIMULATED_KNOWN_TRUTH,,False,False,representative-multibank-analog-1.0.0+seed.20260809
DEMO-R0214-fx-fx,DEMO-R0214,DEMO-TEAM-04,Cross-border FX,real_estate,Global,upper_mid,developing,2025-07-01,2026-06-30,2026-08-09,137882073.57,767750687.1,905632760.66,0.15224943,0.42850309,2.33370547,False,,SYNTHETIC_SIMULATION,SIMULATED_KNOWN_TRUTH,,False,False,representative-multibank-analog-1.0.0+seed.20260809
DEMO-R0214-trade-finance,DEMO-R0214,DEMO-TEAM-04,Trade finance,real_estate,Global,upper_mid,developing,2025-07-01,2026-06-30,2026-08-09,5069199.02,36957202.91,42026401.94,0.12061939,0.42850309,2.33370547,False,,SYNTHETIC_SIMULATION,SIMULATED_KNOWN_TRUTH,,False,False,representative-multibank-analog-1.0.0+seed.20260809
DEMO-R0215-collections,DEMO-R0215,DEMO-TEAM-05,Collections,real_estate,South Africa,large,established,2025-07-01,2026-06-30,2026-08-09,54004580.58,82557514.06,136562094.65,0.39545806,0.56486108,1.77034678,False,,SYNTHETIC_SIMULATION,SIMULATED_KNOWN_TRUTH,,False,False,representative-multibank-analog-1.0.0+seed.20260809
DEMO-R0215-payments,DEMO-R0215,DEMO-TEAM-05,Payments,real_estate,South Africa,large,established,2025-07-01,2026-06-30,2026-08-09,71333928.8,77361925.73,148695854.53,0.47973045,0.56486108,1.77034678,False,,SYNTHETIC_SIMULATION,SIMULATED_KNOWN_TRUTH,,False,False,representative-multibank-analog-1.0.0+seed.20260809
DEMO-R0215-liquidity,DEMO-R0215,DEMO-TEAM-05,Liquidity,real_estate,South Africa,large,established,2025-07-01,2026-06-30,2026-08-09,27690204.95,99954399.05,127644604.0,0.21693204,0.56486108,1.77034678,False,,SYNTHETIC_SIMULATION,SIMULATED_KNOWN_TRUTH,,False,False,representative-multibank-analog-1.0.0+seed.20260809
DEMO-R0215-fx-fx,DEMO-R0215,DEMO-TEAM-05,Cross-border FX,real_estate,South Africa,large,established,2025-07-01,2026-06-30,2026-08-09,1018962236.32,2440935603.82,3459897840.14,0.29450645,0.56486108,1.77034678,False,,SYNTHETIC_SIMULATION,SIMULATED_KNOWN_TRUTH,,False,False,representative-multibank-analog-1.0.0+seed.20260809
DEMO-R0215-trade-finance,DEMO-R0215,DEMO-TEAM-05,Trade finance,real_estate,South Africa,large,established,2025-07-01,2026-06-30,2026-08-09,47706837.24,288370867.85,336077705.09,0.14195181,0.56486108,1.77034678,False,,SYNTHETIC_SIMULATION,SIMULATED_KNOWN_TRUTH,,False,False,representative-multibank-analog-1.0.0+seed.20260809
DEMO-R0216-collections,DEMO-R0216,DEMO-TEAM-06,Collections,mining,Rest of Africa,large,developing,2025-07-01,2026-06-30,2026-08-09,5270606387.91,47559371815.99,52829978203.9,0.09976545,0.5001486,1.99940579,False,,SYNTHETIC_SIMULATION,SIMULATED_KNOWN_TRUTH,,False,False,representative-multibank-analog-1.0.0+seed.20260809
DEMO-R0216-payments,DEMO-R0216,DEMO-TEAM-06,Payments,mining,Rest of Africa,large,developing,2025-07-01,2026-06-30,2026-08-09,2508430222.87,2304421589.5,4812851812.37,0.52119415,0.5001486,1.99940579,False,,SYNTHETIC_SIMULATION,SIMULATED_KNOWN_TRUTH,,False,False,representative-multibank-analog-1.0.0+seed.20260809
DEMO-R0216-liquidity,DEMO-R0216,DEMO-TEAM-06,Liquidity,mining,Rest of Africa,large,developing,2025-07-01,2026-06-30,2026-08-09,4159297018.09,8320504365.5,12479801383.6,0.33328231,0.5001486,1.99940579,False,,SYNTHETIC_SIMULATION,SIMULATED_KNOWN_TRUTH,,False,False,representative-multibank-analog-1.0.0+seed.20260809
DEMO-R0216-fx-fx,DEMO-R0216,DEMO-TEAM-06,Cross-border FX,mining,Rest of Africa,large,developing,2025-07-01,2026-06-30,2026-08-09,2338975934.98,4943662123.79,7282638058.77,0.32117152,0.5001486,1.99940579,False,,SYNTHETIC_SIMULATION,SIMULATED_KNOWN_TRUTH,,False,False,representative-multibank-analog-1.0.0+seed.20260809
DEMO-R0216-trade-finance,DEMO-R0216,DEMO-TEAM-06,Trade finance,mining,Rest of Africa,large,developing,2025-07-01,2026-06-30,2026-08-09,2421516083.19,12766041193.04,15187557276.23,0.15944079,0.5001486,1.99940579,False,,SYNTHETIC_SIMULATION,SIMULATED_KNOWN_TRUTH,,False,False,representative-multibank-analog-1.0.0+seed.20260809
DEMO-R0217-collections,DEMO-R0217,DEMO-TEAM-07,Collections,industrials_pharma,Rest of Africa,large,established,2025-07-01,2026-06-30,2026-08-09,4076900126.02,3336902278.02,7413802404.03,0.54990677,0.51069258,1.95812519,False,,SYNTHETIC_SIMULATION,SIMULATED_KNOWN_TRUTH,,False,False,representative-multibank-analog-1.0.0+seed.20260809
DEMO-R0217-payments,DEMO-R0217,DEMO-TEAM-07,Payments,industrials_pharma,Rest of Africa,large,established,2025-07-01,2026-06-30,2026-08-09,10712563468.02,9235059327.67,19947622795.69,0.53703459,0.51069258,1.95812519,False,,SYNTHETIC_SIMULATION,SIMULATED_KNOWN_TRUTH,,False,False,representative-multibank-analog-1.0.0+seed.20260809
DEMO-R0217-liquidity,DEMO-R0217,DEMO-TEAM-07,Liquidity,industrials_pharma,Rest of Africa,large,established,2025-07-01,2026-06-30,2026-08-09,2734570756.52,5539348818.93,8273919575.45,0.33050488,0.51069258,1.95812519,False,,SYNTHETIC_SIMULATION,SIMULATED_KNOWN_TRUTH,,False,False,representative-multibank-analog-1.0.0+seed.20260809
DEMO-R0217-fx-fx,DEMO-R0217,DEMO-TEAM-07,Cross-border FX,industrials_pharma,Rest of Africa,large,established,2025-07-01,2026-06-30,2026-08-09,2608893665.8,3794569811.93,6403463477.73,0.40741915,0.51069258,1.95812519,False,,SYNTHETIC_SIMULATION,SIMULATED_KNOWN_TRUTH,,False,False,representative-multibank-analog-1.0.0+seed.20260809
DEMO-R0217-trade-finance,DEMO-R0217,DEMO-TEAM-07,Trade finance,industrials_pharma,Rest of Africa,large,established,2025-07-01,2026-06-30,2026-08-09,4152651674.27,42412863032.23,46565514706.51,0.08917869,0.51069258,1.95812519,False,,SYNTHETIC_SIMULATION,SIMULATED_KNOWN_TRUTH,,False,False,representative-multibank-analog-1.0.0+seed.20260809
DEMO-R0218-collections,DEMO-R0218,DEMO-TEAM-08,Collections,industrials_pharma,South Africa,mid,established,2025-07-01,2026-06-30,2026-08-09,395757447.02,375536799.44,771294246.45,0.51310826,0.30826762,3.24393456,False,,SYNTHETIC_SIMULATION,SIMULATED_KNOWN_TRUTH,,False,False,representative-multibank-analog-1.0.0+seed.20260809
DEMO-R0218-payments,DEMO-R0218,DEMO-TEAM-08,Payments,industrials_pharma,South Africa,mid,established,2025-07-01,2026-06-30,2026-08-09,1356842669.66,2912832489.89,4269675159.55,0.31778592,0.30826762,3.24393456,False,,SYNTHETIC_SIMULATION,SIMULATED_KNOWN_TRUTH,,False,False,representative-multibank-analog-1.0.0+seed.20260809
DEMO-R0218-liquidity,DEMO-R0218,DEMO-TEAM-08,Liquidity,industrials_pharma,South Africa,mid,established,2025-07-01,2026-06-30,2026-08-09,628480284.51,2431289640.83,3059769925.34,0.20540116,0.30826762,3.24393456,False,,SYNTHETIC_SIMULATION,SIMULATED_KNOWN_TRUTH,,False,False,representative-multibank-analog-1.0.0+seed.20260809
DEMO-R0218-fx-fx,DEMO-R0218,DEMO-TEAM-08,Cross-border FX,industrials_pharma,South Africa,mid,established,2025-07-01,2026-06-30,2026-08-09,1854669399.77,9913088320.75,11767757720.52,0.15760601,0.30826762,3.24393456,False,,SYNTHETIC_SIMULATION,SIMULATED_KNOWN_TRUTH,,False,False,representative-multibank-analog-1.0.0+seed.20260809
DEMO-R0218-trade-finance,DEMO-R0218,DEMO-TEAM-08,Trade finance,industrials_pharma,South Africa,mid,established,2025-07-01,2026-06-30,2026-08-09,1061825398.94,3103835189.64,4165660588.58,0.25489964,0.30826762,3.24393456,False,,SYNTHETIC_SIMULATION,SIMULATED_KNOWN_TRUTH,,False,False,representative-multibank-analog-1.0.0+seed.20260809
DEMO-R0219-collections,DEMO-R0219,DEMO-TEAM-09,Collections,real_estate,Global,large,established,2025-07-01,2026-06-30,2026-08-09,8456370.59,17443966.91,25900337.5,0.32649654,0.49853328,2.00588415,False,,SYNTHETIC_SIMULATION,SIMULATED_KNOWN_TRUTH,,False,False,representative-multibank-analog-1.0.0+seed.20260809
DEMO-R0219-payments,DEMO-R0219,DEMO-TEAM-09,Payments,real_estate,Global,large,established,2025-07-01,2026-06-30,2026-08-09,23595296.78,23211573.94,46806870.72,0.504099,0.49853328,2.00588415,False,,SYNTHETIC_SIMULATION,SIMULATED_KNOWN_TRUTH,,False,False,representative-multibank-analog-1.0.0+seed.20260809
DEMO-R0219-liquidity,DEMO-R0219,DEMO-TEAM-09,Liquidity,real_estate,Global,large,established,2025-07-01,2026-06-30,2026-08-09,117430751.22,322140529.56,439571280.78,0.26714837,0.49853328,2.00588415,False,,SYNTHETIC_SIMULATION,SIMULATED_KNOWN_TRUTH,,False,False,representative-multibank-analog-1.0.0+seed.20260809
DEMO-R0219-fx-fx,DEMO-R0219,DEMO-TEAM-09,Cross-border FX,real_estate,Global,large,established,2025-07-01,2026-06-30,2026-08-09,675394582.2,1397728305.03,2073122887.23,0.32578608,0.49853328,2.00588415,False,,SYNTHETIC_SIMULATION,SIMULATED_KNOWN_TRUTH,,False,False,representative-multibank-analog-1.0.0+seed.20260809
DEMO-R0219-trade-finance,DEMO-R0219,DEMO-TEAM-09,Trade finance,real_estate,Global,large,established,2025-07-01,2026-06-30,2026-08-09,13553588.02,34310448.6,47864036.62,0.28316851,0.49853328,2.00588415,False,,SYNTHETIC_SIMULATION,SIMULATED_KNOWN_TRUTH,,False,False,representative-multibank-analog-1.0.0+seed.20260809
DEMO-R0220-collections,DEMO-R0220,DEMO-TEAM-10,Collections,consumer,South Africa,upper_mid,established,2025-07-01,2026-06-30,2026-08-09,2243028459.76,3204592268.75,5447620728.51,0.41174461,0.40697641,2.4571449,False,,SYNTHETIC_SIMULATION,SIMULATED_KNOWN_TRUTH,,False,False,representative-multibank-analog-1.0.0+seed.20260809
DEMO-R0220-payments,DEMO-R0220,DEMO-TEAM-10,Payments,consumer,South Africa,upper_mid,established,2025-07-01,2026-06-30,2026-08-09,15093134695.74,13453782555.16,28546917250.91,0.5287133,0.40697641,2.4571449,False,,SYNTHETIC_SIMULATION,SIMULATED_KNOWN_TRUTH,,False,False,representative-multibank-analog-1.0.0+seed.20260809
DEMO-R0220-liquidity,DEMO-R0220,DEMO-TEAM-10,Liquidity,consumer,South Africa,upper_mid,established,2025-07-01,2026-06-30,2026-08-09,4149161076.53,14984187116.83,19133348193.35,0.21685494,0.40697641,2.4571449,False,,SYNTHETIC_SIMULATION,SIMULATED_KNOWN_TRUTH,,False,False,representative-multibank-analog-1.0.0+seed.20260809
DEMO-R0220-fx-fx,DEMO-R0220,DEMO-TEAM-10,Cross-border FX,consumer,South Africa,upper_mid,established,2025-07-01,2026-06-30,2026-08-09,8651448695.2,114025399265.8,122676847961.0,0.07052226,0.40697641,2.4571449,False,,SYNTHETIC_SIMULATION,SIMULATED_KNOWN_TRUTH,,False,False,representative-multibank-analog-1.0.0+seed.20260809
DEMO-R0220-trade-finance,DEMO-R0220,DEMO-TEAM-10,Trade finance,consumer,South Africa,upper_mid,established,2025-07-01,2026-06-30,2026-08-09,2465315398.95,5719071595.76,8184386994.71,0.30122175,0.40697641,2.4571449,False,,SYNTHETIC_SIMULATION,SIMULATED_KNOWN_TRUTH,,False,False,representative-multibank-analog-1.0.0+seed.20260809
DEMO-R0221-collections,DEMO-R0221,DEMO-TEAM-11,Collections,mining,South Africa,mid,new,2025-07-01,2026-06-30,2026-08-09,313603318.62,1202221143.15,1515824461.77,0.2068863,0.25449197,3.92939712,False,,SYNTHETIC_SIMULATION,SIMULATED_KNOWN_TRUTH,,False,False,representative-multibank-analog-1.0.0+seed.20260809
DEMO-R0221-payments,DEMO-R0221,DEMO-TEAM-11,Payments,mining,South Africa,mid,new,2025-07-01,2026-06-30,2026-08-09,421569646.77,634796217.81,1056365864.58,0.39907542,0.25449197,3.92939712,False,,SYNTHETIC_SIMULATION,SIMULATED_KNOWN_TRUTH,,False,False,representative-multibank-analog-1.0.0+seed.20260809
DEMO-R0221-liquidity,DEMO-R0221,DEMO-TEAM-11,Liquidity,mining,South Africa,mid,new,2025-07-01,2026-06-30,2026-08-09,349772658.61,1387386353.3,1737159011.92,0.20134752,0.25449197,3.92939712,False,,SYNTHETIC_SIMULATION,SIMULATED_KNOWN_TRUTH,,False,False,representative-multibank-analog-1.0.0+seed.20260809
DEMO-R0221-fx-fx,DEMO-R0221,DEMO-TEAM-11,Cross-border FX,mining,South Africa,mid,new,2025-07-01,2026-06-30,2026-08-09,395289482.87,655545152.73,1050834635.6,0.37616716,0.25449197,3.92939712,False,,SYNTHETIC_SIMULATION,SIMULATED_KNOWN_TRUTH,,False,False,representative-multibank-analog-1.0.0+seed.20260809
DEMO-R0221-trade-finance,DEMO-R0221,DEMO-TEAM-11,Trade finance,mining,South Africa,mid,new,2025-07-01,2026-06-30,2026-08-09,279784108.85,5315898068.2,5595682177.05,0.05,0.25449197,3.92939712,False,,SYNTHETIC_SIMULATION,SIMULATED_KNOWN_TRUTH,,False,False,representative-multibank-analog-1.0.0+seed.20260809
DEMO-R0222-collections,DEMO-R0222,DEMO-TEAM-12,Collections,mining,South Africa,large,established,2025-07-01,2026-06-30,2026-08-09,3469127367.77,5628373577.43,9097500945.2,0.38132751,0.51344326,1.94763489,False,,SYNTHETIC_SIMULATION,SIMULATED_KNOWN_TRUTH,,False,False,representative-multibank-analog-1.0.0+seed.20260809
DEMO-R0222-payments,DEMO-R0222,DEMO-TEAM-12,Payments,mining,South Africa,large,established,2025-07-01,2026-06-30,2026-08-09,2480518885.15,2812049954.4,5292568839.55,0.46867957,0.51344326,1.94763489,False,,SYNTHETIC_SIMULATION,SIMULATED_KNOWN_TRUTH,,False,False,representative-multibank-analog-1.0.0+seed.20260809
DEMO-R0222-liquidity,DEMO-R0222,DEMO-TEAM-12,Liquidity,mining,South Africa,large,established,2025-07-01,2026-06-30,2026-08-09,3160331961.08,8133524783.31,11293856744.38,0.27982752,0.51344326,1.94763489,False,,SYNTHETIC_SIMULATION,SIMULATED_KNOWN_TRUTH,,False,False,representative-multibank-analog-1.0.0+seed.20260809
DEMO-R0222-fx-fx,DEMO-R0222,DEMO-TEAM-12,Cross-border FX,mining,South Africa,large,established,2025-07-01,2026-06-30,2026-08-09,2879058602.29,4788200361.96,7667258964.24,0.37550037,0.51344326,1.94763489,False,,SYNTHETIC_SIMULATION,SIMULATED_KNOWN_TRUTH,,False,False,representative-multibank-analog-1.0.0+seed.20260809
DEMO-R0222-trade-finance,DEMO-R0222,DEMO-TEAM-12,Trade finance,mining,South Africa,large,established,2025-07-01,2026-06-30,2026-08-09,1275271588.14,5700172475.54,6975444063.69,0.182823,0.51344326,1.94763489,False,,SYNTHETIC_SIMULATION,SIMULATED_KNOWN_TRUTH,,False,False,representative-multibank-analog-1.0.0+seed.20260809
DEMO-R0223-collections,DEMO-R0223,DEMO-TEAM-13,Collections,telecoms,Rest of Africa,upper_mid,developing,2025-07-01,2026-06-30,2026-08-09,1203420099.07,4127490542.69,5330910641.76,0.22574381,0.43567931,2.29526619,False,,SYNTHETIC_SIMULATION,SIMULATED_KNOWN_TRUTH,,False,False,representative-multibank-analog-1.0.0+seed.20260809
DEMO-R0223-payments,DEMO-R0223,DEMO-TEAM-13,Payments,telecoms,Rest of Africa,upper_mid,developing,2025-07-01,2026-06-30,2026-08-09,3168461960.41,3407114620.62,6575576581.04,0.4818531,0.43567931,2.29526619,False,,SYNTHETIC_SIMULATION,SIMULATED_KNOWN_TRUTH,,False,False,representative-multibank-analog-1.0.0+seed.20260809
DEMO-R0223-liquidity,DEMO-R0223,DEMO-TEAM-13,Liquidity,telecoms,Rest of Africa,upper_mid,developing,2025-07-01,2026-06-30,2026-08-09,1941120464.78,2060554641.96,4001675106.74,0.48507698,0.43567931,2.29526619,False,,SYNTHETIC_SIMULATION,SIMULATED_KNOWN_TRUTH,,False,False,representative-multibank-analog-1.0.0+seed.20260809
DEMO-R0223-fx-fx,DEMO-R0223,DEMO-TEAM-13,Cross-border FX,telecoms,Rest of Africa,upper_mid,developing,2025-07-01,2026-06-30,2026-08-09,3433080257.33,11970035096.06,15403115353.39,0.2228822,0.43567931,2.29526619,False,,SYNTHETIC_SIMULATION,SIMULATED_KNOWN_TRUTH,,False,False,representative-multibank-analog-1.0.0+seed.20260809
DEMO-R0223-trade-finance,DEMO-R0223,DEMO-TEAM-13,Trade finance,telecoms,Rest of Africa,upper_mid,developing,2025-07-01,2026-06-30,2026-08-09,2507602009.35,6065035631.56,8572637640.91,0.29251231,0.43567931,2.29526619,False,,SYNTHETIC_SIMULATION,SIMULATED_KNOWN_TRUTH,,False,False,representative-multibank-analog-1.0.0+seed.20260809
DEMO-R0224-collections,DEMO-R0224,DEMO-TEAM-14,Collections,real_estate,SADC,large,established,2025-07-01,2026-06-30,2026-08-09,20656027.62,57716418.02,78372445.64,0.26356237,0.52902439,1.89027203,False,,SYNTHETIC_SIMULATION,SIMULATED_KNOWN_TRUTH,,False,False,representative-multibank-analog-1.0.0+seed.20260809
DEMO-R0224-payments,DEMO-R0224,DEMO-TEAM-14,Payments,real_estate,SADC,large,established,2025-07-01,2026-06-30,2026-08-09,42449300.81,208418428.22,250867729.03,0.16920989,0.52902439,1.89027203,False,,SYNTHETIC_SIMULATION,SIMULATED_KNOWN_TRUTH,,False,False,representative-multibank-analog-1.0.0+seed.20260809
DEMO-R0224-liquidity,DEMO-R0224,DEMO-TEAM-14,Liquidity,real_estate,SADC,large,established,2025-07-01,2026-06-30,2026-08-09,94767224.78,146316442.19,241083666.97,0.39308853,0.52902439,1.89027203,False,,SYNTHETIC_SIMULATION,SIMULATED_KNOWN_TRUTH,,False,False,representative-multibank-analog-1.0.0+seed.20260809
DEMO-R0224-fx-fx,DEMO-R0224,DEMO-TEAM-14,Cross-border FX,real_estate,SADC,large,established,2025-07-01,2026-06-30,2026-08-09,1078558691.55,8474948873.91,9553507565.46,0.11289662,0.52902439,1.89027203,False,,SYNTHETIC_SIMULATION,SIMULATED_KNOWN_TRUTH,,False,False,representative-multibank-analog-1.0.0+seed.20260809
DEMO-R0224-trade-finance,DEMO-R0224,DEMO-TEAM-14,Trade finance,real_estate,SADC,large,established,2025-07-01,2026-06-30,2026-08-09,12306640.03,33915051.74,46221691.77,0.26625248,0.52902439,1.89027203,False,,SYNTHETIC_SIMULATION,SIMULATED_KNOWN_TRUTH,,False,False,representative-multibank-analog-1.0.0+seed.20260809
DEMO-R0225-collections,DEMO-R0225,DEMO-TEAM-15,Collections,real_estate,Rest of Africa,upper_mid,developing,2025-07-01,2026-06-30,2026-08-09,5685765.02,7055581.14,12741346.16,0.44624524,0.36530892,2.73740917,False,,SYNTHETIC_SIMULATION,SIMULATED_KNOWN_TRUTH,,False,False,representative-multibank-analog-1.0.0+seed.20260809
DEMO-R0225-payments,DEMO-R0225,DEMO-TEAM-15,Payments,real_estate,Rest of Africa,upper_mid,developing,2025-07-01,2026-06-30,2026-08-09,11431405.26,156143955.26,167575360.52,0.0682165,0.36530892,2.73740917,False,,SYNTHETIC_SIMULATION,SIMULATED_KNOWN_TRUTH,,False,False,representative-multibank-analog-1.0.0+seed.20260809
DEMO-R0225-liquidity,DEMO-R0225,DEMO-TEAM-15,Liquidity,real_estate,Rest of Africa,upper_mid,developing,2025-07-01,2026-06-30,2026-08-09,19881979.59,62111920.22,81993899.8,0.2424812,0.36530892,2.73740917,False,,SYNTHETIC_SIMULATION,SIMULATED_KNOWN_TRUTH,,False,False,representative-multibank-analog-1.0.0+seed.20260809
DEMO-R0225-fx-fx,DEMO-R0225,DEMO-TEAM-15,Cross-border FX,real_estate,Rest of Africa,upper_mid,developing,2025-07-01,2026-06-30,2026-08-09,314378463.73,873480043.56,1187858507.3,0.26465986,0.36530892,2.73740917,False,,SYNTHETIC_SIMULATION,SIMULATED_KNOWN_TRUTH,,False,False,representative-multibank-analog-1.0.0+seed.20260809
DEMO-R0225-trade-finance,DEMO-R0225,DEMO-TEAM-15,Trade finance,real_estate,Rest of Africa,upper_mid,developing,2025-07-01,2026-06-30,2026-08-09,4403111.69,25805715.8,30208827.48,0.1457558,0.36530892,2.73740917,False,,SYNTHETIC_SIMULATION,SIMULATED_KNOWN_TRUTH,,False,False,representative-multibank-analog-1.0.0+seed.20260809
DEMO-R0226-collections,DEMO-R0226,DEMO-TEAM-16,Collections,tech,Global,mid,established,2025-07-01,2026-06-30,2026-08-09,200817760.04,257863975.44,458681735.48,0.43781503,0.30201743,3.31106719,False,,SYNTHETIC_SIMULATION,SIMULATED_KNOWN_TRUTH,,False,False,representative-multibank-analog-1.0.0+seed.20260809
DEMO-R0226-payments,DEMO-R0226,DEMO-TEAM-16,Payments,tech,Global,mid,established,2025-07-01,2026-06-30,2026-08-09,1066133684.72,1638584768.32,2704718453.04,0.39417548,0.30201743,3.31106719,False,,SYNTHETIC_SIMULATION,SIMULATED_KNOWN_TRUTH,,False,False,representative-multibank-analog-1.0.0+seed.20260809
DEMO-R0226-liquidity,DEMO-R0226,DEMO-TEAM-16,Liquidity,tech,Global,mid,established,2025-07-01,2026-06-30,2026-08-09,280343792.91,1376723891.88,1657067684.78,0.16918065,0.30201743,3.31106719,False,,SYNTHETIC_SIMULATION,SIMULATED_KNOWN_TRUTH,,False,False,representative-multibank-analog-1.0.0+seed.20260809
DEMO-R0226-fx-fx,DEMO-R0226,DEMO-TEAM-16,Cross-border FX,tech,Global,mid,established,2025-07-01,2026-06-30,2026-08-09,1371578382.49,23434169096.63,24805747479.12,0.05529277,0.30201743,3.31106719,False,,SYNTHETIC_SIMULATION,SIMULATED_KNOWN_TRUTH,,False,False,representative-multibank-analog-1.0.0+seed.20260809
DEMO-R0226-trade-finance,DEMO-R0226,DEMO-TEAM-16,Trade finance,tech,Global,mid,established,2025-07-01,2026-06-30,2026-08-09,53472043.22,125072866.15,178544909.37,0.29948792,0.30201743,3.31106719,False,,SYNTHETIC_SIMULATION,SIMULATED_KNOWN_TRUTH,,False,False,representative-multibank-analog-1.0.0+seed.20260809
DEMO-R0227-collections,DEMO-R0227,DEMO-TEAM-17,Collections,mining,Rest of Africa,mid,established,2025-07-01,2026-06-30,2026-08-09,2553947360.97,5823469040.39,8377416401.37,0.30486098,0.36273458,2.75683672,False,,SYNTHETIC_SIMULATION,SIMULATED_KNOWN_TRUTH,,False,False,representative-multibank-analog-1.0.0+seed.20260809
DEMO-R0227-payments,DEMO-R0227,DEMO-TEAM-17,Payments,mining,Rest of Africa,mid,established,2025-07-01,2026-06-30,2026-08-09,1053927683.85,2019692385.62,3073620069.47,0.34289459,0.36273458,2.75683672,False,,SYNTHETIC_SIMULATION,SIMULATED_KNOWN_TRUTH,,False,False,representative-multibank-analog-1.0.0+seed.20260809
DEMO-R0227-liquidity,DEMO-R0227,DEMO-TEAM-17,Liquidity,mining,Rest of Africa,mid,established,2025-07-01,2026-06-30,2026-08-09,682490621.95,1014830974.12,1697321596.07,0.40209859,0.36273458,2.75683672,False,,SYNTHETIC_SIMULATION,SIMULATED_KNOWN_TRUTH,,False,False,representative-multibank-analog-1.0.0+seed.20260809
DEMO-R0227-fx-fx,DEMO-R0227,DEMO-TEAM-17,Cross-border FX,mining,Rest of Africa,mid,established,2025-07-01,2026-06-30,2026-08-09,1303867056.54,1532550314.79,2836417371.33,0.45968801,0.36273458,2.75683672,False,,SYNTHETIC_SIMULATION,SIMULATED_KNOWN_TRUTH,,False,False,representative-multibank-analog-1.0.0+seed.20260809
DEMO-R0227-trade-finance,DEMO-R0227,DEMO-TEAM-17,Trade finance,mining,Rest of Africa,mid,established,2025-07-01,2026-06-30,2026-08-09,1052651161.87,13004793300.12,14057444461.98,0.07488211,0.36273458,2.75683672,False,,SYNTHETIC_SIMULATION,SIMULATED_KNOWN_TRUTH,,False,False,representative-multibank-analog-1.0.0+seed.20260809
DEMO-R0228-collections,DEMO-R0228,DEMO-TEAM-18,Collections,mining,Global,mid,new,2025-07-01,2026-06-30,2026-08-09,1005152619.09,1743029314.62,2748181933.71,0.36575185,0.32467989,3.07995673,False,,SYNTHETIC_SIMULATION,SIMULATED_KNOWN_TRUTH,,False,False,representative-multibank-analog-1.0.0+seed.20260809
DEMO-R0228-payments,DEMO-R0228,DEMO-TEAM-18,Payments,mining,Global,mid,new,2025-07-01,2026-06-30,2026-08-09,613431503.66,1278721868.88,1892153372.54,0.32419756,0.32467989,3.07995673,False,,SYNTHETIC_SIMULATION,SIMULATED_KNOWN_TRUTH,,False,False,representative-multibank-analog-1.0.0+seed.20260809
DEMO-R0228-liquidity,DEMO-R0228,DEMO-TEAM-18,Liquidity,mining,Global,mid,new,2025-07-01,2026-06-30,2026-08-09,603905682.71,2686228886.19,3290134568.9,0.18355045,0.32467989,3.07995673,False,,SYNTHETIC_SIMULATION,SIMULATED_KNOWN_TRUTH,,False,False,representative-multibank-analog-1.0.0+seed.20260809
DEMO-R0228-fx-fx,DEMO-R0228,DEMO-TEAM-18,Cross-border FX,mining,Global,mid,new,2025-07-01,2026-06-30,2026-08-09,365363282.14,572513345.62,937876627.76,0.38956433,0.32467989,3.07995673,False,,SYNTHETIC_SIMULATION,SIMULATED_KNOWN_TRUTH,,False,False,representative-multibank-analog-1.0.0+seed.20260809
DEMO-R0228-trade-finance,DEMO-R0228,DEMO-TEAM-18,Trade finance,mining,Global,mid,new,2025-07-01,2026-06-30,2026-08-09,147312616.64,687624127.64,834936744.27,0.17643566,0.32467989,3.07995673,False,,SYNTHETIC_SIMULATION,SIMULATED_KNOWN_TRUTH,,False,False,representative-multibank-analog-1.0.0+seed.20260809
DEMO-R0229-collections,DEMO-R0229,DEMO-TEAM-19,Collections,mining,Rest of Africa,large,new,2025-07-01,2026-06-30,2026-08-09,1703585593.49,1103070304.5,2806655897.99,0.60698057,0.48834347,2.04773906,False,,SYNTHETIC_SIMULATION,SIMULATED_KNOWN_TRUTH,,False,False,representative-multibank-analog-1.0.0+seed.20260809
DEMO-R0229-payments,DEMO-R0229,DEMO-TEAM-19,Payments,mining,Rest of Africa,large,new,2025-07-01,2026-06-30,2026-08-09,2424977070.02,7540650331.43,9965627401.45,0.24333411,0.48834347,2.04773906,False,,SYNTHETIC_SIMULATION,SIMULATED_KNOWN_TRUTH,,False,False,representative-multibank-analog-1.0.0+seed.20260809
DEMO-R0229-liquidity,DEMO-R0229,DEMO-TEAM-19,Liquidity,mining,Rest of Africa,large,new,2025-07-01,2026-06-30,2026-08-09,1181572278.53,4000476311.28,5182048589.81,0.22801258,0.48834347,2.04773906,False,,SYNTHETIC_SIMULATION,SIMULATED_KNOWN_TRUTH,,False,False,representative-multibank-analog-1.0.0+seed.20260809
DEMO-R0229-fx-fx,DEMO-R0229,DEMO-TEAM-19,Cross-border FX,mining,Rest of Africa,large,new,2025-07-01,2026-06-30,2026-08-09,898051014.25,2968504485.81,3866555500.06,0.23226125,0.48834347,2.04773906,False,,SYNTHETIC_SIMULATION,SIMULATED_KNOWN_TRUTH,,False,False,representative-multibank-analog-1.0.0+seed.20260809
DEMO-R0229-trade-finance,DEMO-R0229,DEMO-TEAM-19,Trade finance,mining,Rest of Africa,large,new,2025-07-01,2026-06-30,2026-08-09,797205264.52,2499281136.47,3296486400.98,0.24183484,0.48834347,2.04773906,False,,SYNTHETIC_SIMULATION,SIMULATED_KNOWN_TRUTH,,False,False,representative-multibank-analog-1.0.0+seed.20260809
DEMO-R0230-collections,DEMO-R0230,DEMO-TEAM-20,Collections,insurance,South Africa,mid,developing,2025-07-01,2026-06-30,2026-08-09,1634068040.6,1673393025.24,3307461065.84,0.49405511,0.31292424,3.19566168,False,,SYNTHETIC_SIMULATION,SIMULATED_KNOWN_TRUTH,,False,False,representative-multibank-analog-1.0.0+seed.20260809
DEMO-R0230-payments,DEMO-R0230,DEMO-TEAM-20,Payments,insurance,South Africa,mid,developing,2025-07-01,2026-06-30,2026-08-09,1156511616.79,1894982245.54,3051493862.33,0.37899851,0.31292424,3.19566168,False,,SYNTHETIC_SIMULATION,SIMULATED_KNOWN_TRUTH,,False,False,representative-multibank-analog-1.0.0+seed.20260809
DEMO-R0230-liquidity,DEMO-R0230,DEMO-TEAM-20,Liquidity,insurance,South Africa,mid,developing,2025-07-01,2026-06-30,2026-08-09,1471159005.92,3097168109.58,4568327115.5,0.32203451,0.31292424,3.19566168,False,,SYNTHETIC_SIMULATION,SIMULATED_KNOWN_TRUTH,,False,False,representative-multibank-analog-1.0.0+seed.20260809
DEMO-R0230-fx-fx,DEMO-R0230,DEMO-TEAM-20,Cross-border FX,insurance,South Africa,mid,developing,2025-07-01,2026-06-30,2026-08-09,541816415.55,1248299141.77,1790115557.33,0.3026712,0.31292424,3.19566168,False,,SYNTHETIC_SIMULATION,SIMULATED_KNOWN_TRUTH,,False,False,representative-multibank-analog-1.0.0+seed.20260809
DEMO-R0230-trade-finance,DEMO-R0230,DEMO-TEAM-20,Trade finance,insurance,South Africa,mid,developing,2025-07-01,2026-06-30,2026-08-09,23462519.76,89015932.93,112478452.69,0.20859568,0.31292424,3.19566168,False,,SYNTHETIC_SIMULATION,SIMULATED_KNOWN_TRUTH,,False,False,representative-multibank-analog-1.0.0+seed.20260809
DEMO-R0231-collections,DEMO-R0231,DEMO-TEAM-21,Collections,consumer,Global,large,established,2025-07-01,2026-06-30,2026-08-09,10430014382.0,29588048953.11,40018063335.12,0.26063266,0.48026286,2.08219308,False,,SYNTHETIC_SIMULATION,SIMULATED_KNOWN_TRUTH,,False,False,representative-multibank-analog-1.0.0+seed.20260809
DEMO-R0231-payments,DEMO-R0231,DEMO-TEAM-21,Payments,consumer,Global,large,established,2025-07-01,2026-06-30,2026-08-09,21234605247.16,66203113655.96,87437718903.12,0.24285406,0.48026286,2.08219308,False,,SYNTHETIC_SIMULATION,SIMULATED_KNOWN_TRUTH,,False,False,representative-multibank-analog-1.0.0+seed.20260809
DEMO-R0231-liquidity,DEMO-R0231,DEMO-TEAM-21,Liquidity,consumer,Global,large,established,2025-07-01,2026-06-30,2026-08-09,13408223294.6,72955332694.0,86363555988.6,0.15525326,0.48026286,2.08219308,False,,SYNTHETIC_SIMULATION,SIMULATED_KNOWN_TRUTH,,False,False,representative-multibank-analog-1.0.0+seed.20260809
DEMO-R0231-fx-fx,DEMO-R0231,DEMO-TEAM-21,Cross-border FX,consumer,Global,large,established,2025-07-01,2026-06-30,2026-08-09,11633883428.63,59941267904.16,71575151332.79,0.16254081,0.48026286,2.08219308,False,,SYNTHETIC_SIMULATION,SIMULATED_KNOWN_TRUTH,,False,False,representative-multibank-analog-1.0.0+seed.20260809
DEMO-R0231-trade-finance,DEMO-R0231,DEMO-TEAM-21,Trade finance,consumer,Global,large,established,2025-07-01,2026-06-30,2026-08-09,6009641911.14,27655216392.08,33664858303.22,0.1785138,0.48026286,2.08219308,False,,SYNTHETIC_SIMULATION,SIMULATED_KNOWN_TRUTH,,False,False,representative-multibank-analog-1.0.0+seed.20260809
DEMO-R0232-collections,DEMO-R0232,DEMO-TEAM-22,Collections,consumer,SADC,mid,developing,2025-07-01,2026-06-30,2026-08-09,889080555.06,1799874159.78,2688954714.84,0.3306417,0.27753767,3.60311453,False,,SYNTHETIC_SIMULATION,SIMULATED_KNOWN_TRUTH,,False,False,representative-multibank-analog-1.0.0+seed.20260809
DEMO-R0232-payments,DEMO-R0232,DEMO-TEAM-22,Payments,consumer,SADC,mid,developing,2025-07-01,2026-06-30,2026-08-09,4470904576.86,8814594634.43,13285499211.29,0.33652515,0.27753767,3.60311453,False,,SYNTHETIC_SIMULATION,SIMULATED_KNOWN_TRUTH,,False,False,representative-multibank-analog-1.0.0+seed.20260809
DEMO-R0232-liquidity,DEMO-R0232,DEMO-TEAM-22,Liquidity,consumer,SADC,mid,developing,2025-07-01,2026-06-30,2026-08-09,3176642520.23,3864266036.47,7040908556.69,0.4511694,0.27753767,3.60311453,False,,SYNTHETIC_SIMULATION,SIMULATED_KNOWN_TRUTH,,False,False,representative-multibank-analog-1.0.0+seed.20260809
DEMO-R0232-fx-fx,DEMO-R0232,DEMO-TEAM-22,Cross-border FX,consumer,SADC,mid,developing,2025-07-01,2026-06-30,2026-08-09,1788388851.88,8938431402.9,10726820254.78,0.16672125,0.27753767,3.60311453,False,,SYNTHETIC_SIMULATION,SIMULATED_KNOWN_TRUTH,,False,False,representative-multibank-analog-1.0.0+seed.20260809
DEMO-R0232-trade-finance,DEMO-R0232,DEMO-TEAM-22,Trade finance,consumer,SADC,mid,developing,2025-07-01,2026-06-30,2026-08-09,1512051764.14,3691796207.59,5203847971.73,0.29056417,0.27753767,3.60311453,False,,SYNTHETIC_SIMULATION,SIMULATED_KNOWN_TRUTH,,False,False,representative-multibank-analog-1.0.0+seed.20260809
DEMO-R0233-collections,DEMO-R0233,DEMO-TEAM-23,Collections,consumer,Global,upper_mid,established,2025-07-01,2026-06-30,2026-08-09,2961873867.72,8902274435.59,11864148303.3,0.24964909,0.320268,3.122385,False,,SYNTHETIC_SIMULATION,SIMULATED_KNOWN_TRUTH,,False,False,representative-multibank-analog-1.0.0+seed.20260809
DEMO-R0233-payments,DEMO-R0233,DEMO-TEAM-23,Payments,consumer,Global,upper_mid,established,2025-07-01,2026-06-30,2026-08-09,6111973171.96,8509848823.01,14621821994.97,0.41800353,0.320268,3.122385,False,,SYNTHETIC_SIMULATION,SIMULATED_KNOWN_TRUTH,,False,False,representative-multibank-analog-1.0.0+seed.20260809
DEMO-R0233-liquidity,DEMO-R0233,DEMO-TEAM-23,Liquidity,consumer,Global,upper_mid,established,2025-07-01,2026-06-30,2026-08-09,6733305240.52,14178371546.72,20911676787.25,0.32198782,0.320268,3.122385,False,,SYNTHETIC_SIMULATION,SIMULATED_KNOWN_TRUTH,,False,False,representative-multibank-analog-1.0.0+seed.20260809
DEMO-R0233-fx-fx,DEMO-R0233,DEMO-TEAM-23,Cross-border FX,consumer,Global,upper_mid,established,2025-07-01,2026-06-30,2026-08-09,3954480327.71,22641528056.53,26596008384.23,0.14868699,0.320268,3.122385,False,,SYNTHETIC_SIMULATION,SIMULATED_KNOWN_TRUTH,,False,False,representative-multibank-analog-1.0.0+seed.20260809
DEMO-R0233-trade-finance,DEMO-R0233,DEMO-TEAM-23,Trade finance,consumer,Global,upper_mid,established,2025-07-01,2026-06-30,2026-08-09,1844852019.22,20264610856.51,22109462875.73,0.08344174,0.320268,3.122385,False,,SYNTHETIC_SIMULATION,SIMULATED_KNOWN_TRUTH,,False,False,representative-multibank-analog-1.0.0+seed.20260809
DEMO-R0234-collections,DEMO-R0234,DEMO-TEAM-24,Collections,mining,SADC,upper_mid,new,2025-07-01,2026-06-30,2026-08-09,903471657.71,1267102319.22,2170573976.94,0.41623629,0.38233277,2.61552258,False,,SYNTHETIC_SIMULATION,SIMULATED_KNOWN_TRUTH,,False,False,representative-multibank-analog-1.0.0+seed.20260809
DEMO-R0234-payments,DEMO-R0234,DEMO-TEAM-24,Payments,mining,SADC,upper_mid,new,2025-07-01,2026-06-30,2026-08-09,1363351044.15,2226249329.04,3589600373.19,0.3798058,0.38233277,2.61552258,False,,SYNTHETIC_SIMULATION,SIMULATED_KNOWN_TRUTH,,False,False,representative-multibank-analog-1.0.0+seed.20260809
DEMO-R0234-liquidity,DEMO-R0234,DEMO-TEAM-24,Liquidity,mining,SADC,upper_mid,new,2025-07-01,2026-06-30,2026-08-09,945627681.85,3107220861.0,4052848542.84,0.23332421,0.38233277,2.61552258,False,,SYNTHETIC_SIMULATION,SIMULATED_KNOWN_TRUTH,,False,False,representative-multibank-analog-1.0.0+seed.20260809
DEMO-R0234-fx-fx,DEMO-R0234,DEMO-TEAM-24,Cross-border FX,mining,SADC,upper_mid,new,2025-07-01,2026-06-30,2026-08-09,1238481302.37,3375853856.82,4614335159.19,0.26839864,0.38233277,2.61552258,False,,SYNTHETIC_SIMULATION,SIMULATED_KNOWN_TRUTH,,False,False,representative-multibank-analog-1.0.0+seed.20260809
DEMO-R0234-trade-finance,DEMO-R0234,DEMO-TEAM-24,Trade finance,mining,SADC,upper_mid,new,2025-07-01,2026-06-30,2026-08-09,210255719.43,597492725.44,807748444.87,0.26029851,0.38233277,2.61552258,False,,SYNTHETIC_SIMULATION,SIMULATED_KNOWN_TRUTH,,False,False,representative-multibank-analog-1.0.0+seed.20260809
DEMO-R0235-collections,DEMO-R0235,DEMO-TEAM-25,Collections,consumer,Global,large,new,2025-07-01,2026-06-30,2026-08-09,3732721530.85,3729742148.12,7462463678.97,0.50019962,0.48941349,2.04326204,False,,SYNTHETIC_SIMULATION,SIMULATED_KNOWN_TRUTH,,False,False,representative-multibank-analog-1.0.0+seed.20260809
DEMO-R0235-payments,DEMO-R0235,DEMO-TEAM-25,Payments,consumer,Global,large,new,2025-07-01,2026-06-30,2026-08-09,18333564203.88,30434580703.15,48768144907.04,0.37593319,0.48941349,2.04326204,False,,SYNTHETIC_SIMULATION,SIMULATED_KNOWN_TRUTH,,False,False,representative-multibank-analog-1.0.0+seed.20260809
DEMO-R0235-liquidity,DEMO-R0235,DEMO-TEAM-25,Liquidity,consumer,Global,large,new,2025-07-01,2026-06-30,2026-08-09,5844889013.93,14103301983.93,19948190997.87,0.29300346,0.48941349,2.04326204,False,,SYNTHETIC_SIMULATION,SIMULATED_KNOWN_TRUTH,,False,False,representative-multibank-analog-1.0.0+seed.20260809
DEMO-R0235-fx-fx,DEMO-R0235,DEMO-TEAM-25,Cross-border FX,consumer,Global,large,new,2025-07-01,2026-06-30,2026-08-09,8246091762.59,22073740718.78,30319832481.37,0.27197023,0.48941349,2.04326204,False,,SYNTHETIC_SIMULATION,SIMULATED_KNOWN_TRUTH,,False,False,representative-multibank-analog-1.0.0+seed.20260809
DEMO-R0235-trade-finance,DEMO-R0235,DEMO-TEAM-25,Trade finance,consumer,Global,large,new,2025-07-01,2026-06-30,2026-08-09,1688972619.02,8520103586.54,10209076205.57,0.16543834,0.48941349,2.04326204,False,,SYNTHETIC_SIMULATION,SIMULATED_KNOWN_TRUTH,,False,False,representative-multibank-analog-1.0.0+seed.20260809
DEMO-R0236-collections,DEMO-R0236,DEMO-TEAM-26,Collections,tech,South Africa,mid,new,2025-07-01,2026-06-30,2026-08-09,277396616.54,938380803.29,1215777419.83,0.22816398,0.25601788,3.90597717,False,,SYNTHETIC_SIMULATION,SIMULATED_KNOWN_TRUTH,,False,False,representative-multibank-analog-1.0.0+seed.20260809
DEMO-R0236-payments,DEMO-R0236,DEMO-TEAM-26,Payments,tech,South Africa,mid,new,2025-07-01,2026-06-30,2026-08-09,515641251.94,789052079.15,1304693331.08,0.39522027,0.25601788,3.90597717,False,,SYNTHETIC_SIMULATION,SIMULATED_KNOWN_TRUTH,,False,False,representative-multibank-analog-1.0.0+seed.20260809
DEMO-R0236-liquidity,DEMO-R0236,DEMO-TEAM-26,Liquidity,tech,South Africa,mid,new,2025-07-01,2026-06-30,2026-08-09,192083285.06,778250867.28,970334152.34,0.19795581,0.25601788,3.90597717,False,,SYNTHETIC_SIMULATION,SIMULATED_KNOWN_TRUTH,,False,False,representative-multibank-analog-1.0.0+seed.20260809
DEMO-R0236-fx-fx,DEMO-R0236,DEMO-TEAM-26,Cross-border FX,tech,South Africa,mid,new,2025-07-01,2026-06-30,2026-08-09,513016598.35,1239857386.14,1752873984.49,0.29267169,0.25601788,3.90597717,False,,SYNTHETIC_SIMULATION,SIMULATED_KNOWN_TRUTH,,False,False,representative-multibank-analog-1.0.0+seed.20260809
DEMO-R0236-trade-finance,DEMO-R0236,DEMO-TEAM-26,Trade finance,tech,South Africa,mid,new,2025-07-01,2026-06-30,2026-08-09,11476891.43,27708970.94,39185862.37,0.29288347,0.25601788,3.90597717,False,,SYNTHETIC_SIMULATION,SIMULATED_KNOWN_TRUTH,,False,False,representative-multibank-analog-1.0.0+seed.20260809
DEMO-R0237-collections,DEMO-R0237,DEMO-TEAM-27,Collections,real_estate,South Africa,mid,developing,2025-07-01,2026-06-30,2026-08-09,4237769.18,8867670.19,13105439.37,0.32335957,0.30345241,3.29540968,False,,SYNTHETIC_SIMULATION,SIMULATED_KNOWN_TRUTH,,False,False,representative-multibank-analog-1.0.0+seed.20260809
DEMO-R0237-payments,DEMO-R0237,DEMO-TEAM-27,Payments,real_estate,South Africa,mid,developing,2025-07-01,2026-06-30,2026-08-09,11148161.77,15431145.95,26579307.72,0.4194301,0.30345241,3.29540968,False,,SYNTHETIC_SIMULATION,SIMULATED_KNOWN_TRUTH,,False,False,representative-multibank-analog-1.0.0+seed.20260809
DEMO-R0237-liquidity,DEMO-R0237,DEMO-TEAM-27,Liquidity,real_estate,South Africa,mid,developing,2025-07-01,2026-06-30,2026-08-09,6062650.26,18890525.5,24953175.76,0.24296107,0.30345241,3.29540968,False,,SYNTHETIC_SIMULATION,SIMULATED_KNOWN_TRUTH,,False,False,representative-multibank-analog-1.0.0+seed.20260809
DEMO-R0237-fx-fx,DEMO-R0237,DEMO-TEAM-27,Cross-border FX,real_estate,South Africa,mid,developing,2025-07-01,2026-06-30,2026-08-09,52165742.89,73565441.26,125731184.15,0.414899,0.30345241,3.29540968,False,,SYNTHETIC_SIMULATION,SIMULATED_KNOWN_TRUTH,,False,False,representative-multibank-analog-1.0.0+seed.20260809
DEMO-R0237-trade-finance,DEMO-R0237,DEMO-TEAM-27,Trade finance,real_estate,South Africa,mid,developing,2025-07-01,2026-06-30,2026-08-09,2509945.14,5430431.9,7940377.04,0.31609899,0.30345241,3.29540968,False,,SYNTHETIC_SIMULATION,SIMULATED_KNOWN_TRUTH,,False,False,representative-multibank-analog-1.0.0+seed.20260809
DEMO-R0238-collections,DEMO-R0238,DEMO-TEAM-28,Collections,mining,South Africa,upper_mid,new,2025-07-01,2026-06-30,2026-08-09,1232376385.06,3001770499.56,4234146884.61,0.2910566,0.36297485,2.75501182,False,,SYNTHETIC_SIMULATION,SIMULATED_KNOWN_TRUTH,,False,False,representative-multibank-analog-1.0.0+seed.20260809
DEMO-R0238-payments,DEMO-R0238,DEMO-TEAM-28,Payments,mining,South Africa,upper_mid,new,2025-07-01,2026-06-30,2026-08-09,1203341159.84,9911745344.9,11115086504.74,0.10826197,0.36297485,2.75501182,False,,SYNTHETIC_SIMULATION,SIMULATED_KNOWN_TRUTH,,False,False,representative-multibank-analog-1.0.0+seed.20260809
DEMO-R0238-liquidity,DEMO-R0238,DEMO-TEAM-28,Liquidity,mining,South Africa,upper_mid,new,2025-07-01,2026-06-30,2026-08-09,1871208934.24,3078350046.46,4949558980.7,0.37805569,0.36297485,2.75501182,False,,SYNTHETIC_SIMULATION,SIMULATED_KNOWN_TRUTH,,False,False,representative-multibank-analog-1.0.0+seed.20260809
DEMO-R0238-fx-fx,DEMO-R0238,DEMO-TEAM-28,Cross-border FX,mining,South Africa,upper_mid,new,2025-07-01,2026-06-30,2026-08-09,709108727.24,3287864471.64,3996973198.88,0.17741143,0.36297485,2.75501182,False,,SYNTHETIC_SIMULATION,SIMULATED_KNOWN_TRUTH,,False,False,representative-multibank-analog-1.0.0+seed.20260809
DEMO-R0238-trade-finance,DEMO-R0238,DEMO-TEAM-28,Trade finance,mining,South Africa,upper_mid,new,2025-07-01,2026-06-30,2026-08-09,451297991.03,1087618801.99,1538916793.03,0.29325691,0.36297485,2.75501182,False,,SYNTHETIC_SIMULATION,SIMULATED_KNOWN_TRUTH,,False,False,representative-multibank-analog-1.0.0+seed.20260809
DEMO-R0239-collections,DEMO-R0239,DEMO-TEAM-29,Collections,mining,Global,upper_mid,established,2025-07-01,2026-06-30,2026-08-09,1374911304.73,5261347067.31,6636258372.04,0.2071817,0.41967281,2.38280862,False,,SYNTHETIC_SIMULATION,SIMULATED_KNOWN_TRUTH,,False,False,representative-multibank-analog-1.0.0+seed.20260809
DEMO-R0239-payments,DEMO-R0239,DEMO-TEAM-29,Payments,mining,Global,upper_mid,established,2025-07-01,2026-06-30,2026-08-09,736516737.98,1214915944.98,1951432682.96,0.37742359,0.41967281,2.38280862,False,,SYNTHETIC_SIMULATION,SIMULATED_KNOWN_TRUTH,,False,False,representative-multibank-analog-1.0.0+seed.20260809
DEMO-R0239-liquidity,DEMO-R0239,DEMO-TEAM-29,Liquidity,mining,Global,upper_mid,established,2025-07-01,2026-06-30,2026-08-09,1372911175.01,1384095723.49,2757006898.5,0.49797161,0.41967281,2.38280862,False,,SYNTHETIC_SIMULATION,SIMULATED_KNOWN_TRUTH,,False,False,representative-multibank-analog-1.0.0+seed.20260809
DEMO-R0239-fx-fx,DEMO-R0239,DEMO-TEAM-29,Cross-border FX,mining,Global,upper_mid,established,2025-07-01,2026-06-30,2026-08-09,1485611100.89,5071986798.25,6557597899.14,0.22654806,0.41967281,2.38280862,False,,SYNTHETIC_SIMULATION,SIMULATED_KNOWN_TRUTH,,False,False,representative-multibank-analog-1.0.0+seed.20260809
DEMO-R0239-trade-finance,DEMO-R0239,DEMO-TEAM-29,Trade finance,mining,Global,upper_mid,established,2025-07-01,2026-06-30,2026-08-09,445908152.53,7999713597.61,8445621750.14,0.05279755,0.41967281,2.38280862,False,,SYNTHETIC_SIMULATION,SIMULATED_KNOWN_TRUTH,,False,False,representative-multibank-analog-1.0.0+seed.20260809
DEMO-R0240-collections,DEMO-R0240,DEMO-TEAM-30,Collections,consumer,Rest of Africa,mid,established,2025-07-01,2026-06-30,2026-08-09,1158893281.94,910290099.48,2069183381.41,0.56007278,0.35895636,2.785854,False,,SYNTHETIC_SIMULATION,SIMULATED_KNOWN_TRUTH,,False,False,representative-multibank-analog-1.0.0+seed.20260809
DEMO-R0240-payments,DEMO-R0240,DEMO-TEAM-30,Payments,consumer,Rest of Africa,mid,established,2025-07-01,2026-06-30,2026-08-09,7846164826.78,12366403200.47,20212568027.26,0.38818248,0.35895636,2.785854,False,,SYNTHETIC_SIMULATION,SIMULATED_KNOWN_TRUTH,,False,False,representative-multibank-analog-1.0.0+seed.20260809
DEMO-R0240-liquidity,DEMO-R0240,DEMO-TEAM-30,Liquidity,consumer,Rest of Africa,mid,established,2025-07-01,2026-06-30,2026-08-09,1436586484.73,4568297010.64,6004883495.37,0.23923636,0.35895636,2.785854,False,,SYNTHETIC_SIMULATION,SIMULATED_KNOWN_TRUTH,,False,False,representative-multibank-analog-1.0.0+seed.20260809
DEMO-R0240-fx-fx,DEMO-R0240,DEMO-TEAM-30,Cross-border FX,consumer,Rest of Africa,mid,established,2025-07-01,2026-06-30,2026-08-09,1135773120.77,1199984624.34,2335757745.11,0.48625467,0.35895636,2.785854,False,,SYNTHETIC_SIMULATION,SIMULATED_KNOWN_TRUTH,,False,False,representative-multibank-analog-1.0.0+seed.20260809
DEMO-R0240-trade-finance,DEMO-R0240,DEMO-TEAM-30,Trade finance,consumer,Rest of Africa,mid,established,2025-07-01,2026-06-30,2026-08-09,824867358.37,1380464224.2,2205331582.57,0.37403326,0.35895636,2.785854,False,,SYNTHETIC_SIMULATION,SIMULATED_KNOWN_TRUTH,,False,False,representative-multibank-analog-1.0.0+seed.20260809
DEMO-R0241-collections,DEMO-R0241,DEMO-TEAM-01,Collections,tech,South Africa,mid,developing,2025-07-01,2026-06-30,2026-08-09,154490397.94,665843364.62,820333762.56,0.18832627,0.34171521,2.92641351,False,,SYNTHETIC_SIMULATION,SIMULATED_KNOWN_TRUTH,,False,False,representative-multibank-analog-1.0.0+seed.20260809
DEMO-R0241-payments,DEMO-R0241,DEMO-TEAM-01,Payments,tech,South Africa,mid,developing,2025-07-01,2026-06-30,2026-08-09,625224486.21,949525311.49,1574749797.7,0.397031,0.34171521,2.92641351,False,,SYNTHETIC_SIMULATION,SIMULATED_KNOWN_TRUTH,,False,False,representative-multibank-analog-1.0.0+seed.20260809
DEMO-R0241-liquidity,DEMO-R0241,DEMO-TEAM-01,Liquidity,tech,South Africa,mid,developing,2025-07-01,2026-06-30,2026-08-09,461399214.46,2295358422.26,2756757636.71,0.16737025,0.34171521,2.92641351,False,,SYNTHETIC_SIMULATION,SIMULATED_KNOWN_TRUTH,,False,False,representative-multibank-analog-1.0.0+seed.20260809
DEMO-R0241-fx-fx,DEMO-R0241,DEMO-TEAM-01,Cross-border FX,tech,South Africa,mid,developing,2025-07-01,2026-06-30,2026-08-09,796641447.6,1504930947.36,2301572394.96,0.34612922,0.34171521,2.92641351,False,,SYNTHETIC_SIMULATION,SIMULATED_KNOWN_TRUTH,,False,False,representative-multibank-analog-1.0.0+seed.20260809
DEMO-R0241-trade-finance,DEMO-R0241,DEMO-TEAM-01,Trade finance,tech,South Africa,mid,developing,2025-07-01,2026-06-30,2026-08-09,25778367.32,156488407.55,182266774.88,0.14143207,0.34171521,2.92641351,False,,SYNTHETIC_SIMULATION,SIMULATED_KNOWN_TRUTH,,False,False,representative-multibank-analog-1.0.0+seed.20260809
DEMO-R0242-collections,DEMO-R0242,DEMO-TEAM-02,Collections,mining,SADC,large,developing,2025-07-01,2026-06-30,2026-08-09,2320151006.57,3881066647.54,6201217654.1,0.37414442,0.51923696,1.92590298,False,,SYNTHETIC_SIMULATION,SIMULATED_KNOWN_TRUTH,,False,False,representative-multibank-analog-1.0.0+seed.20260809
DEMO-R0242-payments,DEMO-R0242,DEMO-TEAM-02,Payments,mining,SADC,large,developing,2025-07-01,2026-06-30,2026-08-09,7124907012.67,6006803580.55,13131710593.23,0.54257265,0.51923696,1.92590298,False,,SYNTHETIC_SIMULATION,SIMULATED_KNOWN_TRUTH,,False,False,representative-multibank-analog-1.0.0+seed.20260809
DEMO-R0242-liquidity,DEMO-R0242,DEMO-TEAM-02,Liquidity,mining,SADC,large,developing,2025-07-01,2026-06-30,2026-08-09,2058458760.89,4737578692.46,6796037453.34,0.30289103,0.51923696,1.92590298,False,,SYNTHETIC_SIMULATION,SIMULATED_KNOWN_TRUTH,,False,False,representative-multibank-analog-1.0.0+seed.20260809
DEMO-R0242-fx-fx,DEMO-R0242,DEMO-TEAM-02,Cross-border FX,mining,SADC,large,developing,2025-07-01,2026-06-30,2026-08-09,985432002.56,2558986070.67,3544418073.23,0.27802364,0.51923696,1.92590298,False,,SYNTHETIC_SIMULATION,SIMULATED_KNOWN_TRUTH,,False,False,representative-multibank-analog-1.0.0+seed.20260809
DEMO-R0242-trade-finance,DEMO-R0242,DEMO-TEAM-02,Trade finance,mining,SADC,large,developing,2025-07-01,2026-06-30,2026-08-09,441655049.04,3084919457.42,3526574506.46,0.12523627,0.51923696,1.92590298,False,,SYNTHETIC_SIMULATION,SIMULATED_KNOWN_TRUTH,,False,False,representative-multibank-analog-1.0.0+seed.20260809
DEMO-R0243-collections,DEMO-R0243,DEMO-TEAM-03,Collections,consumer,South Africa,mid,new,2025-07-01,2026-06-30,2026-08-09,869699306.71,1977025366.07,2846724672.78,0.30550875,0.26502912,3.77317029,False,,SYNTHETIC_SIMULATION,SIMULATED_KNOWN_TRUTH,,False,False,representative-multibank-analog-1.0.0+seed.20260809
DEMO-R0243-payments,DEMO-R0243,DEMO-TEAM-03,Payments,consumer,South Africa,mid,new,2025-07-01,2026-06-30,2026-08-09,3434700556.12,14240164362.55,17674864918.68,0.19432683,0.26502912,3.77317029,False,,SYNTHETIC_SIMULATION,SIMULATED_KNOWN_TRUTH,,False,False,representative-multibank-analog-1.0.0+seed.20260809
DEMO-R0243-liquidity,DEMO-R0243,DEMO-TEAM-03,Liquidity,consumer,South Africa,mid,new,2025-07-01,2026-06-30,2026-08-09,1626184113.74,1991888346.08,3618072459.82,0.44946146,0.26502912,3.77317029,False,,SYNTHETIC_SIMULATION,SIMULATED_KNOWN_TRUTH,,False,False,representative-multibank-analog-1.0.0+seed.20260809
DEMO-R0243-fx-fx,DEMO-R0243,DEMO-TEAM-03,Cross-border FX,consumer,South Africa,mid,new,2025-07-01,2026-06-30,2026-08-09,1700723817.72,14720605477.4,16421329295.12,0.10356797,0.26502912,3.77317029,False,,SYNTHETIC_SIMULATION,SIMULATED_KNOWN_TRUTH,,False,False,representative-multibank-analog-1.0.0+seed.20260809
DEMO-R0243-trade-finance,DEMO-R0243,DEMO-TEAM-03,Trade finance,consumer,South Africa,mid,new,2025-07-01,2026-06-30,2026-08-09,968649820.86,2160147598.98,3128797419.84,0.30959173,0.26502912,3.77317029,False,,SYNTHETIC_SIMULATION,SIMULATED_KNOWN_TRUTH,,False,False,representative-multibank-analog-1.0.0+seed.20260809
DEMO-R0244-collections,DEMO-R0244,DEMO-TEAM-04,Collections,tech,South Africa,upper_mid,established,2025-07-01,2026-06-30,2026-08-09,1025408284.0,2053376912.06,3078785196.06,0.33305613,0.3999475,2.50032817,False,,SYNTHETIC_SIMULATION,SIMULATED_KNOWN_TRUTH,,False,False,representative-multibank-analog-1.0.0+seed.20260809
DEMO-R0244-payments,DEMO-R0244,DEMO-TEAM-04,Payments,tech,South Africa,upper_mid,established,2025-07-01,2026-06-30,2026-08-09,1573832145.95,1573006247.26,3146838393.21,0.50013123,0.3999475,2.50032817,False,,SYNTHETIC_SIMULATION,SIMULATED_KNOWN_TRUTH,,False,False,representative-multibank-analog-1.0.0+seed.20260809
DEMO-R0244-liquidity,DEMO-R0244,DEMO-TEAM-04,Liquidity,tech,South Africa,upper_mid,established,2025-07-01,2026-06-30,2026-08-09,2397512711.12,8287977654.08,10685490365.21,0.22437086,0.3999475,2.50032817,False,,SYNTHETIC_SIMULATION,SIMULATED_KNOWN_TRUTH,,False,False,representative-multibank-analog-1.0.0+seed.20260809
DEMO-R0244-fx-fx,DEMO-R0244,DEMO-TEAM-04,Cross-border FX,tech,South Africa,upper_mid,established,2025-07-01,2026-06-30,2026-08-09,1925860508.76,4261150494.41,6187011003.17,0.31127478,0.3999475,2.50032817,False,,SYNTHETIC_SIMULATION,SIMULATED_KNOWN_TRUTH,,False,False,representative-multibank-analog-1.0.0+seed.20260809
DEMO-R0244-trade-finance,DEMO-R0244,DEMO-TEAM-04,Trade finance,tech,South Africa,upper_mid,established,2025-07-01,2026-06-30,2026-08-09,66072387.8,355484945.75,421557333.55,0.15673405,0.3999475,2.50032817,False,,SYNTHETIC_SIMULATION,SIMULATED_KNOWN_TRUTH,,False,False,representative-multibank-analog-1.0.0+seed.20260809
DEMO-R0245-collections,DEMO-R0245,DEMO-TEAM-05,Collections,mining,Rest of Africa,large,established,2025-07-01,2026-06-30,2026-08-09,4135885058.47,16685588535.49,20821473593.97,0.19863556,0.55973492,1.78655996,False,,SYNTHETIC_SIMULATION,SIMULATED_KNOWN_TRUTH,,False,False,representative-multibank-analog-1.0.0+seed.20260809
DEMO-R0245-payments,DEMO-R0245,DEMO-TEAM-05,Payments,mining,Rest of Africa,large,established,2025-07-01,2026-06-30,2026-08-09,2743800742.04,6310586827.39,9054387569.43,0.30303549,0.55973492,1.78655996,False,,SYNTHETIC_SIMULATION,SIMULATED_KNOWN_TRUTH,,False,False,representative-multibank-analog-1.0.0+seed.20260809
DEMO-R0245-liquidity,DEMO-R0245,DEMO-TEAM-05,Liquidity,mining,Rest of Africa,large,established,2025-07-01,2026-06-30,2026-08-09,7913935501.76,10341172358.62,18255107860.38,0.43351897,0.55973492,1.78655996,False,,SYNTHETIC_SIMULATION,SIMULATED_KNOWN_TRUTH,,False,False,representative-multibank-analog-1.0.0+seed.20260809
DEMO-R0245-fx-fx,DEMO-R0245,DEMO-TEAM-05,Cross-border FX,mining,Rest of Africa,large,established,2025-07-01,2026-06-30,2026-08-09,2653816716.6,17609468042.5,20263284759.1,0.13096676,0.55973492,1.78655996,False,,SYNTHETIC_SIMULATION,SIMULATED_KNOWN_TRUTH,,False,False,representative-multibank-analog-1.0.0+seed.20260809
DEMO-R0245-trade-finance,DEMO-R0245,DEMO-TEAM-05,Trade finance,mining,Rest of Africa,large,established,2025-07-01,2026-06-30,2026-08-09,2590285548.46,13006543212.17,15596828760.63,0.16607771,0.55973492,1.78655996,False,,SYNTHETIC_SIMULATION,SIMULATED_KNOWN_TRUTH,,False,False,representative-multibank-analog-1.0.0+seed.20260809
DEMO-R0246-collections,DEMO-R0246,DEMO-TEAM-06,Collections,mining,South Africa,upper_mid,developing,2025-07-01,2026-06-30,2026-08-09,688504136.52,419787104.32,1108291240.85,0.62123033,0.42657114,2.34427487,False,,SYNTHETIC_SIMULATION,SIMULATED_KNOWN_TRUTH,,False,False,representative-multibank-analog-1.0.0+seed.20260809
DEMO-R0246-payments,DEMO-R0246,DEMO-TEAM-06,Payments,mining,South Africa,upper_mid,developing,2025-07-01,2026-06-30,2026-08-09,2557390342.5,5054865512.47,7612255854.97,0.33595696,0.42657114,2.34427487,False,,SYNTHETIC_SIMULATION,SIMULATED_KNOWN_TRUTH,,False,False,representative-multibank-analog-1.0.0+seed.20260809
DEMO-R0246-liquidity,DEMO-R0246,DEMO-TEAM-06,Liquidity,mining,South Africa,upper_mid,developing,2025-07-01,2026-06-30,2026-08-09,1787863799.92,6174357590.71,7962221390.63,0.22454334,0.42657114,2.34427487,False,,SYNTHETIC_SIMULATION,SIMULATED_KNOWN_TRUTH,,False,False,representative-multibank-analog-1.0.0+seed.20260809
DEMO-R0246-fx-fx,DEMO-R0246,DEMO-TEAM-06,Cross-border FX,mining,South Africa,upper_mid,developing,2025-07-01,2026-06-30,2026-08-09,909997470.89,9075810811.9,9985808282.79,0.09112907,0.42657114,2.34427487,False,,SYNTHETIC_SIMULATION,SIMULATED_KNOWN_TRUTH,,False,False,representative-multibank-analog-1.0.0+seed.20260809
DEMO-R0246-trade-finance,DEMO-R0246,DEMO-TEAM-06,Trade finance,mining,South Africa,upper_mid,developing,2025-07-01,2026-06-30,2026-08-09,385555689.17,397386152.0,782941841.17,0.49244486,0.42657114,2.34427487,False,,SYNTHETIC_SIMULATION,SIMULATED_KNOWN_TRUTH,,False,False,representative-multibank-analog-1.0.0+seed.20260809
DEMO-R0247-collections,DEMO-R0247,DEMO-TEAM-07,Collections,tech,SADC,large,developing,2025-07-01,2026-06-30,2026-08-09,418181274.59,930903992.71,1349085267.3,0.30997394,0.51973964,1.92404028,False,,SYNTHETIC_SIMULATION,SIMULATED_KNOWN_TRUTH,,False,False,representative-multibank-analog-1.0.0+seed.20260809
DEMO-R0247-payments,DEMO-R0247,DEMO-TEAM-07,Payments,tech,SADC,large,developing,2025-07-01,2026-06-30,2026-08-09,1711341707.29,3489157663.56,5200499370.85,0.32907257,0.51973964,1.92404028,False,,SYNTHETIC_SIMULATION,SIMULATED_KNOWN_TRUTH,,False,False,representative-multibank-analog-1.0.0+seed.20260809
DEMO-R0247-liquidity,DEMO-R0247,DEMO-TEAM-07,Liquidity,tech,SADC,large,developing,2025-07-01,2026-06-30,2026-08-09,1666522016.79,1435691889.41,3102213906.2,0.5372041,0.51973964,1.92404028,False,,SYNTHETIC_SIMULATION,SIMULATED_KNOWN_TRUTH,,False,False,representative-multibank-analog-1.0.0+seed.20260809
DEMO-R0247-fx-fx,DEMO-R0247,DEMO-TEAM-07,Cross-border FX,tech,SADC,large,developing,2025-07-01,2026-06-30,2026-08-09,5517977005.31,8236320104.7,13754297110.02,0.40118204,0.51973964,1.92404028,False,,SYNTHETIC_SIMULATION,SIMULATED_KNOWN_TRUTH,,False,False,representative-multibank-analog-1.0.0+seed.20260809
DEMO-R0247-trade-finance,DEMO-R0247,DEMO-TEAM-07,Trade finance,tech,SADC,large,developing,2025-07-01,2026-06-30,2026-08-09,71783683.81,168699473.4,240483157.2,0.29849776,0.51973964,1.92404028,False,,SYNTHETIC_SIMULATION,SIMULATED_KNOWN_TRUTH,,False,False,representative-multibank-analog-1.0.0+seed.20260809
DEMO-R0248-collections,DEMO-R0248,DEMO-TEAM-08,Collections,mining,South Africa,mid,new,2025-07-01,2026-06-30,2026-08-09,804674057.18,893074257.09,1697748314.27,0.47396546,0.31466087,3.17802464,False,,SYNTHETIC_SIMULATION,SIMULATED_KNOWN_TRUTH,,False,False,representative-multibank-analog-1.0.0+seed.20260809
DEMO-R0248-payments,DEMO-R0248,DEMO-TEAM-08,Payments,mining,South Africa,mid,new,2025-07-01,2026-06-30,2026-08-09,505099194.62,867254439.86,1372353634.49,0.36805323,0.31466087,3.17802464,False,,SYNTHETIC_SIMULATION,SIMULATED_KNOWN_TRUTH,,False,False,representative-multibank-analog-1.0.0+seed.20260809
DEMO-R0248-liquidity,DEMO-R0248,DEMO-TEAM-08,Liquidity,mining,South Africa,mid,new,2025-07-01,2026-06-30,2026-08-09,363358630.33,874820542.67,1238179173.0,0.29346208,0.31466087,3.17802464,False,,SYNTHETIC_SIMULATION,SIMULATED_KNOWN_TRUTH,,False,False,representative-multibank-analog-1.0.0+seed.20260809
DEMO-R0248-fx-fx,DEMO-R0248,DEMO-TEAM-08,Cross-border FX,mining,South Africa,mid,new,2025-07-01,2026-06-30,2026-08-09,461260739.12,841310412.39,1302571151.5,0.35411558,0.31466087,3.17802464,False,,SYNTHETIC_SIMULATION,SIMULATED_KNOWN_TRUTH,,False,False,representative-multibank-analog-1.0.0+seed.20260809
DEMO-R0248-trade-finance,DEMO-R0248,DEMO-TEAM-08,Trade finance,mining,South Africa,mid,new,2025-07-01,2026-06-30,2026-08-09,324622017.83,1842983905.67,2167605923.5,0.14976062,0.31466087,3.17802464,False,,SYNTHETIC_SIMULATION,SIMULATED_KNOWN_TRUTH,,False,False,representative-multibank-analog-1.0.0+seed.20260809
DEMO-R0249-collections,DEMO-R0249,DEMO-TEAM-09,Collections,mining,SADC,large,established,2025-07-01,2026-06-30,2026-08-09,3644020926.88,8519919399.96,12163940326.84,0.2995757,0.54103309,1.84831577,False,,SYNTHETIC_SIMULATION,SIMULATED_KNOWN_TRUTH,,False,False,representative-multibank-analog-1.0.0+seed.20260809
DEMO-R0249-payments,DEMO-R0249,DEMO-TEAM-09,Payments,mining,SADC,large,established,2025-07-01,2026-06-30,2026-08-09,2586688246.82,3763076197.64,6349764444.47,0.40736759,0.54103309,1.84831577,False,,SYNTHETIC_SIMULATION,SIMULATED_KNOWN_TRUTH,,False,False,representative-multibank-analog-1.0.0+seed.20260809
DEMO-R0249-liquidity,DEMO-R0249,DEMO-TEAM-09,Liquidity,mining,SADC,large,established,2025-07-01,2026-06-30,2026-08-09,1605035730.84,3794123457.33,5399159188.17,0.29727513,0.54103309,1.84831577,False,,SYNTHETIC_SIMULATION,SIMULATED_KNOWN_TRUTH,,False,False,representative-multibank-analog-1.0.0+seed.20260809
DEMO-R0249-fx-fx,DEMO-R0249,DEMO-TEAM-09,Cross-border FX,mining,SADC,large,established,2025-07-01,2026-06-30,2026-08-09,2804987417.79,5656920238.44,8461907656.23,0.33148405,0.54103309,1.84831577,False,,SYNTHETIC_SIMULATION,SIMULATED_KNOWN_TRUTH,,False,False,representative-multibank-analog-1.0.0+seed.20260809
DEMO-R0249-trade-finance,DEMO-R0249,DEMO-TEAM-09,Trade finance,mining,SADC,large,established,2025-07-01,2026-06-30,2026-08-09,2538812248.99,6196929242.49,8735741491.48,0.29062356,0.54103309,1.84831577,False,,SYNTHETIC_SIMULATION,SIMULATED_KNOWN_TRUTH,,False,False,representative-multibank-analog-1.0.0+seed.20260809
DEMO-R0250-collections,DEMO-R0250,DEMO-TEAM-10,Collections,mining,South Africa,large,established,2025-07-01,2026-06-30,2026-08-09,8019718064.6,30930049726.27,38949767790.87,0.205899,0.52713337,1.89705312,False,,SYNTHETIC_SIMULATION,SIMULATED_KNOWN_TRUTH,,False,False,representative-multibank-analog-1.0.0+seed.20260809
DEMO-R0250-payments,DEMO-R0250,DEMO-TEAM-10,Payments,mining,South Africa,large,established,2025-07-01,2026-06-30,2026-08-09,4066071618.97,10965379783.47,15031451402.44,0.27050426,0.52713337,1.89705312,False,,SYNTHETIC_SIMULATION,SIMULATED_KNOWN_TRUTH,,False,False,representative-multibank-analog-1.0.0+seed.20260809
DEMO-R0250-liquidity,DEMO-R0250,DEMO-TEAM-10,Liquidity,mining,South Africa,large,established,2025-07-01,2026-06-30,2026-08-09,4475909908.79,5375244314.95,9851154223.74,0.45435386,0.52713337,1.89705312,False,,SYNTHETIC_SIMULATION,SIMULATED_KNOWN_TRUTH,,False,False,representative-multibank-analog-1.0.0+seed.20260809
DEMO-R0250-fx-fx,DEMO-R0250,DEMO-TEAM-10,Cross-border FX,mining,South Africa,large,established,2025-07-01,2026-06-30,2026-08-09,3477084795.96,9654123412.57,13131208208.53,0.2647955,0.52713337,1.89705312,False,,SYNTHETIC_SIMULATION,SIMULATED_KNOWN_TRUTH,,False,False,representative-multibank-analog-1.0.0+seed.20260809
DEMO-R0250-trade-finance,DEMO-R0250,DEMO-TEAM-10,Trade finance,mining,South Africa,large,established,2025-07-01,2026-06-30,2026-08-09,1400310489.02,4546611448.77,5946921937.79,0.23546811,0.52713337,1.89705312,False,,SYNTHETIC_SIMULATION,SIMULATED_KNOWN_TRUTH,,False,False,representative-multibank-analog-1.0.0+seed.20260809
DEMO-R0251-collections,DEMO-R0251,DEMO-TEAM-11,Collections,telecoms,Rest of Africa,mid,developing,2025-07-01,2026-06-30,2026-08-09,423231948.33,429812054.76,853044003.09,0.49614316,0.2963121,3.37481995,False,,SYNTHETIC_SIMULATION,SIMULATED_KNOWN_TRUTH,,False,False,representative-multibank-analog-1.0.0+seed.20260809
DEMO-R0251-payments,DEMO-R0251,DEMO-TEAM-11,Payments,telecoms,Rest of Africa,mid,developing,2025-07-01,2026-06-30,2026-08-09,2456184133.83,7842544187.63,10298728321.46,0.23849392,0.2963121,3.37481995,False,,SYNTHETIC_SIMULATION,SIMULATED_KNOWN_TRUTH,,False,False,representative-multibank-analog-1.0.0+seed.20260809
DEMO-R0251-liquidity,DEMO-R0251,DEMO-TEAM-11,Liquidity,telecoms,Rest of Africa,mid,developing,2025-07-01,2026-06-30,2026-08-09,1443582358.54,3397497756.32,4841080114.86,0.29819427,0.2963121,3.37481995,False,,SYNTHETIC_SIMULATION,SIMULATED_KNOWN_TRUTH,,False,False,representative-multibank-analog-1.0.0+seed.20260809
DEMO-R0251-fx-fx,DEMO-R0251,DEMO-TEAM-11,Cross-border FX,telecoms,Rest of Africa,mid,developing,2025-07-01,2026-06-30,2026-08-09,3616486080.04,13451936562.79,17068422642.84,0.21188168,0.2963121,3.37481995,False,,SYNTHETIC_SIMULATION,SIMULATED_KNOWN_TRUTH,,False,False,representative-multibank-analog-1.0.0+seed.20260809
DEMO-R0251-trade-finance,DEMO-R0251,DEMO-TEAM-11,Trade finance,telecoms,Rest of Africa,mid,developing,2025-07-01,2026-06-30,2026-08-09,557233098.83,1291476720.3,1848709819.12,0.30141729,0.2963121,3.37481995,False,,SYNTHETIC_SIMULATION,SIMULATED_KNOWN_TRUTH,,False,False,representative-multibank-analog-1.0.0+seed.20260809
DEMO-R0252-collections,DEMO-R0252,DEMO-TEAM-12,Collections,tech,South Africa,upper_mid,developing,2025-07-01,2026-06-30,2026-08-09,317542519.15,257007110.76,574549629.92,0.55268075,0.37666128,2.65490519,False,,SYNTHETIC_SIMULATION,SIMULATED_KNOWN_TRUTH,,False,False,representative-multibank-analog-1.0.0+seed.20260809
DEMO-R0252-payments,DEMO-R0252,DEMO-TEAM-12,Payments,tech,South Africa,upper_mid,developing,2025-07-01,2026-06-30,2026-08-09,1823895665.54,4491871396.97,6315767062.51,0.28878451,0.37666128,2.65490519,False,,SYNTHETIC_SIMULATION,SIMULATED_KNOWN_TRUTH,,False,False,representative-multibank-analog-1.0.0+seed.20260809
DEMO-R0252-liquidity,DEMO-R0252,DEMO-TEAM-12,Liquidity,tech,South Africa,upper_mid,developing,2025-07-01,2026-06-30,2026-08-09,322994006.66,353292678.25,676286684.91,0.47759924,0.37666128,2.65490519,False,,SYNTHETIC_SIMULATION,SIMULATED_KNOWN_TRUTH,,False,False,representative-multibank-analog-1.0.0+seed.20260809
DEMO-R0252-fx-fx,DEMO-R0252,DEMO-TEAM-12,Cross-border FX,tech,South Africa,upper_mid,developing,2025-07-01,2026-06-30,2026-08-09,3082219275.74,6038698811.45,9120918087.19,0.33792862,0.37666128,2.65490519,False,,SYNTHETIC_SIMULATION,SIMULATED_KNOWN_TRUTH,,False,False,representative-multibank-analog-1.0.0+seed.20260809
DEMO-R0252-trade-finance,DEMO-R0252,DEMO-TEAM-12,Trade finance,tech,South Africa,upper_mid,developing,2025-07-01,2026-06-30,2026-08-09,47862581.68,228101775.12,275964356.79,0.17343755,0.37666128,2.65490519,False,,SYNTHETIC_SIMULATION,SIMULATED_KNOWN_TRUTH,,False,False,representative-multibank-analog-1.0.0+seed.20260809
DEMO-R0253-collections,DEMO-R0253,DEMO-TEAM-13,Collections,industrials_pharma,SADC,mid,new,2025-07-01,2026-06-30,2026-08-09,314851214.14,1059485315.04,1374336529.18,0.22909324,0.29927649,3.3413918,False,,SYNTHETIC_SIMULATION,SIMULATED_KNOWN_TRUTH,,False,False,representative-multibank-analog-1.0.0+seed.20260809
DEMO-R0253-payments,DEMO-R0253,DEMO-TEAM-13,Payments,industrials_pharma,SADC,mid,new,2025-07-01,2026-06-30,2026-08-09,525037471.03,679469809.49,1204507280.52,0.43589398,0.29927649,3.3413918,False,,SYNTHETIC_SIMULATION,SIMULATED_KNOWN_TRUTH,,False,False,representative-multibank-analog-1.0.0+seed.20260809
DEMO-R0253-liquidity,DEMO-R0253,DEMO-TEAM-13,Liquidity,industrials_pharma,SADC,mid,new,2025-07-01,2026-06-30,2026-08-09,670966481.46,1011923493.08,1682889974.54,0.39869896,0.29927649,3.3413918,False,,SYNTHETIC_SIMULATION,SIMULATED_KNOWN_TRUTH,,False,False,representative-multibank-analog-1.0.0+seed.20260809
DEMO-R0253-fx-fx,DEMO-R0253,DEMO-TEAM-13,Cross-border FX,industrials_pharma,SADC,mid,new,2025-07-01,2026-06-30,2026-08-09,509740297.02,1680035054.48,2189775351.5,0.23278201,0.29927649,3.3413918,False,,SYNTHETIC_SIMULATION,SIMULATED_KNOWN_TRUTH,,False,False,representative-multibank-analog-1.0.0+seed.20260809
DEMO-R0253-trade-finance,DEMO-R0253,DEMO-TEAM-13,Trade finance,industrials_pharma,SADC,mid,new,2025-07-01,2026-06-30,2026-08-09,313497320.26,1334191055.3,1647688375.55,0.19026493,0.29927649,3.3413918,False,,SYNTHETIC_SIMULATION,SIMULATED_KNOWN_TRUTH,,False,False,representative-multibank-analog-1.0.0+seed.20260809
DEMO-R0254-collections,DEMO-R0254,DEMO-TEAM-14,Collections,real_estate,South Africa,upper_mid,established,2025-07-01,2026-06-30,2026-08-09,10126459.06,5948403.4,16074862.46,0.62995619,0.36983402,2.70391565,False,,SYNTHETIC_SIMULATION,SIMULATED_KNOWN_TRUTH,,False,False,representative-multibank-analog-1.0.0+seed.20260809
DEMO-R0254-payments,DEMO-R0254,DEMO-TEAM-14,Payments,real_estate,South Africa,upper_mid,established,2025-07-01,2026-06-30,2026-08-09,22700876.97,99468891.57,122169768.54,0.18581419,0.36983402,2.70391565,False,,SYNTHETIC_SIMULATION,SIMULATED_KNOWN_TRUTH,,False,False,representative-multibank-analog-1.0.0+seed.20260809
DEMO-R0254-liquidity,DEMO-R0254,DEMO-TEAM-14,Liquidity,real_estate,South Africa,upper_mid,established,2025-07-01,2026-06-30,2026-08-09,25607225.99,53123743.5,78730969.49,0.32524972,0.36983402,2.70391565,False,,SYNTHETIC_SIMULATION,SIMULATED_KNOWN_TRUTH,,False,False,representative-multibank-analog-1.0.0+seed.20260809
DEMO-R0254-fx-fx,DEMO-R0254,DEMO-TEAM-14,Cross-border FX,real_estate,South Africa,upper_mid,established,2025-07-01,2026-06-30,2026-08-09,203349902.69,666993699.14,870343601.83,0.23364324,0.36983402,2.70391565,False,,SYNTHETIC_SIMULATION,SIMULATED_KNOWN_TRUTH,,False,False,representative-multibank-analog-1.0.0+seed.20260809
DEMO-R0254-trade-finance,DEMO-R0254,DEMO-TEAM-14,Trade finance,real_estate,South Africa,upper_mid,established,2025-07-01,2026-06-30,2026-08-09,7497346.84,39531103.6,47028450.43,0.15942152,0.36983402,2.70391565,False,,SYNTHETIC_SIMULATION,SIMULATED_KNOWN_TRUTH,,False,False,representative-multibank-analog-1.0.0+seed.20260809
DEMO-R0255-collections,DEMO-R0255,DEMO-TEAM-15,Collections,consumer,Global,mid,new,2025-07-01,2026-06-30,2026-08-09,760628813.89,1277116253.32,2037745067.2,0.37326986,0.28918108,3.45804084,False,,SYNTHETIC_SIMULATION,SIMULATED_KNOWN_TRUTH,,False,False,representative-multibank-analog-1.0.0+seed.20260809
DEMO-R0255-payments,DEMO-R0255,DEMO-TEAM-15,Payments,consumer,Global,mid,new,2025-07-01,2026-06-30,2026-08-09,2629908730.51,3088899650.85,5718808381.36,0.45987006,0.28918108,3.45804084,False,,SYNTHETIC_SIMULATION,SIMULATED_KNOWN_TRUTH,,False,False,representative-multibank-analog-1.0.0+seed.20260809
DEMO-R0255-liquidity,DEMO-R0255,DEMO-TEAM-15,Liquidity,consumer,Global,mid,new,2025-07-01,2026-06-30,2026-08-09,3222816149.11,11073009883.2,14295826032.31,0.22543756,0.28918108,3.45804084,False,,SYNTHETIC_SIMULATION,SIMULATED_KNOWN_TRUTH,,False,False,representative-multibank-analog-1.0.0+seed.20260809
DEMO-R0255-fx-fx,DEMO-R0255,DEMO-TEAM-15,Cross-border FX,consumer,Global,mid,new,2025-07-01,2026-06-30,2026-08-09,1522020333.98,2621920284.41,4143940618.4,0.36728816,0.28918108,3.45804084,False,,SYNTHETIC_SIMULATION,SIMULATED_KNOWN_TRUTH,,False,False,representative-multibank-analog-1.0.0+seed.20260809
DEMO-R0255-trade-finance,DEMO-R0255,DEMO-TEAM-15,Trade finance,consumer,Global,mid,new,2025-07-01,2026-06-30,2026-08-09,309609279.52,1110599262.02,1420208541.54,0.21800269,0.28918108,3.45804084,False,,SYNTHETIC_SIMULATION,SIMULATED_KNOWN_TRUTH,,False,False,representative-multibank-analog-1.0.0+seed.20260809
DEMO-R0256-collections,DEMO-R0256,DEMO-TEAM-16,Collections,industrials_pharma,South Africa,upper_mid,new,2025-07-01,2026-06-30,2026-08-09,176888136.2,485632754.06,662520890.26,0.26699254,0.37550097,2.66310898,False,,SYNTHETIC_SIMULATION,SIMULATED_KNOWN_TRUTH,,False,False,representative-multibank-analog-1.0.0+seed.20260809
DEMO-R0256-payments,DEMO-R0256,DEMO-TEAM-16,Payments,industrials_pharma,South Africa,upper_mid,new,2025-07-01,2026-06-30,2026-08-09,1687160743.02,13265127118.88,14952287861.89,0.11283629,0.37550097,2.66310898,False,,SYNTHETIC_SIMULATION,SIMULATED_KNOWN_TRUTH,,False,False,representative-multibank-analog-1.0.0+seed.20260809
DEMO-R0256-liquidity,DEMO-R0256,DEMO-TEAM-16,Liquidity,industrials_pharma,South Africa,upper_mid,new,2025-07-01,2026-06-30,2026-08-09,1180982737.68,2199852739.97,3380835477.65,0.34931683,0.37550097,2.66310898,False,,SYNTHETIC_SIMULATION,SIMULATED_KNOWN_TRUTH,,False,False,representative-multibank-analog-1.0.0+seed.20260809
DEMO-R0256-fx-fx,DEMO-R0256,DEMO-TEAM-16,Cross-border FX,industrials_pharma,South Africa,upper_mid,new,2025-07-01,2026-06-30,2026-08-09,975848766.23,2691795331.67,3667644097.91,0.26606965,0.37550097,2.66310898,False,,SYNTHETIC_SIMULATION,SIMULATED_KNOWN_TRUTH,,False,False,representative-multibank-analog-1.0.0+seed.20260809
DEMO-R0256-trade-finance,DEMO-R0256,DEMO-TEAM-16,Trade finance,industrials_pharma,South Africa,upper_mid,new,2025-07-01,2026-06-30,2026-08-09,466620366.25,3685868954.29,4152489320.54,0.11237124,0.37550097,2.66310898,False,,SYNTHETIC_SIMULATION,SIMULATED_KNOWN_TRUTH,,False,False,representative-multibank-analog-1.0.0+seed.20260809
DEMO-R0257-collections,DEMO-R0257,DEMO-TEAM-17,Collections,real_estate,Global,mid,new,2025-07-01,2026-06-30,2026-08-09,3352979.86,7936288.72,11289268.58,0.29700594,0.35150528,2.84490744,False,,SYNTHETIC_SIMULATION,SIMULATED_KNOWN_TRUTH,,False,False,representative-multibank-analog-1.0.0+seed.20260809
DEMO-R0257-payments,DEMO-R0257,DEMO-TEAM-17,Payments,real_estate,Global,mid,new,2025-07-01,2026-06-30,2026-08-09,4014811.59,33820311.57,37835123.16,0.10611335,0.35150528,2.84490744,False,,SYNTHETIC_SIMULATION,SIMULATED_KNOWN_TRUTH,,False,False,representative-multibank-analog-1.0.0+seed.20260809
DEMO-R0257-liquidity,DEMO-R0257,DEMO-TEAM-17,Liquidity,real_estate,Global,mid,new,2025-07-01,2026-06-30,2026-08-09,5297236.55,15725413.87,21022650.42,0.25197758,0.35150528,2.84490744,False,,SYNTHETIC_SIMULATION,SIMULATED_KNOWN_TRUTH,,False,False,representative-multibank-analog-1.0.0+seed.20260809
DEMO-R0257-fx-fx,DEMO-R0257,DEMO-TEAM-17,Cross-border FX,real_estate,Global,mid,new,2025-07-01,2026-06-30,2026-08-09,58793886.65,684669716.15,743463602.8,0.07908106,0.35150528,2.84490744,False,,SYNTHETIC_SIMULATION,SIMULATED_KNOWN_TRUTH,,False,False,representative-multibank-analog-1.0.0+seed.20260809
DEMO-R0257-trade-finance,DEMO-R0257,DEMO-TEAM-17,Trade finance,real_estate,Global,mid,new,2025-07-01,2026-06-30,2026-08-09,5323259.51,8590409.18,13913668.7,0.38259208,0.35150528,2.84490744,False,,SYNTHETIC_SIMULATION,SIMULATED_KNOWN_TRUTH,,False,False,representative-multibank-analog-1.0.0+seed.20260809
DEMO-R0258-collections,DEMO-R0258,DEMO-TEAM-18,Collections,real_estate,SADC,large,established,2025-07-01,2026-06-30,2026-08-09,92878195.26,69520131.54,162398326.8,0.57191596,0.56675216,1.76443968,False,,SYNTHETIC_SIMULATION,SIMULATED_KNOWN_TRUTH,,False,False,representative-multibank-analog-1.0.0+seed.20260809
DEMO-R0258-payments,DEMO-R0258,DEMO-TEAM-18,Payments,real_estate,SADC,large,established,2025-07-01,2026-06-30,2026-08-09,133321572.69,371578025.38,504899598.06,0.26405561,0.56675216,1.76443968,False,,SYNTHETIC_SIMULATION,SIMULATED_KNOWN_TRUTH,,False,False,representative-multibank-analog-1.0.0+seed.20260809
DEMO-R0258-liquidity,DEMO-R0258,DEMO-TEAM-18,Liquidity,real_estate,SADC,large,established,2025-07-01,2026-06-30,2026-08-09,15661542.75,111015064.37,126676607.13,0.12363406,0.56675216,1.76443968,False,,SYNTHETIC_SIMULATION,SIMULATED_KNOWN_TRUTH,,False,False,representative-multibank-analog-1.0.0+seed.20260809
DEMO-R0258-fx-fx,DEMO-R0258,DEMO-TEAM-18,Cross-border FX,real_estate,SADC,large,established,2025-07-01,2026-06-30,2026-08-09,243477721.65,665061379.57,908539101.22,0.26798816,0.56675216,1.76443968,False,,SYNTHETIC_SIMULATION,SIMULATED_KNOWN_TRUTH,,False,False,representative-multibank-analog-1.0.0+seed.20260809
DEMO-R0258-trade-finance,DEMO-R0258,DEMO-TEAM-18,Trade finance,real_estate,SADC,large,established,2025-07-01,2026-06-30,2026-08-09,10154953.47,43308247.21,53463200.68,0.18994286,0.56675216,1.76443968,False,,SYNTHETIC_SIMULATION,SIMULATED_KNOWN_TRUTH,,False,False,representative-multibank-analog-1.0.0+seed.20260809
DEMO-R0259-collections,DEMO-R0259,DEMO-TEAM-19,Collections,mining,Rest of Africa,mid,new,2025-07-01,2026-06-30,2026-08-09,576335656.32,851044216.64,1427379872.97,0.40377174,0.31998939,3.1251036,False,,SYNTHETIC_SIMULATION,SIMULATED_KNOWN_TRUTH,,False,False,representative-multibank-analog-1.0.0+seed.20260809
DEMO-R0259-payments,DEMO-R0259,DEMO-TEAM-19,Payments,mining,Rest of Africa,mid,new,2025-07-01,2026-06-30,2026-08-09,408491651.01,853434851.93,1261926502.93,0.32370479,0.31998939,3.1251036,False,,SYNTHETIC_SIMULATION,SIMULATED_KNOWN_TRUTH,,False,False,representative-multibank-analog-1.0.0+seed.20260809
DEMO-R0259-liquidity,DEMO-R0259,DEMO-TEAM-19,Liquidity,mining,Rest of Africa,mid,new,2025-07-01,2026-06-30,2026-08-09,479325463.33,922304924.12,1401630387.45,0.34197708,0.31998939,3.1251036,False,,SYNTHETIC_SIMULATION,SIMULATED_KNOWN_TRUTH,,False,False,representative-multibank-analog-1.0.0+seed.20260809
DEMO-R0259-fx-fx,DEMO-R0259,DEMO-TEAM-19,Cross-border FX,mining,Rest of Africa,mid,new,2025-07-01,2026-06-30,2026-08-09,452937329.6,580214341.15,1033151670.76,0.43840352,0.31998939,3.1251036,False,,SYNTHETIC_SIMULATION,SIMULATED_KNOWN_TRUTH,,False,False,representative-multibank-analog-1.0.0+seed.20260809
DEMO-R0259-trade-finance,DEMO-R0259,DEMO-TEAM-19,Trade finance,mining,Rest of Africa,mid,new,2025-07-01,2026-06-30,2026-08-09,198737026.1,342578236.32,541315262.43,0.3671373,0.31998939,3.1251036,False,,SYNTHETIC_SIMULATION,SIMULATED_KNOWN_TRUTH,,False,False,representative-multibank-analog-1.0.0+seed.20260809
DEMO-R0260-collections,DEMO-R0260,DEMO-TEAM-20,Collections,insurance,SADC,mid,established,2025-07-01,2026-06-30,2026-08-09,631873421.97,800030405.7,1431903827.67,0.44128203,0.3269956,3.05814517,False,,SYNTHETIC_SIMULATION,SIMULATED_KNOWN_TRUTH,,False,False,representative-multibank-analog-1.0.0+seed.20260809
DEMO-R0260-payments,DEMO-R0260,DEMO-TEAM-20,Payments,insurance,SADC,mid,established,2025-07-01,2026-06-30,2026-08-09,3563222457.05,4634092446.94,8197314903.98,0.43468166,0.3269956,3.05814517,False,,SYNTHETIC_SIMULATION,SIMULATED_KNOWN_TRUTH,,False,False,representative-multibank-analog-1.0.0+seed.20260809
DEMO-R0260-liquidity,DEMO-R0260,DEMO-TEAM-20,Liquidity,insurance,SADC,mid,established,2025-07-01,2026-06-30,2026-08-09,5103716159.69,19064716578.07,24168432737.76,0.21117282,0.3269956,3.05814517,False,,SYNTHETIC_SIMULATION,SIMULATED_KNOWN_TRUTH,,False,False,representative-multibank-analog-1.0.0+seed.20260809
DEMO-R0260-fx-fx,DEMO-R0260,DEMO-TEAM-20,Cross-border FX,insurance,SADC,mid,established,2025-07-01,2026-06-30,2026-08-09,762217524.51,7540976124.81,8303193649.32,0.09179811,0.3269956,3.05814517,False,,SYNTHETIC_SIMULATION,SIMULATED_KNOWN_TRUTH,,False,False,representative-multibank-analog-1.0.0+seed.20260809
DEMO-R0260-trade-finance,DEMO-R0260,DEMO-TEAM-20,Trade finance,insurance,SADC,mid,established,2025-07-01,2026-06-30,2026-08-09,74998508.64,283284034.94,358282543.58,0.20932783,0.3269956,3.05814517,False,,SYNTHETIC_SIMULATION,SIMULATED_KNOWN_TRUTH,,False,False,representative-multibank-analog-1.0.0+seed.20260809
DEMO-R0261-collections,DEMO-R0261,DEMO-TEAM-21,Collections,mining,South Africa,large,new,2025-07-01,2026-06-30,2026-08-09,2553707797.7,5625246069.39,8178953867.09,0.31222915,0.45125058,2.21606362,False,,SYNTHETIC_SIMULATION,SIMULATED_KNOWN_TRUTH,,False,False,representative-multibank-analog-1.0.0+seed.20260809
DEMO-R0261-payments,DEMO-R0261,DEMO-TEAM-21,Payments,mining,South Africa,large,new,2025-07-01,2026-06-30,2026-08-09,3829355307.97,12716463328.84,16545818636.81,0.23143946,0.45125058,2.21606362,False,,SYNTHETIC_SIMULATION,SIMULATED_KNOWN_TRUTH,,False,False,representative-multibank-analog-1.0.0+seed.20260809
DEMO-R0261-liquidity,DEMO-R0261,DEMO-TEAM-21,Liquidity,mining,South Africa,large,new,2025-07-01,2026-06-30,2026-08-09,2187869509.1,17212483780.58,19400353289.69,0.11277473,0.45125058,2.21606362,False,,SYNTHETIC_SIMULATION,SIMULATED_KNOWN_TRUTH,,False,False,representative-multibank-analog-1.0.0+seed.20260809
DEMO-R0261-fx-fx,DEMO-R0261,DEMO-TEAM-21,Cross-border FX,mining,South Africa,large,new,2025-07-01,2026-06-30,2026-08-09,1195175678.46,3245207841.48,4440383519.94,0.26916046,0.45125058,2.21606362,False,,SYNTHETIC_SIMULATION,SIMULATED_KNOWN_TRUTH,,False,False,representative-multibank-analog-1.0.0+seed.20260809
DEMO-R0261-trade-finance,DEMO-R0261,DEMO-TEAM-21,Trade finance,mining,South Africa,large,new,2025-07-01,2026-06-30,2026-08-09,421444448.95,881835892.5,1303280341.45,0.32337206,0.45125058,2.21606362,False,,SYNTHETIC_SIMULATION,SIMULATED_KNOWN_TRUTH,,False,False,representative-multibank-analog-1.0.0+seed.20260809
DEMO-R0262-collections,DEMO-R0262,DEMO-TEAM-22,Collections,tech,Global,large,established,2025-07-01,2026-06-30,2026-08-09,1328758088.37,1914005323.11,3242763411.48,0.40976103,0.5135296,1.94730743,False,,SYNTHETIC_SIMULATION,SIMULATED_KNOWN_TRUTH,,False,False,representative-multibank-analog-1.0.0+seed.20260809
DEMO-R0262-payments,DEMO-R0262,DEMO-TEAM-22,Payments,tech,Global,large,established,2025-07-01,2026-06-30,2026-08-09,4029173281.99,5046098227.87,9075271509.86,0.44397275,0.5135296,1.94730743,False,,SYNTHETIC_SIMULATION,SIMULATED_KNOWN_TRUTH,,False,False,representative-multibank-analog-1.0.0+seed.20260809
DEMO-R0262-liquidity,DEMO-R0262,DEMO-TEAM-22,Liquidity,tech,Global,large,established,2025-07-01,2026-06-30,2026-08-09,1441260865.05,1313967483.16,2755228348.21,0.52310033,0.5135296,1.94730743,False,,SYNTHETIC_SIMULATION,SIMULATED_KNOWN_TRUTH,,False,False,representative-multibank-analog-1.0.0+seed.20260809
DEMO-R0262-fx-fx,DEMO-R0262,DEMO-TEAM-22,Cross-border FX,tech,Global,large,established,2025-07-01,2026-06-30,2026-08-09,5545361087.62,9463330454.23,15008691541.85,0.36947665,0.5135296,1.94730743,False,,SYNTHETIC_SIMULATION,SIMULATED_KNOWN_TRUTH,,False,False,representative-multibank-analog-1.0.0+seed.20260809
DEMO-R0262-trade-finance,DEMO-R0262,DEMO-TEAM-22,Trade finance,tech,Global,large,established,2025-07-01,2026-06-30,2026-08-09,59744045.47,446642520.74,506386566.21,0.1179811,0.5135296,1.94730743,False,,SYNTHETIC_SIMULATION,SIMULATED_KNOWN_TRUTH,,False,False,representative-multibank-analog-1.0.0+seed.20260809
DEMO-R0263-collections,DEMO-R0263,DEMO-TEAM-23,Collections,real_estate,SADC,upper_mid,established,2025-07-01,2026-06-30,2026-08-09,18677559.16,60797449.63,79475008.79,0.23501173,0.42338989,2.36188919,False,,SYNTHETIC_SIMULATION,SIMULATED_KNOWN_TRUTH,,False,False,representative-multibank-analog-1.0.0+seed.20260809
DEMO-R0263-payments,DEMO-R0263,DEMO-TEAM-23,Payments,real_estate,SADC,upper_mid,established,2025-07-01,2026-06-30,2026-08-09,24618857.48,59553688.63,84172546.11,0.29248085,0.42338989,2.36188919,False,,SYNTHETIC_SIMULATION,SIMULATED_KNOWN_TRUTH,,False,False,representative-multibank-analog-1.0.0+seed.20260809
DEMO-R0263-liquidity,DEMO-R0263,DEMO-TEAM-23,Liquidity,real_estate,SADC,upper_mid,established,2025-07-01,2026-06-30,2026-08-09,21846829.07,26082507.1,47929336.16,0.4558133,0.42338989,2.36188919,False,,SYNTHETIC_SIMULATION,SIMULATED_KNOWN_TRUTH,,False,False,representative-multibank-analog-1.0.0+seed.20260809
DEMO-R0263-fx-fx,DEMO-R0263,DEMO-TEAM-23,Cross-border FX,real_estate,SADC,upper_mid,established,2025-07-01,2026-06-30,2026-08-09,562413606.9,823738468.39,1386152075.29,0.4057373,0.42338989,2.36188919,False,,SYNTHETIC_SIMULATION,SIMULATED_KNOWN_TRUTH,,False,False,representative-multibank-analog-1.0.0+seed.20260809
DEMO-R0263-trade-finance,DEMO-R0263,DEMO-TEAM-23,Trade finance,real_estate,SADC,upper_mid,established,2025-07-01,2026-06-30,2026-08-09,9208746.9,52559816.24,61768563.14,0.14908469,0.42338989,2.36188919,False,,SYNTHETIC_SIMULATION,SIMULATED_KNOWN_TRUTH,,False,False,representative-multibank-analog-1.0.0+seed.20260809
DEMO-R0264-collections,DEMO-R0264,DEMO-TEAM-24,Collections,consumer,South Africa,upper_mid,new,2025-07-01,2026-06-30,2026-08-09,3716579788.72,4992890996.69,8709470785.41,0.42672854,0.38425284,2.60245312,False,,SYNTHETIC_SIMULATION,SIMULATED_KNOWN_TRUTH,,False,False,representative-multibank-analog-1.0.0+seed.20260809
DEMO-R0264-payments,DEMO-R0264,DEMO-TEAM-24,Payments,consumer,South Africa,upper_mid,new,2025-07-01,2026-06-30,2026-08-09,17884228935.62,102440784761.45,120325013697.06,0.14863268,0.38425284,2.60245312,False,,SYNTHETIC_SIMULATION,SIMULATED_KNOWN_TRUTH,,False,False,representative-multibank-analog-1.0.0+seed.20260809
DEMO-R0264-liquidity,DEMO-R0264,DEMO-TEAM-24,Liquidity,consumer,South Africa,upper_mid,new,2025-07-01,2026-06-30,2026-08-09,1884553977.42,5690820534.85,7575374512.27,0.2487737,0.38425284,2.60245312,False,,SYNTHETIC_SIMULATION,SIMULATED_KNOWN_TRUTH,,False,False,representative-multibank-analog-1.0.0+seed.20260809
DEMO-R0264-fx-fx,DEMO-R0264,DEMO-TEAM-24,Cross-border FX,consumer,South Africa,upper_mid,new,2025-07-01,2026-06-30,2026-08-09,3289702687.0,8888459213.54,12178161900.54,0.2701313,0.38425284,2.60245312,False,,SYNTHETIC_SIMULATION,SIMULATED_KNOWN_TRUTH,,False,False,representative-multibank-analog-1.0.0+seed.20260809
DEMO-R0264-trade-finance,DEMO-R0264,DEMO-TEAM-24,Trade finance,consumer,South Africa,upper_mid,new,2025-07-01,2026-06-30,2026-08-09,1602709333.25,2594151639.81,4196860973.06,0.38188287,0.38425284,2.60245312,False,,SYNTHETIC_SIMULATION,SIMULATED_KNOWN_TRUTH,,False,False,representative-multibank-analog-1.0.0+seed.20260809
DEMO-R0265-collections,DEMO-R0265,DEMO-TEAM-25,Collections,mining,South Africa,upper_mid,new,2025-07-01,2026-06-30,2026-08-09,1703126457.0,9599923195.82,11303049652.81,0.15067849,0.36597844,2.73240139,False,,SYNTHETIC_SIMULATION,SIMULATED_KNOWN_TRUTH,,False,False,representative-multibank-analog-1.0.0+seed.20260809
DEMO-R0265-payments,DEMO-R0265,DEMO-TEAM-25,Payments,mining,South Africa,upper_mid,new,2025-07-01,2026-06-30,2026-08-09,693341632.67,488309406.45,1181651039.11,0.58675667,0.36597844,2.73240139,False,,SYNTHETIC_SIMULATION,SIMULATED_KNOWN_TRUTH,,False,False,representative-multibank-analog-1.0.0+seed.20260809
DEMO-R0265-liquidity,DEMO-R0265,DEMO-TEAM-25,Liquidity,mining,South Africa,upper_mid,new,2025-07-01,2026-06-30,2026-08-09,1463275101.0,4247158606.45,5710433707.45,0.25624588,0.36597844,2.73240139,False,,SYNTHETIC_SIMULATION,SIMULATED_KNOWN_TRUTH,,False,False,representative-multibank-analog-1.0.0+seed.20260809
DEMO-R0265-fx-fx,DEMO-R0265,DEMO-TEAM-25,Cross-border FX,mining,South Africa,upper_mid,new,2025-07-01,2026-06-30,2026-08-09,787520323.03,5486368853.89,6273889176.93,0.12552347,0.36597844,2.73240139,False,,SYNTHETIC_SIMULATION,SIMULATED_KNOWN_TRUTH,,False,False,representative-multibank-analog-1.0.0+seed.20260809
DEMO-R0265-trade-finance,DEMO-R0265,DEMO-TEAM-25,Trade finance,mining,South Africa,upper_mid,new,2025-07-01,2026-06-30,2026-08-09,299155318.59,2818697250.31,3117852568.9,0.09594915,0.36597844,2.73240139,False,,SYNTHETIC_SIMULATION,SIMULATED_KNOWN_TRUTH,,False,False,representative-multibank-analog-1.0.0+seed.20260809
DEMO-R0266-collections,DEMO-R0266,DEMO-TEAM-26,Collections,industrials_pharma,SADC,mid,new,2025-07-01,2026-06-30,2026-08-09,579324040.07,2025476851.68,2604800891.75,0.22240627,0.28144147,3.55313662,False,,SYNTHETIC_SIMULATION,SIMULATED_KNOWN_TRUTH,,False,False,representative-multibank-analog-1.0.0+seed.20260809
DEMO-R0266-payments,DEMO-R0266,DEMO-TEAM-26,Payments,industrials_pharma,SADC,mid,new,2025-07-01,2026-06-30,2026-08-09,912843034.09,1349972591.17,2262815625.26,0.40341026,0.28144147,3.55313662,False,,SYNTHETIC_SIMULATION,SIMULATED_KNOWN_TRUTH,,False,False,representative-multibank-analog-1.0.0+seed.20260809
DEMO-R0266-liquidity,DEMO-R0266,DEMO-TEAM-26,Liquidity,industrials_pharma,SADC,mid,new,2025-07-01,2026-06-30,2026-08-09,519604086.39,568039624.3,1087643710.69,0.47773373,0.28144147,3.55313662,False,,SYNTHETIC_SIMULATION,SIMULATED_KNOWN_TRUTH,,False,False,representative-multibank-analog-1.0.0+seed.20260809
DEMO-R0266-fx-fx,DEMO-R0266,DEMO-TEAM-26,Cross-border FX,industrials_pharma,SADC,mid,new,2025-07-01,2026-06-30,2026-08-09,388643720.33,1504682268.88,1893325989.21,0.20527037,0.28144147,3.55313662,False,,SYNTHETIC_SIMULATION,SIMULATED_KNOWN_TRUTH,,False,False,representative-multibank-analog-1.0.0+seed.20260809
DEMO-R0266-trade-finance,DEMO-R0266,DEMO-TEAM-26,Trade finance,industrials_pharma,SADC,mid,new,2025-07-01,2026-06-30,2026-08-09,221521230.8,467822016.17,689343246.98,0.32135113,0.28144147,3.55313662,False,,SYNTHETIC_SIMULATION,SIMULATED_KNOWN_TRUTH,,False,False,representative-multibank-analog-1.0.0+seed.20260809
DEMO-R0267-collections,DEMO-R0267,DEMO-TEAM-27,Collections,industrials_pharma,South Africa,mid,established,2025-07-01,2026-06-30,2026-08-09,701796017.12,2073882422.75,2775678439.87,0.25283765,0.3144387,3.18027011,False,,SYNTHETIC_SIMULATION,SIMULATED_KNOWN_TRUTH,,False,False,representative-multibank-analog-1.0.0+seed.20260809
DEMO-R0267-payments,DEMO-R0267,DEMO-TEAM-27,Payments,industrials_pharma,South Africa,mid,established,2025-07-01,2026-06-30,2026-08-09,3774974717.13,13108269918.79,16883244635.92,0.22359296,0.3144387,3.18027011,False,,SYNTHETIC_SIMULATION,SIMULATED_KNOWN_TRUTH,,False,False,representative-multibank-analog-1.0.0+seed.20260809
DEMO-R0267-liquidity,DEMO-R0267,DEMO-TEAM-27,Liquidity,industrials_pharma,South Africa,mid,established,2025-07-01,2026-06-30,2026-08-09,890442179.4,1859076177.37,2749518356.77,0.32385388,0.3144387,3.18027011,False,,SYNTHETIC_SIMULATION,SIMULATED_KNOWN_TRUTH,,False,False,representative-multibank-analog-1.0.0+seed.20260809
DEMO-R0267-fx-fx,DEMO-R0267,DEMO-TEAM-27,Cross-border FX,industrials_pharma,South Africa,mid,established,2025-07-01,2026-06-30,2026-08-09,440677194.85,1707764440.69,2148441635.53,0.20511481,0.3144387,3.18027011,False,,SYNTHETIC_SIMULATION,SIMULATED_KNOWN_TRUTH,,False,False,representative-multibank-analog-1.0.0+seed.20260809
DEMO-R0267-trade-finance,DEMO-R0267,DEMO-TEAM-27,Trade finance,industrials_pharma,South Africa,mid,established,2025-07-01,2026-06-30,2026-08-09,409755979.84,1415834810.92,1825590790.76,0.22445117,0.3144387,3.18027011,False,,SYNTHETIC_SIMULATION,SIMULATED_KNOWN_TRUTH,,False,False,representative-multibank-analog-1.0.0+seed.20260809
DEMO-R0268-collections,DEMO-R0268,DEMO-TEAM-28,Collections,consumer,Rest of Africa,large,developing,2025-07-01,2026-06-30,2026-08-09,7990119108.71,15829595633.99,23819714742.69,0.33544143,0.52489552,1.90514105,False,,SYNTHETIC_SIMULATION,SIMULATED_KNOWN_TRUTH,,False,False,representative-multibank-analog-1.0.0+seed.20260809
DEMO-R0268-payments,DEMO-R0268,DEMO-TEAM-28,Payments,consumer,Rest of Africa,large,developing,2025-07-01,2026-06-30,2026-08-09,18342381499.42,43293486030.06,61635867529.49,0.29759266,0.52489552,1.90514105,False,,SYNTHETIC_SIMULATION,SIMULATED_KNOWN_TRUTH,,False,False,representative-multibank-analog-1.0.0+seed.20260809
DEMO-R0268-liquidity,DEMO-R0268,DEMO-TEAM-28,Liquidity,consumer,Rest of Africa,large,developing,2025-07-01,2026-06-30,2026-08-09,5839389155.7,16324727841.4,22164116997.11,0.26346139,0.52489552,1.90514105,False,,SYNTHETIC_SIMULATION,SIMULATED_KNOWN_TRUTH,,False,False,representative-multibank-analog-1.0.0+seed.20260809
DEMO-R0268-fx-fx,DEMO-R0268,DEMO-TEAM-28,Cross-border FX,consumer,Rest of Africa,large,developing,2025-07-01,2026-06-30,2026-08-09,14264158044.32,55259421070.86,69523579115.18,0.20517008,0.52489552,1.90514105,False,,SYNTHETIC_SIMULATION,SIMULATED_KNOWN_TRUTH,,False,False,representative-multibank-analog-1.0.0+seed.20260809
DEMO-R0268-trade-finance,DEMO-R0268,DEMO-TEAM-28,Trade finance,consumer,Rest of Africa,large,developing,2025-07-01,2026-06-30,2026-08-09,3414460818.3,16833719876.64,20248180694.94,0.1686305,0.52489552,1.90514105,False,,SYNTHETIC_SIMULATION,SIMULATED_KNOWN_TRUTH,,False,False,representative-multibank-analog-1.0.0+seed.20260809
DEMO-R0269-collections,DEMO-R0269,DEMO-TEAM-29,Collections,mining,South Africa,upper_mid,established,2025-07-01,2026-06-30,2026-08-09,3086539106.85,3929379467.34,7015918574.19,0.43993371,0.35674569,2.80311724,False,,SYNTHETIC_SIMULATION,SIMULATED_KNOWN_TRUTH,,False,False,representative-multibank-analog-1.0.0+seed.20260809
DEMO-R0269-payments,DEMO-R0269,DEMO-TEAM-29,Payments,mining,South Africa,upper_mid,established,2025-07-01,2026-06-30,2026-08-09,1403432457.67,6876371802.12,8279804259.79,0.16950068,0.35674569,2.80311724,False,,SYNTHETIC_SIMULATION,SIMULATED_KNOWN_TRUTH,,False,False,representative-multibank-analog-1.0.0+seed.20260809
DEMO-R0269-liquidity,DEMO-R0269,DEMO-TEAM-29,Liquidity,mining,South Africa,upper_mid,established,2025-07-01,2026-06-30,2026-08-09,5089294136.27,20046653562.09,25135947698.35,0.20247075,0.35674569,2.80311724,False,,SYNTHETIC_SIMULATION,SIMULATED_KNOWN_TRUTH,,False,False,representative-multibank-analog-1.0.0+seed.20260809
DEMO-R0269-fx-fx,DEMO-R0269,DEMO-TEAM-29,Cross-border FX,mining,South Africa,upper_mid,established,2025-07-01,2026-06-30,2026-08-09,1018863978.63,5337810366.12,6356674344.74,0.16028255,0.35674569,2.80311724,False,,SYNTHETIC_SIMULATION,SIMULATED_KNOWN_TRUTH,,False,False,representative-multibank-analog-1.0.0+seed.20260809
DEMO-R0269-trade-finance,DEMO-R0269,DEMO-TEAM-29,Trade finance,mining,South Africa,upper_mid,established,2025-07-01,2026-06-30,2026-08-09,504041733.54,879133614.36,1383175347.9,0.36440914,0.35674569,2.80311724,False,,SYNTHETIC_SIMULATION,SIMULATED_KNOWN_TRUTH,,False,False,representative-multibank-analog-1.0.0+seed.20260809
DEMO-R0270-collections,DEMO-R0270,DEMO-TEAM-30,Collections,mining,Global,upper_mid,established,2025-07-01,2026-06-30,2026-08-09,1459719167.98,3173317515.7,4633036683.68,0.31506747,0.45029129,2.22078471,False,,SYNTHETIC_SIMULATION,SIMULATED_KNOWN_TRUTH,,False,False,representative-multibank-analog-1.0.0+seed.20260809
DEMO-R0270-payments,DEMO-R0270,DEMO-TEAM-30,Payments,mining,Global,upper_mid,established,2025-07-01,2026-06-30,2026-08-09,1345646439.46,1291330425.7,2636976865.16,0.51029892,0.45029129,2.22078471,False,,SYNTHETIC_SIMULATION,SIMULATED_KNOWN_TRUTH,,False,False,representative-multibank-analog-1.0.0+seed.20260809
DEMO-R0270-liquidity,DEMO-R0270,DEMO-TEAM-30,Liquidity,mining,Global,upper_mid,established,2025-07-01,2026-06-30,2026-08-09,1491947352.54,1692636938.03,3184584290.58,0.46849046,0.45029129,2.22078471,False,,SYNTHETIC_SIMULATION,SIMULATED_KNOWN_TRUTH,,False,False,representative-multibank-analog-1.0.0+seed.20260809
DEMO-R0270-fx-fx,DEMO-R0270,DEMO-TEAM-30,Cross-border FX,mining,Global,upper_mid,established,2025-07-01,2026-06-30,2026-08-09,2218822069.1,5487844549.79,7706666618.89,0.28790944,0.45029129,2.22078471,False,,SYNTHETIC_SIMULATION,SIMULATED_KNOWN_TRUTH,,False,False,representative-multibank-analog-1.0.0+seed.20260809
DEMO-R0270-trade-finance,DEMO-R0270,DEMO-TEAM-30,Trade finance,mining,Global,upper_mid,established,2025-07-01,2026-06-30,2026-08-09,425375953.37,1074805999.3,1500181952.67,0.28354957,0.45029129,2.22078471,False,,SYNTHETIC_SIMULATION,SIMULATED_KNOWN_TRUTH,,False,False,representative-multibank-analog-1.0.0+seed.20260809
DEMO-R0271-collections,DEMO-R0271,DEMO-TEAM-01,Collections,insurance,South Africa,upper_mid,developing,2025-07-01,2026-06-30,2026-08-09,3678442033.76,2191874874.94,5870316908.7,0.62661728,0.39566546,2.52738764,False,,SYNTHETIC_SIMULATION,SIMULATED_KNOWN_TRUTH,,False,False,representative-multibank-analog-1.0.0+seed.20260809
DEMO-R0271-payments,DEMO-R0271,DEMO-TEAM-01,Payments,insurance,South Africa,upper_mid,developing,2025-07-01,2026-06-30,2026-08-09,7295141902.0,6705438195.98,14000580097.97,0.52105997,0.39566546,2.52738764,False,,SYNTHETIC_SIMULATION,SIMULATED_KNOWN_TRUTH,,False,False,representative-multibank-analog-1.0.0+seed.20260809
DEMO-R0271-liquidity,DEMO-R0271,DEMO-TEAM-01,Liquidity,insurance,South Africa,upper_mid,developing,2025-07-01,2026-06-30,2026-08-09,3946366818.72,10702915063.86,14649281882.57,0.26938978,0.39566546,2.52738764,False,,SYNTHETIC_SIMULATION,SIMULATED_KNOWN_TRUTH,,False,False,representative-multibank-analog-1.0.0+seed.20260809
DEMO-R0271-fx-fx,DEMO-R0271,DEMO-TEAM-01,Cross-border FX,insurance,South Africa,upper_mid,developing,2025-07-01,2026-06-30,2026-08-09,2568850752.86,6218776022.24,8787626775.1,0.29232588,0.39566546,2.52738764,False,,SYNTHETIC_SIMULATION,SIMULATED_KNOWN_TRUTH,,False,False,representative-multibank-analog-1.0.0+seed.20260809
DEMO-R0271-trade-finance,DEMO-R0271,DEMO-TEAM-01,Trade finance,insurance,South Africa,upper_mid,developing,2025-07-01,2026-06-30,2026-08-09,177653873.31,1002718294.08,1180372167.39,0.15050666,0.39566546,2.52738764,False,,SYNTHETIC_SIMULATION,SIMULATED_KNOWN_TRUTH,,False,False,representative-multibank-analog-1.0.0+seed.20260809
DEMO-R0272-collections,DEMO-R0272,DEMO-TEAM-02,Collections,telecoms,South Africa,mid,established,2025-07-01,2026-06-30,2026-08-09,602600343.19,912107474.34,1514707817.53,0.39783273,0.31398847,3.18483036,False,,SYNTHETIC_SIMULATION,SIMULATED_KNOWN_TRUTH,,False,False,representative-multibank-analog-1.0.0+seed.20260809
DEMO-R0272-payments,DEMO-R0272,DEMO-TEAM-02,Payments,telecoms,South Africa,mid,established,2025-07-01,2026-06-30,2026-08-09,5917644632.11,66952214389.59,72869859021.71,0.0812084,0.31398847,3.18483036,False,,SYNTHETIC_SIMULATION,SIMULATED_KNOWN_TRUTH,,False,False,representative-multibank-analog-1.0.0+seed.20260809
DEMO-R0272-liquidity,DEMO-R0272,DEMO-TEAM-02,Liquidity,telecoms,South Africa,mid,established,2025-07-01,2026-06-30,2026-08-09,975056112.87,5301316446.82,6276372559.69,0.15535345,0.31398847,3.18483036,False,,SYNTHETIC_SIMULATION,SIMULATED_KNOWN_TRUTH,,False,False,representative-multibank-analog-1.0.0+seed.20260809
DEMO-R0272-fx-fx,DEMO-R0272,DEMO-TEAM-02,Cross-border FX,telecoms,South Africa,mid,established,2025-07-01,2026-06-30,2026-08-09,1567395559.35,4917697707.15,6485093266.5,0.24169206,0.31398847,3.18483036,False,,SYNTHETIC_SIMULATION,SIMULATED_KNOWN_TRUTH,,False,False,representative-multibank-analog-1.0.0+seed.20260809
DEMO-R0272-trade-finance,DEMO-R0272,DEMO-TEAM-02,Trade finance,telecoms,South Africa,mid,established,2025-07-01,2026-06-30,2026-08-09,520658174.48,2461858069.49,2982516243.98,0.17457011,0.31398847,3.18483036,False,,SYNTHETIC_SIMULATION,SIMULATED_KNOWN_TRUTH,,False,False,representative-multibank-analog-1.0.0+seed.20260809
DEMO-R0273-collections,DEMO-R0273,DEMO-TEAM-03,Collections,industrials_pharma,Global,large,new,2025-07-01,2026-06-30,2026-08-09,969954165.06,2201276487.38,3171230652.43,0.30586049,0.48953618,2.04274994,False,,SYNTHETIC_SIMULATION,SIMULATED_KNOWN_TRUTH,,False,False,representative-multibank-analog-1.0.0+seed.20260809
DEMO-R0273-payments,DEMO-R0273,DEMO-TEAM-03,Payments,industrials_pharma,Global,large,new,2025-07-01,2026-06-30,2026-08-09,3544017970.05,2339448637.41,5883466607.46,0.60236901,0.48953618,2.04274994,False,,SYNTHETIC_SIMULATION,SIMULATED_KNOWN_TRUTH,,False,False,representative-multibank-analog-1.0.0+seed.20260809
DEMO-R0273-liquidity,DEMO-R0273,DEMO-TEAM-03,Liquidity,industrials_pharma,Global,large,new,2025-07-01,2026-06-30,2026-08-09,5998320649.42,4542491735.23,10540812384.65,0.56905677,0.48953618,2.04274994,False,,SYNTHETIC_SIMULATION,SIMULATED_KNOWN_TRUTH,,False,False,representative-multibank-analog-1.0.0+seed.20260809
DEMO-R0273-fx-fx,DEMO-R0273,DEMO-TEAM-03,Cross-border FX,industrials_pharma,Global,large,new,2025-07-01,2026-06-30,2026-08-09,3088495519.47,9587642426.53,12676137945.99,0.24364641,0.48953618,2.04274994,False,,SYNTHETIC_SIMULATION,SIMULATED_KNOWN_TRUTH,,False,False,representative-multibank-analog-1.0.0+seed.20260809
DEMO-R0273-trade-finance,DEMO-R0273,DEMO-TEAM-03,Trade finance,industrials_pharma,Global,large,new,2025-07-01,2026-06-30,2026-08-09,1950232753.89,5368664022.91,7318896776.8,0.2664654,0.48953618,2.04274994,False,,SYNTHETIC_SIMULATION,SIMULATED_KNOWN_TRUTH,,False,False,representative-multibank-analog-1.0.0+seed.20260809
DEMO-R0274-collections,DEMO-R0274,DEMO-TEAM-04,Collections,consumer,South Africa,upper_mid,established,2025-07-01,2026-06-30,2026-08-09,3385242499.03,27439132965.14,30824375464.17,0.10982356,0.4151376,2.40883988,False,,SYNTHETIC_SIMULATION,SIMULATED_KNOWN_TRUTH,,False,False,representative-multibank-analog-1.0.0+seed.20260809
DEMO-R0274-payments,DEMO-R0274,DEMO-TEAM-04,Payments,consumer,South Africa,upper_mid,established,2025-07-01,2026-06-30,2026-08-09,15710658965.37,48106806312.81,63817465278.18,0.24618118,0.4151376,2.40883988,False,,SYNTHETIC_SIMULATION,SIMULATED_KNOWN_TRUTH,,False,False,representative-multibank-analog-1.0.0+seed.20260809
DEMO-R0274-liquidity,DEMO-R0274,DEMO-TEAM-04,Liquidity,consumer,South Africa,upper_mid,established,2025-07-01,2026-06-30,2026-08-09,5165103536.11,4773714845.16,9938818381.27,0.5196899,0.4151376,2.40883988,False,,SYNTHETIC_SIMULATION,SIMULATED_KNOWN_TRUTH,,False,False,representative-multibank-analog-1.0.0+seed.20260809
DEMO-R0274-fx-fx,DEMO-R0274,DEMO-TEAM-04,Cross-border FX,consumer,South Africa,upper_mid,established,2025-07-01,2026-06-30,2026-08-09,6244095735.56,83422920387.17,89667016122.73,0.06963648,0.4151376,2.40883988,False,,SYNTHETIC_SIMULATION,SIMULATED_KNOWN_TRUTH,,False,False,representative-multibank-analog-1.0.0+seed.20260809
DEMO-R0274-trade-finance,DEMO-R0274,DEMO-TEAM-04,Trade finance,consumer,South Africa,upper_mid,established,2025-07-01,2026-06-30,2026-08-09,957292412.94,5580785154.09,6538077567.03,0.14641803,0.4151376,2.40883988,False,,SYNTHETIC_SIMULATION,SIMULATED_KNOWN_TRUTH,,False,False,representative-multibank-analog-1.0.0+seed.20260809
DEMO-R0275-collections,DEMO-R0275,DEMO-TEAM-05,Collections,consumer,South Africa,large,developing,2025-07-01,2026-06-30,2026-08-09,5405744597.32,14356000906.61,19761745503.93,0.27354591,0.54106543,1.84820531,False,,SYNTHETIC_SIMULATION,SIMULATED_KNOWN_TRUTH,,False,False,representative-multibank-analog-1.0.0+seed.20260809
DEMO-R0275-payments,DEMO-R0275,DEMO-TEAM-05,Payments,consumer,South Africa,large,developing,2025-07-01,2026-06-30,2026-08-09,33746148329.39,124068178452.58,157814326781.98,0.2138345,0.54106543,1.84820531,False,,SYNTHETIC_SIMULATION,SIMULATED_KNOWN_TRUTH,,False,False,representative-multibank-analog-1.0.0+seed.20260809
DEMO-R0275-liquidity,DEMO-R0275,DEMO-TEAM-05,Liquidity,consumer,South Africa,large,developing,2025-07-01,2026-06-30,2026-08-09,14560095938.15,39272269593.58,53832365531.72,0.27047104,0.54106543,1.84820531,False,,SYNTHETIC_SIMULATION,SIMULATED_KNOWN_TRUTH,,False,False,representative-multibank-analog-1.0.0+seed.20260809
DEMO-R0275-fx-fx,DEMO-R0275,DEMO-TEAM-05,Cross-border FX,consumer,South Africa,large,developing,2025-07-01,2026-06-30,2026-08-09,12192268698.96,33310223507.51,45502492206.47,0.26794727,0.54106543,1.84820531,False,,SYNTHETIC_SIMULATION,SIMULATED_KNOWN_TRUTH,,False,False,representative-multibank-analog-1.0.0+seed.20260809
DEMO-R0275-trade-finance,DEMO-R0275,DEMO-TEAM-05,Trade finance,consumer,South Africa,large,developing,2025-07-01,2026-06-30,2026-08-09,3391217316.18,4192687628.14,7583904944.32,0.44715979,0.54106543,1.84820531,False,,SYNTHETIC_SIMULATION,SIMULATED_KNOWN_TRUTH,,False,False,representative-multibank-analog-1.0.0+seed.20260809
DEMO-R0276-collections,DEMO-R0276,DEMO-TEAM-06,Collections,tech,South Africa,mid,established,2025-07-01,2026-06-30,2026-08-09,192824226.07,560433354.81,753257580.89,0.2559871,0.31611816,3.1633741,False,,SYNTHETIC_SIMULATION,SIMULATED_KNOWN_TRUTH,,False,False,representative-multibank-analog-1.0.0+seed.20260809
DEMO-R0276-payments,DEMO-R0276,DEMO-TEAM-06,Payments,tech,South Africa,mid,established,2025-07-01,2026-06-30,2026-08-09,561453090.65,830941711.97,1392394802.62,0.40322837,0.31611816,3.1633741,False,,SYNTHETIC_SIMULATION,SIMULATED_KNOWN_TRUTH,,False,False,representative-multibank-analog-1.0.0+seed.20260809
DEMO-R0276-liquidity,DEMO-R0276,DEMO-TEAM-06,Liquidity,tech,South Africa,mid,established,2025-07-01,2026-06-30,2026-08-09,394258809.46,387101414.25,781360223.71,0.50458009,0.31611816,3.1633741,False,,SYNTHETIC_SIMULATION,SIMULATED_KNOWN_TRUTH,,False,False,representative-multibank-analog-1.0.0+seed.20260809
DEMO-R0276-fx-fx,DEMO-R0276,DEMO-TEAM-06,Cross-border FX,tech,South Africa,mid,established,2025-07-01,2026-06-30,2026-08-09,1016017577.7,2747403220.27,3763420797.97,0.26997182,0.31611816,3.1633741,False,,SYNTHETIC_SIMULATION,SIMULATED_KNOWN_TRUTH,,False,False,representative-multibank-analog-1.0.0+seed.20260809
DEMO-R0276-trade-finance,DEMO-R0276,DEMO-TEAM-06,Trade finance,tech,South Africa,mid,established,2025-07-01,2026-06-30,2026-08-09,14154958.71,36135905.4,50290864.11,0.28146183,0.31611816,3.1633741,False,,SYNTHETIC_SIMULATION,SIMULATED_KNOWN_TRUTH,,False,False,representative-multibank-analog-1.0.0+seed.20260809
DEMO-R0277-collections,DEMO-R0277,DEMO-TEAM-07,Collections,real_estate,South Africa,upper_mid,established,2025-07-01,2026-06-30,2026-08-09,6376372.28,21936074.74,28312447.02,0.22521445,0.39620509,2.52394534,False,,SYNTHETIC_SIMULATION,SIMULATED_KNOWN_TRUTH,,False,False,representative-multibank-analog-1.0.0+seed.20260809
DEMO-R0277-payments,DEMO-R0277,DEMO-TEAM-07,Payments,real_estate,South Africa,upper_mid,established,2025-07-01,2026-06-30,2026-08-09,29375577.25,37757981.71,67133558.97,0.43756919,0.39620509,2.52394534,False,,SYNTHETIC_SIMULATION,SIMULATED_KNOWN_TRUTH,,False,False,representative-multibank-analog-1.0.0+seed.20260809
DEMO-R0277-liquidity,DEMO-R0277,DEMO-TEAM-07,Liquidity,real_estate,South Africa,upper_mid,established,2025-07-01,2026-06-30,2026-08-09,21191810.55,52086384.5,73278195.05,0.28919668,0.39620509,2.52394534,False,,SYNTHETIC_SIMULATION,SIMULATED_KNOWN_TRUTH,,False,False,representative-multibank-analog-1.0.0+seed.20260809
DEMO-R0277-fx-fx,DEMO-R0277,DEMO-TEAM-07,Cross-border FX,real_estate,South Africa,upper_mid,established,2025-07-01,2026-06-30,2026-08-09,112293768.89,154488280.39,266782049.27,0.42091951,0.39620509,2.52394534,False,,SYNTHETIC_SIMULATION,SIMULATED_KNOWN_TRUTH,,False,False,representative-multibank-analog-1.0.0+seed.20260809
DEMO-R0277-trade-finance,DEMO-R0277,DEMO-TEAM-07,Trade finance,real_estate,South Africa,upper_mid,established,2025-07-01,2026-06-30,2026-08-09,8535226.3,23519497.39,32054723.69,0.26627047,0.39620509,2.52394534,False,,SYNTHETIC_SIMULATION,SIMULATED_KNOWN_TRUTH,,False,False,representative-multibank-analog-1.0.0+seed.20260809
DEMO-R0278-collections,DEMO-R0278,DEMO-TEAM-08,Collections,mining,SADC,mid,new,2025-07-01,2026-06-30,2026-08-09,958757304.46,823762393.56,1782519698.01,0.53786632,0.33228487,3.0094659,False,,SYNTHETIC_SIMULATION,SIMULATED_KNOWN_TRUTH,,False,False,representative-multibank-analog-1.0.0+seed.20260809
DEMO-R0278-payments,DEMO-R0278,DEMO-TEAM-08,Payments,mining,SADC,mid,new,2025-07-01,2026-06-30,2026-08-09,413514023.77,714825647.59,1128339671.35,0.36648009,0.33228487,3.0094659,False,,SYNTHETIC_SIMULATION,SIMULATED_KNOWN_TRUTH,,False,False,representative-multibank-analog-1.0.0+seed.20260809
DEMO-R0278-liquidity,DEMO-R0278,DEMO-TEAM-08,Liquidity,mining,SADC,mid,new,2025-07-01,2026-06-30,2026-08-09,364316950.81,1778168579.73,2142485530.53,0.17004407,0.33228487,3.0094659,False,,SYNTHETIC_SIMULATION,SIMULATED_KNOWN_TRUTH,,False,False,representative-multibank-analog-1.0.0+seed.20260809
DEMO-R0278-fx-fx,DEMO-R0278,DEMO-TEAM-08,Cross-border FX,mining,SADC,mid,new,2025-07-01,2026-06-30,2026-08-09,111011480.42,325288833.88,436300314.3,0.25443823,0.33228487,3.0094659,False,,SYNTHETIC_SIMULATION,SIMULATED_KNOWN_TRUTH,,False,False,representative-multibank-analog-1.0.0+seed.20260809
DEMO-R0278-trade-finance,DEMO-R0278,DEMO-TEAM-08,Trade finance,mining,SADC,mid,new,2025-07-01,2026-06-30,2026-08-09,218216305.35,389262276.8,607478582.15,0.35921646,0.33228487,3.0094659,False,,SYNTHETIC_SIMULATION,SIMULATED_KNOWN_TRUTH,,False,False,representative-multibank-analog-1.0.0+seed.20260809
DEMO-R0279-collections,DEMO-R0279,DEMO-TEAM-09,Collections,consumer,South Africa,mid,developing,2025-07-01,2026-06-30,2026-08-09,1350415604.09,3702353634.29,5052769238.38,0.26726247,0.3347897,2.98694968,False,,SYNTHETIC_SIMULATION,SIMULATED_KNOWN_TRUTH,,False,False,representative-multibank-analog-1.0.0+seed.20260809
DEMO-R0279-payments,DEMO-R0279,DEMO-TEAM-09,Payments,consumer,South Africa,mid,developing,2025-07-01,2026-06-30,2026-08-09,6521292586.25,17654013401.12,24175305987.37,0.26975016,0.3347897,2.98694968,False,,SYNTHETIC_SIMULATION,SIMULATED_KNOWN_TRUTH,,False,False,representative-multibank-analog-1.0.0+seed.20260809
DEMO-R0279-liquidity,DEMO-R0279,DEMO-TEAM-09,Liquidity,consumer,South Africa,mid,developing,2025-07-01,2026-06-30,2026-08-09,1725675568.33,9789608310.16,11515283878.49,0.14985958,0.3347897,2.98694968,False,,SYNTHETIC_SIMULATION,SIMULATED_KNOWN_TRUTH,,False,False,representative-multibank-analog-1.0.0+seed.20260809
DEMO-R0279-fx-fx,DEMO-R0279,DEMO-TEAM-09,Cross-border FX,consumer,South Africa,mid,developing,2025-07-01,2026-06-30,2026-08-09,1300822674.88,1885198755.48,3186021430.36,0.40829062,0.3347897,2.98694968,False,,SYNTHETIC_SIMULATION,SIMULATED_KNOWN_TRUTH,,False,False,representative-multibank-analog-1.0.0+seed.20260809
DEMO-R0279-trade-finance,DEMO-R0279,DEMO-TEAM-09,Trade finance,consumer,South Africa,mid,developing,2025-07-01,2026-06-30,2026-08-09,721040063.37,1923853448.88,2644893512.24,0.27261591,0.3347897,2.98694968,False,,SYNTHETIC_SIMULATION,SIMULATED_KNOWN_TRUTH,,False,False,representative-multibank-analog-1.0.0+seed.20260809
DEMO-R0280-collections,DEMO-R0280,DEMO-TEAM-10,Collections,consumer,Rest of Africa,upper_mid,developing,2025-07-01,2026-06-30,2026-08-09,6287080518.24,8173419625.39,14460500143.63,0.43477615,0.34564142,2.89317177,False,,SYNTHETIC_SIMULATION,SIMULATED_KNOWN_TRUTH,,False,False,representative-multibank-analog-1.0.0+seed.20260809
DEMO-R0280-payments,DEMO-R0280,DEMO-TEAM-10,Payments,consumer,Rest of Africa,upper_mid,developing,2025-07-01,2026-06-30,2026-08-09,10936418878.0,20812557742.47,31748976620.47,0.34446524,0.34564142,2.89317177,False,,SYNTHETIC_SIMULATION,SIMULATED_KNOWN_TRUTH,,False,False,representative-multibank-analog-1.0.0+seed.20260809
DEMO-R0280-liquidity,DEMO-R0280,DEMO-TEAM-10,Liquidity,consumer,Rest of Africa,upper_mid,developing,2025-07-01,2026-06-30,2026-08-09,3006005436.35,2518211229.04,5524216665.38,0.54415053,0.34564142,2.89317177,False,,SYNTHETIC_SIMULATION,SIMULATED_KNOWN_TRUTH,,False,False,representative-multibank-analog-1.0.0+seed.20260809
DEMO-R0280-fx-fx,DEMO-R0280,DEMO-TEAM-10,Cross-border FX,consumer,Rest of Africa,upper_mid,developing,2025-07-01,2026-06-30,2026-08-09,5548339680.33,17156970618.61,22705310298.94,0.24436309,0.34564142,2.89317177,False,,SYNTHETIC_SIMULATION,SIMULATED_KNOWN_TRUTH,,False,False,representative-multibank-analog-1.0.0+seed.20260809
DEMO-R0280-trade-finance,DEMO-R0280,DEMO-TEAM-10,Trade finance,consumer,Rest of Africa,upper_mid,developing,2025-07-01,2026-06-30,2026-08-09,1411502611.91,5143170012.51,6554672624.42,0.21534296,0.34564142,2.89317177,False,,SYNTHETIC_SIMULATION,SIMULATED_KNOWN_TRUTH,,False,False,representative-multibank-analog-1.0.0+seed.20260809
DEMO-R0281-collections,DEMO-R0281,DEMO-TEAM-11,Collections,consumer,SADC,upper_mid,developing,2025-07-01,2026-06-30,2026-08-09,4577188466.98,9074927623.94,13652116090.93,0.33527319,0.32873198,3.04199182,False,,SYNTHETIC_SIMULATION,SIMULATED_KNOWN_TRUTH,,False,False,representative-multibank-analog-1.0.0+seed.20260809
DEMO-R0281-payments,DEMO-R0281,DEMO-TEAM-11,Payments,consumer,SADC,upper_mid,developing,2025-07-01,2026-06-30,2026-08-09,8763151048.34,28790781246.99,37553932295.33,0.23334843,0.32873198,3.04199182,False,,SYNTHETIC_SIMULATION,SIMULATED_KNOWN_TRUTH,,False,False,representative-multibank-analog-1.0.0+seed.20260809
DEMO-R0281-liquidity,DEMO-R0281,DEMO-TEAM-11,Liquidity,consumer,SADC,upper_mid,developing,2025-07-01,2026-06-30,2026-08-09,10418111508.92,42132121502.93,52550233011.85,0.19825053,0.32873198,3.04199182,False,,SYNTHETIC_SIMULATION,SIMULATED_KNOWN_TRUTH,,False,False,representative-multibank-analog-1.0.0+seed.20260809
DEMO-R0281-fx-fx,DEMO-R0281,DEMO-TEAM-11,Cross-border FX,consumer,SADC,upper_mid,developing,2025-07-01,2026-06-30,2026-08-09,4042064621.32,20189131406.34,24231196027.66,0.16681243,0.32873198,3.04199182,False,,SYNTHETIC_SIMULATION,SIMULATED_KNOWN_TRUTH,,False,False,representative-multibank-analog-1.0.0+seed.20260809
DEMO-R0281-trade-finance,DEMO-R0281,DEMO-TEAM-11,Trade finance,consumer,SADC,upper_mid,developing,2025-07-01,2026-06-30,2026-08-09,1477947826.09,3026353279.37,4504301105.46,0.32811923,0.32873198,3.04199182,False,,SYNTHETIC_SIMULATION,SIMULATED_KNOWN_TRUTH,,False,False,representative-multibank-analog-1.0.0+seed.20260809
DEMO-R0282-collections,DEMO-R0282,DEMO-TEAM-12,Collections,consumer,Rest of Africa,upper_mid,developing,2025-07-01,2026-06-30,2026-08-09,4553808226.01,8624667086.93,13178475312.94,0.34554894,0.37624213,2.65786287,False,,SYNTHETIC_SIMULATION,SIMULATED_KNOWN_TRUTH,,False,False,representative-multibank-analog-1.0.0+seed.20260809
DEMO-R0282-payments,DEMO-R0282,DEMO-TEAM-12,Payments,consumer,Rest of Africa,upper_mid,developing,2025-07-01,2026-06-30,2026-08-09,2894954999.96,3361710248.8,6256665248.76,0.46269936,0.37624213,2.65786287,False,,SYNTHETIC_SIMULATION,SIMULATED_KNOWN_TRUTH,,False,False,representative-multibank-analog-1.0.0+seed.20260809
DEMO-R0282-liquidity,DEMO-R0282,DEMO-TEAM-12,Liquidity,consumer,Rest of Africa,upper_mid,developing,2025-07-01,2026-06-30,2026-08-09,3555948654.59,5826635849.11,9382584503.7,0.37899458,0.37624213,2.65786287,False,,SYNTHETIC_SIMULATION,SIMULATED_KNOWN_TRUTH,,False,False,representative-multibank-analog-1.0.0+seed.20260809
DEMO-R0282-fx-fx,DEMO-R0282,DEMO-TEAM-12,Cross-border FX,consumer,Rest of Africa,upper_mid,developing,2025-07-01,2026-06-30,2026-08-09,3489466937.97,26157435397.89,29646902335.86,0.11770089,0.37624213,2.65786287,False,,SYNTHETIC_SIMULATION,SIMULATED_KNOWN_TRUTH,,False,False,representative-multibank-analog-1.0.0+seed.20260809
DEMO-R0282-trade-finance,DEMO-R0282,DEMO-TEAM-12,Trade finance,consumer,Rest of Africa,upper_mid,developing,2025-07-01,2026-06-30,2026-08-09,1604665031.4,30488635596.66,32093300628.06,0.05,0.37624213,2.65786287,False,,SYNTHETIC_SIMULATION,SIMULATED_KNOWN_TRUTH,,False,False,representative-multibank-analog-1.0.0+seed.20260809
DEMO-R0283-collections,DEMO-R0283,DEMO-TEAM-13,Collections,mining,Global,upper_mid,established,2025-07-01,2026-06-30,2026-08-09,1575109613.55,1257844521.91,2832954135.46,0.55599545,0.42021121,2.37975562,False,,SYNTHETIC_SIMULATION,SIMULATED_KNOWN_TRUTH,,False,False,representative-multibank-analog-1.0.0+seed.20260809
DEMO-R0283-payments,DEMO-R0283,DEMO-TEAM-13,Payments,mining,Global,upper_mid,established,2025-07-01,2026-06-30,2026-08-09,1870743147.35,10646610012.45,12517353159.81,0.14945197,0.42021121,2.37975562,False,,SYNTHETIC_SIMULATION,SIMULATED_KNOWN_TRUTH,,False,False,representative-multibank-analog-1.0.0+seed.20260809
DEMO-R0283-liquidity,DEMO-R0283,DEMO-TEAM-13,Liquidity,mining,Global,upper_mid,established,2025-07-01,2026-06-30,2026-08-09,1089148887.48,3472021142.21,4561170029.69,0.23878717,0.42021121,2.37975562,False,,SYNTHETIC_SIMULATION,SIMULATED_KNOWN_TRUTH,,False,False,representative-multibank-analog-1.0.0+seed.20260809
DEMO-R0283-fx-fx,DEMO-R0283,DEMO-TEAM-13,Cross-border FX,mining,Global,upper_mid,established,2025-07-01,2026-06-30,2026-08-09,666412104.55,4705812994.03,5372225098.58,0.12404769,0.42021121,2.37975562,False,,SYNTHETIC_SIMULATION,SIMULATED_KNOWN_TRUTH,,False,False,representative-multibank-analog-1.0.0+seed.20260809
DEMO-R0283-trade-finance,DEMO-R0283,DEMO-TEAM-13,Trade finance,mining,Global,upper_mid,established,2025-07-01,2026-06-30,2026-08-09,726900891.88,12208718713.52,12935619605.4,0.05619374,0.42021121,2.37975562,False,,SYNTHETIC_SIMULATION,SIMULATED_KNOWN_TRUTH,,False,False,representative-multibank-analog-1.0.0+seed.20260809
DEMO-R0284-collections,DEMO-R0284,DEMO-TEAM-14,Collections,mining,Global,large,developing,2025-07-01,2026-06-30,2026-08-09,6014573369.12,16790758737.38,22805332106.5,0.2637354,0.47595925,2.10102018,False,,SYNTHETIC_SIMULATION,SIMULATED_KNOWN_TRUTH,,False,False,representative-multibank-analog-1.0.0+seed.20260809
DEMO-R0284-payments,DEMO-R0284,DEMO-TEAM-14,Payments,mining,Global,large,developing,2025-07-01,2026-06-30,2026-08-09,2171317413.37,5491174550.81,7662491964.19,0.28336962,0.47595925,2.10102018,False,,SYNTHETIC_SIMULATION,SIMULATED_KNOWN_TRUTH,,False,False,representative-multibank-analog-1.0.0+seed.20260809
DEMO-R0284-liquidity,DEMO-R0284,DEMO-TEAM-14,Liquidity,mining,Global,large,developing,2025-07-01,2026-06-30,2026-08-09,4195943478.72,6906244016.96,11102187495.68,0.37793845,0.47595925,2.10102018,False,,SYNTHETIC_SIMULATION,SIMULATED_KNOWN_TRUTH,,False,False,representative-multibank-analog-1.0.0+seed.20260809
DEMO-R0284-fx-fx,DEMO-R0284,DEMO-TEAM-14,Cross-border FX,mining,Global,large,developing,2025-07-01,2026-06-30,2026-08-09,3352322831.61,5320435608.98,8672758440.59,0.38653479,0.47595925,2.10102018,False,,SYNTHETIC_SIMULATION,SIMULATED_KNOWN_TRUTH,,False,False,representative-multibank-analog-1.0.0+seed.20260809
DEMO-R0284-trade-finance,DEMO-R0284,DEMO-TEAM-14,Trade finance,mining,Global,large,developing,2025-07-01,2026-06-30,2026-08-09,2279755956.43,14230093509.04,16509849465.47,0.1380846,0.47595925,2.10102018,False,,SYNTHETIC_SIMULATION,SIMULATED_KNOWN_TRUTH,,False,False,representative-multibank-analog-1.0.0+seed.20260809
DEMO-R0285-collections,DEMO-R0285,DEMO-TEAM-15,Collections,real_estate,Rest of Africa,large,new,2025-07-01,2026-06-30,2026-08-09,51887825.0,296392545.92,348280370.92,0.14898292,0.44927277,2.22581928,False,,SYNTHETIC_SIMULATION,SIMULATED_KNOWN_TRUTH,,False,False,representative-multibank-analog-1.0.0+seed.20260809
DEMO-R0285-payments,DEMO-R0285,DEMO-TEAM-15,Payments,real_estate,Rest of Africa,large,new,2025-07-01,2026-06-30,2026-08-09,21027938.95,44337561.06,65365500.01,0.32169782,0.44927277,2.22581928,False,,SYNTHETIC_SIMULATION,SIMULATED_KNOWN_TRUTH,,False,False,representative-multibank-analog-1.0.0+seed.20260809
DEMO-R0285-liquidity,DEMO-R0285,DEMO-TEAM-15,Liquidity,real_estate,Rest of Africa,large,new,2025-07-01,2026-06-30,2026-08-09,30824218.76,120346999.88,151171218.64,0.20390269,0.44927277,2.22581928,False,,SYNTHETIC_SIMULATION,SIMULATED_KNOWN_TRUTH,,False,False,representative-multibank-analog-1.0.0+seed.20260809
DEMO-R0285-fx-fx,DEMO-R0285,DEMO-TEAM-15,Cross-border FX,real_estate,Rest of Africa,large,new,2025-07-01,2026-06-30,2026-08-09,375668870.19,794007820.76,1169676690.95,0.32117326,0.44927277,2.22581928,False,,SYNTHETIC_SIMULATION,SIMULATED_KNOWN_TRUTH,,False,False,representative-multibank-analog-1.0.0+seed.20260809
DEMO-R0285-trade-finance,DEMO-R0285,DEMO-TEAM-15,Trade finance,real_estate,Rest of Africa,large,new,2025-07-01,2026-06-30,2026-08-09,22332352.55,70305191.23,92637543.77,0.24107237,0.44927277,2.22581928,False,,SYNTHETIC_SIMULATION,SIMULATED_KNOWN_TRUTH,,False,False,representative-multibank-analog-1.0.0+seed.20260809
DEMO-R0286-collections,DEMO-R0286,DEMO-TEAM-16,Collections,consumer,Global,large,developing,2025-07-01,2026-06-30,2026-08-09,14001727158.47,6441196865.6,20442924024.07,0.68491803,0.48741473,2.05164092,False,,SYNTHETIC_SIMULATION,SIMULATED_KNOWN_TRUTH,,False,False,representative-multibank-analog-1.0.0+seed.20260809
DEMO-R0286-payments,DEMO-R0286,DEMO-TEAM-16,Payments,consumer,Global,large,developing,2025-07-01,2026-06-30,2026-08-09,12957497652.87,12743058356.17,25700556009.04,0.50417188,0.48741473,2.05164092,False,,SYNTHETIC_SIMULATION,SIMULATED_KNOWN_TRUTH,,False,False,representative-multibank-analog-1.0.0+seed.20260809
DEMO-R0286-liquidity,DEMO-R0286,DEMO-TEAM-16,Liquidity,consumer,Global,large,developing,2025-07-01,2026-06-30,2026-08-09,10144384822.73,21598310420.24,31742695242.97,0.31958171,0.48741473,2.05164092,False,,SYNTHETIC_SIMULATION,SIMULATED_KNOWN_TRUTH,,False,False,representative-multibank-analog-1.0.0+seed.20260809
DEMO-R0286-fx-fx,DEMO-R0286,DEMO-TEAM-16,Cross-border FX,consumer,Global,large,developing,2025-07-01,2026-06-30,2026-08-09,21029524141.42,33328916379.45,54358440520.87,0.38686769,0.48741473,2.05164092,False,,SYNTHETIC_SIMULATION,SIMULATED_KNOWN_TRUTH,,False,False,representative-multibank-analog-1.0.0+seed.20260809
DEMO-R0286-trade-finance,DEMO-R0286,DEMO-TEAM-16,Trade finance,consumer,Global,large,developing,2025-07-01,2026-06-30,2026-08-09,3428504107.27,11303615115.83,14732119223.1,0.23272308,0.48741473,2.05164092,False,,SYNTHETIC_SIMULATION,SIMULATED_KNOWN_TRUTH,,False,False,representative-multibank-analog-1.0.0+seed.20260809
DEMO-R0287-collections,DEMO-R0287,DEMO-TEAM-17,Collections,mining,South Africa,upper_mid,established,2025-07-01,2026-06-30,2026-08-09,1255411045.03,1799895958.29,3055307003.33,0.41089522,0.37646965,2.6562566,False,,SYNTHETIC_SIMULATION,SIMULATED_KNOWN_TRUTH,,False,False,representative-multibank-analog-1.0.0+seed.20260809
DEMO-R0287-payments,DEMO-R0287,DEMO-TEAM-17,Payments,mining,South Africa,upper_mid,established,2025-07-01,2026-06-30,2026-08-09,1395796054.12,3849260203.88,5245056257.99,0.26611651,0.37646965,2.6562566,False,,SYNTHETIC_SIMULATION,SIMULATED_KNOWN_TRUTH,,False,False,representative-multibank-analog-1.0.0+seed.20260809
DEMO-R0287-liquidity,DEMO-R0287,DEMO-TEAM-17,Liquidity,mining,South Africa,upper_mid,established,2025-07-01,2026-06-30,2026-08-09,2340687183.87,27230344248.16,29571031432.03,0.07915474,0.37646965,2.6562566,False,,SYNTHETIC_SIMULATION,SIMULATED_KNOWN_TRUTH,,False,False,representative-multibank-analog-1.0.0+seed.20260809
DEMO-R0287-fx-fx,DEMO-R0287,DEMO-TEAM-17,Cross-border FX,mining,South Africa,upper_mid,established,2025-07-01,2026-06-30,2026-08-09,1642210025.85,15234395149.4,16876605175.25,0.09730689,0.37646965,2.6562566,False,,SYNTHETIC_SIMULATION,SIMULATED_KNOWN_TRUTH,,False,False,representative-multibank-analog-1.0.0+seed.20260809
DEMO-R0287-trade-finance,DEMO-R0287,DEMO-TEAM-17,Trade finance,mining,South Africa,upper_mid,established,2025-07-01,2026-06-30,2026-08-09,1953673666.09,5521373690.99,7475047357.09,0.26135937,0.37646965,2.6562566,False,,SYNTHETIC_SIMULATION,SIMULATED_KNOWN_TRUTH,,False,False,representative-multibank-analog-1.0.0+seed.20260809
DEMO-R0288-collections,DEMO-R0288,DEMO-TEAM-18,Collections,consumer,SADC,upper_mid,new,2025-07-01,2026-06-30,2026-08-09,2014163201.42,2971076530.58,4985239732.0,0.40402534,0.30425992,3.28666356,False,,SYNTHETIC_SIMULATION,SIMULATED_KNOWN_TRUTH,,False,False,representative-multibank-analog-1.0.0+seed.20260809
DEMO-R0288-payments,DEMO-R0288,DEMO-TEAM-18,Payments,consumer,SADC,upper_mid,new,2025-07-01,2026-06-30,2026-08-09,7369222632.11,9101481120.9,16470703753.01,0.44741395,0.30425992,3.28666356,False,,SYNTHETIC_SIMULATION,SIMULATED_KNOWN_TRUTH,,False,False,representative-multibank-analog-1.0.0+seed.20260809
DEMO-R0288-liquidity,DEMO-R0288,DEMO-TEAM-18,Liquidity,consumer,SADC,upper_mid,new,2025-07-01,2026-06-30,2026-08-09,6524578637.15,8466174418.81,14990753055.96,0.43524022,0.30425992,3.28666356,False,,SYNTHETIC_SIMULATION,SIMULATED_KNOWN_TRUTH,,False,False,representative-multibank-analog-1.0.0+seed.20260809
DEMO-R0288-fx-fx,DEMO-R0288,DEMO-TEAM-18,Cross-border FX,consumer,SADC,upper_mid,new,2025-07-01,2026-06-30,2026-08-09,3003409294.03,4506583452.35,7509992746.38,0.39992173,0.30425992,3.28666356,False,,SYNTHETIC_SIMULATION,SIMULATED_KNOWN_TRUTH,,False,False,representative-multibank-analog-1.0.0+seed.20260809
DEMO-R0288-trade-finance,DEMO-R0288,DEMO-TEAM-18,Trade finance,consumer,SADC,upper_mid,new,2025-07-01,2026-06-30,2026-08-09,767229160.15,9416239125.1,10183468285.25,0.07534065,0.30425992,3.28666356,False,,SYNTHETIC_SIMULATION,SIMULATED_KNOWN_TRUTH,,False,False,representative-multibank-analog-1.0.0+seed.20260809
DEMO-R0289-collections,DEMO-R0289,DEMO-TEAM-19,Collections,mining,South Africa,upper_mid,established,2025-07-01,2026-06-30,2026-08-09,2119956282.49,2639116342.38,4759072624.87,0.44545575,0.42619003,2.34637115,False,,SYNTHETIC_SIMULATION,SIMULATED_KNOWN_TRUTH,,False,False,representative-multibank-analog-1.0.0+seed.20260809
DEMO-R0289-payments,DEMO-R0289,DEMO-TEAM-19,Payments,mining,South Africa,upper_mid,established,2025-07-01,2026-06-30,2026-08-09,1992871017.16,3108730743.11,5101601760.27,0.39063634,0.42619003,2.34637115,False,,SYNTHETIC_SIMULATION,SIMULATED_KNOWN_TRUTH,,False,False,representative-multibank-analog-1.0.0+seed.20260809
DEMO-R0289-liquidity,DEMO-R0289,DEMO-TEAM-19,Liquidity,mining,South Africa,upper_mid,established,2025-07-01,2026-06-30,2026-08-09,1256219236.48,8447713538.56,9703932775.04,0.12945465,0.42619003,2.34637115,False,,SYNTHETIC_SIMULATION,SIMULATED_KNOWN_TRUTH,,False,False,representative-multibank-analog-1.0.0+seed.20260809
DEMO-R0289-fx-fx,DEMO-R0289,DEMO-TEAM-19,Cross-border FX,mining,South Africa,upper_mid,established,2025-07-01,2026-06-30,2026-08-09,1349447715.48,4862278822.3,6211726537.79,0.21724197,0.42619003,2.34637115,False,,SYNTHETIC_SIMULATION,SIMULATED_KNOWN_TRUTH,,False,False,representative-multibank-analog-1.0.0+seed.20260809
DEMO-R0289-trade-finance,DEMO-R0289,DEMO-TEAM-19,Trade finance,mining,South Africa,upper_mid,established,2025-07-01,2026-06-30,2026-08-09,546514984.45,4758666222.91,5305181207.36,0.10301533,0.42619003,2.34637115,False,,SYNTHETIC_SIMULATION,SIMULATED_KNOWN_TRUTH,,False,False,representative-multibank-analog-1.0.0+seed.20260809
DEMO-R0290-collections,DEMO-R0290,DEMO-TEAM-20,Collections,consumer,Global,mid,developing,2025-07-01,2026-06-30,2026-08-09,1016467882.59,1148678447.67,2165146330.27,0.46946845,0.2802381,3.5683941,False,,SYNTHETIC_SIMULATION,SIMULATED_KNOWN_TRUTH,,False,False,representative-multibank-analog-1.0.0+seed.20260809
DEMO-R0290-payments,DEMO-R0290,DEMO-TEAM-20,Payments,consumer,Global,mid,developing,2025-07-01,2026-06-30,2026-08-09,2246255647.0,3706015166.2,5952270813.2,0.37737793,0.2802381,3.5683941,False,,SYNTHETIC_SIMULATION,SIMULATED_KNOWN_TRUTH,,False,False,representative-multibank-analog-1.0.0+seed.20260809
DEMO-R0290-liquidity,DEMO-R0290,DEMO-TEAM-20,Liquidity,consumer,Global,mid,developing,2025-07-01,2026-06-30,2026-08-09,3336393614.78,7931216452.07,11267610066.85,0.29610482,0.2802381,3.5683941,False,,SYNTHETIC_SIMULATION,SIMULATED_KNOWN_TRUTH,,False,False,representative-multibank-analog-1.0.0+seed.20260809
DEMO-R0290-fx-fx,DEMO-R0290,DEMO-TEAM-20,Cross-border FX,consumer,Global,mid,developing,2025-07-01,2026-06-30,2026-08-09,3507556537.33,16747088439.53,20254644976.86,0.17317295,0.2802381,3.5683941,False,,SYNTHETIC_SIMULATION,SIMULATED_KNOWN_TRUTH,,False,False,representative-multibank-analog-1.0.0+seed.20260809
DEMO-R0290-trade-finance,DEMO-R0290,DEMO-TEAM-20,Trade finance,consumer,Global,mid,developing,2025-07-01,2026-06-30,2026-08-09,509423207.04,1622866878.05,2132290085.09,0.23890896,0.2802381,3.5683941,False,,SYNTHETIC_SIMULATION,SIMULATED_KNOWN_TRUTH,,False,False,representative-multibank-analog-1.0.0+seed.20260809
DEMO-R0291-collections,DEMO-R0291,DEMO-TEAM-21,Collections,consumer,South Africa,large,established,2025-07-01,2026-06-30,2026-08-09,4227602363.92,19755911852.92,23983514216.83,0.17627118,0.5400436,1.85170235,False,,SYNTHETIC_SIMULATION,SIMULATED_KNOWN_TRUTH,,False,False,representative-multibank-analog-1.0.0+seed.20260809
DEMO-R0291-payments,DEMO-R0291,DEMO-TEAM-21,Payments,consumer,South Africa,large,established,2025-07-01,2026-06-30,2026-08-09,31870053583.82,48901010734.91,80771064318.73,0.39457266,0.5400436,1.85170235,False,,SYNTHETIC_SIMULATION,SIMULATED_KNOWN_TRUTH,,False,False,representative-multibank-analog-1.0.0+seed.20260809
DEMO-R0291-liquidity,DEMO-R0291,DEMO-TEAM-21,Liquidity,consumer,South Africa,large,established,2025-07-01,2026-06-30,2026-08-09,22061368277.52,29816653915.97,51878022193.49,0.42525461,0.5400436,1.85170235,False,,SYNTHETIC_SIMULATION,SIMULATED_KNOWN_TRUTH,,False,False,representative-multibank-analog-1.0.0+seed.20260809
DEMO-R0291-fx-fx,DEMO-R0291,DEMO-TEAM-21,Cross-border FX,consumer,South Africa,large,established,2025-07-01,2026-06-30,2026-08-09,8787122835.47,22455898866.06,31243021701.53,0.28125074,0.5400436,1.85170235,False,,SYNTHETIC_SIMULATION,SIMULATED_KNOWN_TRUTH,,False,False,representative-multibank-analog-1.0.0+seed.20260809
DEMO-R0291-trade-finance,DEMO-R0291,DEMO-TEAM-21,Trade finance,consumer,South Africa,large,established,2025-07-01,2026-06-30,2026-08-09,3586130078.8,15800870518.35,19387000597.14,0.18497601,0.5400436,1.85170235,False,,SYNTHETIC_SIMULATION,SIMULATED_KNOWN_TRUTH,,False,False,representative-multibank-analog-1.0.0+seed.20260809
DEMO-R0292-collections,DEMO-R0292,DEMO-TEAM-22,Collections,real_estate,SADC,large,established,2025-07-01,2026-06-30,2026-08-09,18341352.08,12930842.13,31272194.2,0.58650672,0.53965685,1.85302939,False,,SYNTHETIC_SIMULATION,SIMULATED_KNOWN_TRUTH,,False,False,representative-multibank-analog-1.0.0+seed.20260809
DEMO-R0292-payments,DEMO-R0292,DEMO-TEAM-22,Payments,real_estate,SADC,large,established,2025-07-01,2026-06-30,2026-08-09,27474529.09,31149704.57,58624233.66,0.46865481,0.53965685,1.85302939,False,,SYNTHETIC_SIMULATION,SIMULATED_KNOWN_TRUTH,,False,False,representative-multibank-analog-1.0.0+seed.20260809
DEMO-R0292-liquidity,DEMO-R0292,DEMO-TEAM-22,Liquidity,real_estate,SADC,large,established,2025-07-01,2026-06-30,2026-08-09,21511593.42,111173076.97,132684670.39,0.16212569,0.53965685,1.85302939,False,,SYNTHETIC_SIMULATION,SIMULATED_KNOWN_TRUTH,,False,False,representative-multibank-analog-1.0.0+seed.20260809
DEMO-R0292-fx-fx,DEMO-R0292,DEMO-TEAM-22,Cross-border FX,real_estate,SADC,large,established,2025-07-01,2026-06-30,2026-08-09,439631041.36,3381633114.13,3821264155.48,0.11504859,0.53965685,1.85302939,False,,SYNTHETIC_SIMULATION,SIMULATED_KNOWN_TRUTH,,False,False,representative-multibank-analog-1.0.0+seed.20260809
DEMO-R0292-trade-finance,DEMO-R0292,DEMO-TEAM-22,Trade finance,real_estate,SADC,large,established,2025-07-01,2026-06-30,2026-08-09,10960128.33,48883212.2,59843340.53,0.183147,0.53965685,1.85302939,False,,SYNTHETIC_SIMULATION,SIMULATED_KNOWN_TRUTH,,False,False,representative-multibank-analog-1.0.0+seed.20260809
DEMO-R0293-collections,DEMO-R0293,DEMO-TEAM-23,Collections,insurance,SADC,upper_mid,developing,2025-07-01,2026-06-30,2026-08-09,1575866727.53,2627654213.82,4203520941.34,0.37489208,0.38944831,2.56773487,False,,SYNTHETIC_SIMULATION,SIMULATED_KNOWN_TRUTH,,False,False,representative-multibank-analog-1.0.0+seed.20260809
DEMO-R0293-payments,DEMO-R0293,DEMO-TEAM-23,Payments,insurance,SADC,upper_mid,developing,2025-07-01,2026-06-30,2026-08-09,5235369721.62,17797453838.02,23032823559.64,0.22730039,0.38944831,2.56773487,False,,SYNTHETIC_SIMULATION,SIMULATED_KNOWN_TRUTH,,False,False,representative-multibank-analog-1.0.0+seed.20260809
DEMO-R0293-liquidity,DEMO-R0293,DEMO-TEAM-23,Liquidity,insurance,SADC,upper_mid,developing,2025-07-01,2026-06-30,2026-08-09,5950677655.16,27587479810.97,33538157466.13,0.17743007,0.38944831,2.56773487,False,,SYNTHETIC_SIMULATION,SIMULATED_KNOWN_TRUTH,,False,False,representative-multibank-analog-1.0.0+seed.20260809
DEMO-R0293-fx-fx,DEMO-R0293,DEMO-TEAM-23,Cross-border FX,insurance,SADC,upper_mid,developing,2025-07-01,2026-06-30,2026-08-09,2522741406.75,3848771554.74,6371512961.49,0.39594072,0.38944831,2.56773487,False,,SYNTHETIC_SIMULATION,SIMULATED_KNOWN_TRUTH,,False,False,representative-multibank-analog-1.0.0+seed.20260809
DEMO-R0293-trade-finance,DEMO-R0293,DEMO-TEAM-23,Trade finance,insurance,SADC,upper_mid,developing,2025-07-01,2026-06-30,2026-08-09,117446625.09,956205683.62,1073652308.71,0.10938981,0.38944831,2.56773487,False,,SYNTHETIC_SIMULATION,SIMULATED_KNOWN_TRUTH,,False,False,representative-multibank-analog-1.0.0+seed.20260809
DEMO-R0294-collections,DEMO-R0294,DEMO-TEAM-24,Collections,telecoms,South Africa,upper_mid,developing,2025-07-01,2026-06-30,2026-08-09,2066173266.56,2925168225.59,4991341492.15,0.41395149,0.3798626,2.63253084,False,,SYNTHETIC_SIMULATION,SIMULATED_KNOWN_TRUTH,,False,False,representative-multibank-analog-1.0.0+seed.20260809
DEMO-R0294-payments,DEMO-R0294,DEMO-TEAM-24,Payments,telecoms,South Africa,upper_mid,developing,2025-07-01,2026-06-30,2026-08-09,8335273875.07,11527810623.31,19863084498.38,0.41963643,0.3798626,2.63253084,False,,SYNTHETIC_SIMULATION,SIMULATED_KNOWN_TRUTH,,False,False,representative-multibank-analog-1.0.0+seed.20260809
DEMO-R0294-liquidity,DEMO-R0294,DEMO-TEAM-24,Liquidity,telecoms,South Africa,upper_mid,developing,2025-07-01,2026-06-30,2026-08-09,4122847525.5,16310673951.05,20433521476.55,0.20176882,0.3798626,2.63253084,False,,SYNTHETIC_SIMULATION,SIMULATED_KNOWN_TRUTH,,False,False,representative-multibank-analog-1.0.0+seed.20260809
DEMO-R0294-fx-fx,DEMO-R0294,DEMO-TEAM-24,Cross-border FX,telecoms,South Africa,upper_mid,developing,2025-07-01,2026-06-30,2026-08-09,6144831712.9,29824734738.78,35969566451.68,0.17083419,0.3798626,2.63253084,False,,SYNTHETIC_SIMULATION,SIMULATED_KNOWN_TRUTH,,False,False,representative-multibank-analog-1.0.0+seed.20260809
DEMO-R0294-trade-finance,DEMO-R0294,DEMO-TEAM-24,Trade finance,telecoms,South Africa,upper_mid,developing,2025-07-01,2026-06-30,2026-08-09,524933579.07,633465509.62,1158399088.7,0.45315434,0.3798626,2.63253084,False,,SYNTHETIC_SIMULATION,SIMULATED_KNOWN_TRUTH,,False,False,representative-multibank-analog-1.0.0+seed.20260809
DEMO-R0295-collections,DEMO-R0295,DEMO-TEAM-25,Collections,real_estate,Rest of Africa,mid,established,2025-07-01,2026-06-30,2026-08-09,6289403.24,20237928.5,26527331.73,0.23709144,0.31267155,3.1982443,False,,SYNTHETIC_SIMULATION,SIMULATED_KNOWN_TRUTH,,False,False,representative-multibank-analog-1.0.0+seed.20260809
DEMO-R0295-payments,DEMO-R0295,DEMO-TEAM-25,Payments,real_estate,Rest of Africa,mid,established,2025-07-01,2026-06-30,2026-08-09,16696681.99,99293657.99,115990339.98,0.1439489,0.31267155,3.1982443,False,,SYNTHETIC_SIMULATION,SIMULATED_KNOWN_TRUTH,,False,False,representative-multibank-analog-1.0.0+seed.20260809
DEMO-R0295-liquidity,DEMO-R0295,DEMO-TEAM-25,Liquidity,real_estate,Rest of Africa,mid,established,2025-07-01,2026-06-30,2026-08-09,6725340.51,8536786.74,15262127.25,0.44065551,0.31267155,3.1982443,False,,SYNTHETIC_SIMULATION,SIMULATED_KNOWN_TRUTH,,False,False,representative-multibank-analog-1.0.0+seed.20260809
DEMO-R0295-fx-fx,DEMO-R0295,DEMO-TEAM-25,Cross-border FX,real_estate,Rest of Africa,mid,established,2025-07-01,2026-06-30,2026-08-09,128060343.82,815666061.7,943726405.52,0.13569647,0.31267155,3.1982443,False,,SYNTHETIC_SIMULATION,SIMULATED_KNOWN_TRUTH,,False,False,representative-multibank-analog-1.0.0+seed.20260809
DEMO-R0295-trade-finance,DEMO-R0295,DEMO-TEAM-25,Trade finance,real_estate,Rest of Africa,mid,established,2025-07-01,2026-06-30,2026-08-09,4188478.41,5024760.45,9213238.86,0.4546152,0.31267155,3.1982443,False,,SYNTHETIC_SIMULATION,SIMULATED_KNOWN_TRUTH,,False,False,representative-multibank-analog-1.0.0+seed.20260809
DEMO-R0296-collections,DEMO-R0296,DEMO-TEAM-26,Collections,mining,South Africa,mid,developing,2025-07-01,2026-06-30,2026-08-09,210103742.94,648707798.37,858811541.31,0.24464476,0.28844072,3.4669169,False,,SYNTHETIC_SIMULATION,SIMULATED_KNOWN_TRUTH,,False,False,representative-multibank-analog-1.0.0+seed.20260809
DEMO-R0296-payments,DEMO-R0296,DEMO-TEAM-26,Payments,mining,South Africa,mid,developing,2025-07-01,2026-06-30,2026-08-09,766449078.35,2594266371.79,3360715450.14,0.22806128,0.28844072,3.4669169,False,,SYNTHETIC_SIMULATION,SIMULATED_KNOWN_TRUTH,,False,False,representative-multibank-analog-1.0.0+seed.20260809
DEMO-R0296-liquidity,DEMO-R0296,DEMO-TEAM-26,Liquidity,mining,South Africa,mid,developing,2025-07-01,2026-06-30,2026-08-09,220258915.93,434644547.36,654903463.29,0.33632272,0.28844072,3.4669169,False,,SYNTHETIC_SIMULATION,SIMULATED_KNOWN_TRUTH,,False,False,representative-multibank-analog-1.0.0+seed.20260809
DEMO-R0296-fx-fx,DEMO-R0296,DEMO-TEAM-26,Cross-border FX,mining,South Africa,mid,developing,2025-07-01,2026-06-30,2026-08-09,400925669.72,538973423.47,939899093.19,0.42656246,0.28844072,3.4669169,False,,SYNTHETIC_SIMULATION,SIMULATED_KNOWN_TRUTH,,False,False,representative-multibank-analog-1.0.0+seed.20260809
DEMO-R0296-trade-finance,DEMO-R0296,DEMO-TEAM-26,Trade finance,mining,South Africa,mid,developing,2025-07-01,2026-06-30,2026-08-09,457114656.84,1116592910.35,1573707567.19,0.29046989,0.28844072,3.4669169,False,,SYNTHETIC_SIMULATION,SIMULATED_KNOWN_TRUTH,,False,False,representative-multibank-analog-1.0.0+seed.20260809
DEMO-R0297-collections,DEMO-R0297,DEMO-TEAM-27,Collections,real_estate,Rest of Africa,upper_mid,established,2025-07-01,2026-06-30,2026-08-09,5433951.5,27067439.13,32501390.63,0.16719135,0.43398914,2.30420511,False,,SYNTHETIC_SIMULATION,SIMULATED_KNOWN_TRUTH,,False,False,representative-multibank-analog-1.0.0+seed.20260809
DEMO-R0297-payments,DEMO-R0297,DEMO-TEAM-27,Payments,real_estate,Rest of Africa,upper_mid,established,2025-07-01,2026-06-30,2026-08-09,14825416.98,6224539.64,21049956.62,0.70429679,0.43398914,2.30420511,False,,SYNTHETIC_SIMULATION,SIMULATED_KNOWN_TRUTH,,False,False,representative-multibank-analog-1.0.0+seed.20260809
DEMO-R0297-liquidity,DEMO-R0297,DEMO-TEAM-27,Liquidity,real_estate,Rest of Africa,upper_mid,established,2025-07-01,2026-06-30,2026-08-09,9586628.98,17182784.15,26769413.13,0.35811876,0.43398914,2.30420511,False,,SYNTHETIC_SIMULATION,SIMULATED_KNOWN_TRUTH,,False,False,representative-multibank-analog-1.0.0+seed.20260809
DEMO-R0297-fx-fx,DEMO-R0297,DEMO-TEAM-27,Cross-border FX,real_estate,Rest of Africa,upper_mid,established,2025-07-01,2026-06-30,2026-08-09,510156932.47,1502163177.87,2012320110.33,0.25351679,0.43398914,2.30420511,False,,SYNTHETIC_SIMULATION,SIMULATED_KNOWN_TRUTH,,False,False,representative-multibank-analog-1.0.0+seed.20260809
DEMO-R0297-trade-finance,DEMO-R0297,DEMO-TEAM-27,Trade finance,real_estate,Rest of Africa,upper_mid,established,2025-07-01,2026-06-30,2026-08-09,6777821.35,53481523.38,60259344.73,0.11247752,0.43398914,2.30420511,False,,SYNTHETIC_SIMULATION,SIMULATED_KNOWN_TRUTH,,False,False,representative-multibank-analog-1.0.0+seed.20260809
DEMO-R0298-collections,DEMO-R0298,DEMO-TEAM-28,Collections,mining,South Africa,mid,new,2025-07-01,2026-06-30,2026-08-09,606149092.41,610838548.12,1216987640.53,0.49807333,0.28687523,3.48583602,False,,SYNTHETIC_SIMULATION,SIMULATED_KNOWN_TRUTH,,False,False,representative-multibank-analog-1.0.0+seed.20260809
DEMO-R0298-payments,DEMO-R0298,DEMO-TEAM-28,Payments,mining,South Africa,mid,new,2025-07-01,2026-06-30,2026-08-09,319919652.85,338747743.33,658667396.18,0.48570744,0.28687523,3.48583602,False,,SYNTHETIC_SIMULATION,SIMULATED_KNOWN_TRUTH,,False,False,representative-multibank-analog-1.0.0+seed.20260809
DEMO-R0298-liquidity,DEMO-R0298,DEMO-TEAM-28,Liquidity,mining,South Africa,mid,new,2025-07-01,2026-06-30,2026-08-09,883570478.71,4220874662.84,5104445141.55,0.17309824,0.28687523,3.48583602,False,,SYNTHETIC_SIMULATION,SIMULATED_KNOWN_TRUTH,,False,False,representative-multibank-analog-1.0.0+seed.20260809
DEMO-R0298-fx-fx,DEMO-R0298,DEMO-TEAM-28,Cross-border FX,mining,South Africa,mid,new,2025-07-01,2026-06-30,2026-08-09,586219327.84,4708565661.6,5294784989.44,0.11071636,0.28687523,3.48583602,False,,SYNTHETIC_SIMULATION,SIMULATED_KNOWN_TRUTH,,False,False,representative-multibank-analog-1.0.0+seed.20260809
DEMO-R0298-trade-finance,DEMO-R0298,DEMO-TEAM-28,Trade finance,mining,South Africa,mid,new,2025-07-01,2026-06-30,2026-08-09,130592351.36,1020144976.21,1150737327.57,0.1134858,0.28687523,3.48583602,False,,SYNTHETIC_SIMULATION,SIMULATED_KNOWN_TRUTH,,False,False,representative-multibank-analog-1.0.0+seed.20260809
DEMO-R0299-collections,DEMO-R0299,DEMO-TEAM-29,Collections,insurance,South Africa,large,established,2025-07-01,2026-06-30,2026-08-09,9134350636.3,44310618041.49,53444968677.79,0.17091133,0.53565867,1.86686047,False,,SYNTHETIC_SIMULATION,SIMULATED_KNOWN_TRUTH,,False,False,representative-multibank-analog-1.0.0+seed.20260809
DEMO-R0299-payments,DEMO-R0299,DEMO-TEAM-29,Payments,insurance,South Africa,large,established,2025-07-01,2026-06-30,2026-08-09,8325976094.8,5689652086.05,14015628180.85,0.59404944,0.53565867,1.86686047,False,,SYNTHETIC_SIMULATION,SIMULATED_KNOWN_TRUTH,,False,False,representative-multibank-analog-1.0.0+seed.20260809
DEMO-R0299-liquidity,DEMO-R0299,DEMO-TEAM-29,Liquidity,insurance,South Africa,large,established,2025-07-01,2026-06-30,2026-08-09,8200739629.28,20679049644.29,28879789273.57,0.2839612,0.53565867,1.86686047,False,,SYNTHETIC_SIMULATION,SIMULATED_KNOWN_TRUTH,,False,False,representative-multibank-analog-1.0.0+seed.20260809
DEMO-R0299-fx-fx,DEMO-R0299,DEMO-TEAM-29,Cross-border FX,insurance,South Africa,large,established,2025-07-01,2026-06-30,2026-08-09,10452560121.91,22773821969.88,33226382091.8,0.31458617,0.53565867,1.86686047,False,,SYNTHETIC_SIMULATION,SIMULATED_KNOWN_TRUTH,,False,False,representative-multibank-analog-1.0.0+seed.20260809
DEMO-R0299-trade-finance,DEMO-R0299,DEMO-TEAM-29,Trade finance,insurance,South Africa,large,established,2025-07-01,2026-06-30,2026-08-09,248589660.74,603532234.16,852121894.89,0.29173016,0.53565867,1.86686047,False,,SYNTHETIC_SIMULATION,SIMULATED_KNOWN_TRUTH,,False,False,representative-multibank-analog-1.0.0+seed.20260809
DEMO-R0300-collections,DEMO-R0300,DEMO-TEAM-30,Collections,real_estate,SADC,mid,established,2025-07-01,2026-06-30,2026-08-09,10814604.16,22727251.18,33541855.34,0.32242117,0.34893993,2.8658228,False,,SYNTHETIC_SIMULATION,SIMULATED_KNOWN_TRUTH,,False,False,representative-multibank-analog-1.0.0+seed.20260809
DEMO-R0300-payments,DEMO-R0300,DEMO-TEAM-30,Payments,real_estate,SADC,mid,established,2025-07-01,2026-06-30,2026-08-09,15013590.62,30064142.03,45077732.65,0.33306002,0.34893993,2.8658228,False,,SYNTHETIC_SIMULATION,SIMULATED_KNOWN_TRUTH,,False,False,representative-multibank-analog-1.0.0+seed.20260809
DEMO-R0300-liquidity,DEMO-R0300,DEMO-TEAM-30,Liquidity,real_estate,SADC,mid,established,2025-07-01,2026-06-30,2026-08-09,11298990.02,15526916.48,26825906.51,0.42119695,0.34893993,2.8658228,False,,SYNTHETIC_SIMULATION,SIMULATED_KNOWN_TRUTH,,False,False,representative-multibank-analog-1.0.0+seed.20260809
DEMO-R0300-fx-fx,DEMO-R0300,DEMO-TEAM-30,Cross-border FX,real_estate,SADC,mid,established,2025-07-01,2026-06-30,2026-08-09,182702388.35,689959629.3,872662017.65,0.20936214,0.34893993,2.8658228,False,,SYNTHETIC_SIMULATION,SIMULATED_KNOWN_TRUTH,,False,False,representative-multibank-analog-1.0.0+seed.20260809
DEMO-R0300-trade-finance,DEMO-R0300,DEMO-TEAM-30,Trade finance,real_estate,SADC,mid,established,2025-07-01,2026-06-30,2026-08-09,3243640.95,8332487.67,11576128.61,0.28020084,0.34893993,2.8658228,False,,SYNTHETIC_SIMULATION,SIMULATED_KNOWN_TRUTH,,False,False,representative-multibank-analog-1.0.0+seed.20260809
