observation_id,relationship_id,team_id,product,sector,encouragement_arm,assignment_probability,qualified_action_30d,pipeline_milestone_60d,reconciled_outcome_90d,simulated_contribution_zar,censored,outcome_provenance,production_causal_claim_allowed
DEMO-R0001-collections,DEMO-R0001,DEMO-TEAM-01,Collections,telecoms,0,0.5,0,0,0,0.0,False,SYNTHETIC_CAUSAL_REHEARSAL,False
DEMO-R0001-payments,DEMO-R0001,DEMO-TEAM-01,Payments,telecoms,0,0.5,0,0,0,0.0,False,SYNTHETIC_CAUSAL_REHEARSAL,False
DEMO-R0001-liquidity,DEMO-R0001,DEMO-TEAM-01,Liquidity,telecoms,0,0.5,1,1,0,0.0,False,SYNTHETIC_CAUSAL_REHEARSAL,False
DEMO-R0001-fx-fx,DEMO-R0001,DEMO-TEAM-01,Cross-border FX,telecoms,0,0.5,0,0,0,0.0,False,SYNTHETIC_CAUSAL_REHEARSAL,False
DEMO-R0001-trade-finance,DEMO-R0001,DEMO-TEAM-01,Trade finance,telecoms,0,0.5,0,0,0,0.0,False,SYNTHETIC_CAUSAL_REHEARSAL,False
DEMO-R0002-collections,DEMO-R0002,DEMO-TEAM-02,Collections,consumer,0,0.5,0,0,1,121194.82,False,SYNTHETIC_CAUSAL_REHEARSAL,False
DEMO-R0002-payments,DEMO-R0002,DEMO-TEAM-02,Payments,consumer,0,0.5,1,0,0,0.0,False,SYNTHETIC_CAUSAL_REHEARSAL,False
DEMO-R0002-liquidity,DEMO-R0002,DEMO-TEAM-02,Liquidity,consumer,0,0.5,0,0,0,0.0,False,SYNTHETIC_CAUSAL_REHEARSAL,False
DEMO-R0002-fx-fx,DEMO-R0002,DEMO-TEAM-02,Cross-border FX,consumer,0,0.5,0,1,0,0.0,False,SYNTHETIC_CAUSAL_REHEARSAL,False
DEMO-R0002-trade-finance,DEMO-R0002,DEMO-TEAM-02,Trade finance,consumer,0,0.5,0,0,0,0.0,False,SYNTHETIC_CAUSAL_REHEARSAL,False
DEMO-R0003-collections,DEMO-R0003,DEMO-TEAM-03,Collections,mining,0,0.5,0,0,0,0.0,False,SYNTHETIC_CAUSAL_REHEARSAL,False
DEMO-R0003-payments,DEMO-R0003,DEMO-TEAM-03,Payments,mining,0,0.5,0,0,0,0.0,False,SYNTHETIC_CAUSAL_REHEARSAL,False
DEMO-R0003-liquidity,DEMO-R0003,DEMO-TEAM-03,Liquidity,mining,0,0.5,0,0,0,0.0,False,SYNTHETIC_CAUSAL_REHEARSAL,False
DEMO-R0003-fx-fx,DEMO-R0003,DEMO-TEAM-03,Cross-border FX,mining,0,0.5,0,0,0,0.0,False,SYNTHETIC_CAUSAL_REHEARSAL,False
DEMO-R0003-trade-finance,DEMO-R0003,DEMO-TEAM-03,Trade finance,mining,0,0.5,0,0,0,0.0,False,SYNTHETIC_CAUSAL_REHEARSAL,False
DEMO-R0004-collections,DEMO-R0004,DEMO-TEAM-04,Collections,consumer,0,0.5,1,1,1,0.0,False,SYNTHETIC_CAUSAL_REHEARSAL,False
DEMO-R0004-payments,DEMO-R0004,DEMO-TEAM-04,Payments,consumer,0,0.5,0,0,0,0.0,False,SYNTHETIC_CAUSAL_REHEARSAL,False
DEMO-R0004-liquidity,DEMO-R0004,DEMO-TEAM-04,Liquidity,consumer,0,0.5,0,1,0,0.0,False,SYNTHETIC_CAUSAL_REHEARSAL,False
DEMO-R0004-fx-fx,DEMO-R0004,DEMO-TEAM-04,Cross-border FX,consumer,0,0.5,0,0,0,0.0,False,SYNTHETIC_CAUSAL_REHEARSAL,False
DEMO-R0004-trade-finance,DEMO-R0004,DEMO-TEAM-04,Trade finance,consumer,0,0.5,0,1,0,0.0,False,SYNTHETIC_CAUSAL_REHEARSAL,False
DEMO-R0005-collections,DEMO-R0005,DEMO-TEAM-05,Collections,real_estate,1,0.5,0,0,0,0.0,False,SYNTHETIC_CAUSAL_REHEARSAL,False
DEMO-R0005-payments,DEMO-R0005,DEMO-TEAM-05,Payments,real_estate,1,0.5,0,0,0,0.0,False,SYNTHETIC_CAUSAL_REHEARSAL,False
DEMO-R0005-liquidity,DEMO-R0005,DEMO-TEAM-05,Liquidity,real_estate,1,0.5,0,0,0,0.0,False,SYNTHETIC_CAUSAL_REHEARSAL,False
DEMO-R0005-fx-fx,DEMO-R0005,DEMO-TEAM-05,Cross-border FX,real_estate,1,0.5,1,0,0,0.0,False,SYNTHETIC_CAUSAL_REHEARSAL,False
DEMO-R0005-trade-finance,DEMO-R0005,DEMO-TEAM-05,Trade finance,real_estate,1,0.5,1,1,0,0.0,False,SYNTHETIC_CAUSAL_REHEARSAL,False
DEMO-R0006-collections,DEMO-R0006,DEMO-TEAM-06,Collections,consumer,0,0.5,0,0,0,0.0,False,SYNTHETIC_CAUSAL_REHEARSAL,False
DEMO-R0006-payments,DEMO-R0006,DEMO-TEAM-06,Payments,consumer,0,0.5,0,0,0,0.0,False,SYNTHETIC_CAUSAL_REHEARSAL,False
DEMO-R0006-liquidity,DEMO-R0006,DEMO-TEAM-06,Liquidity,consumer,0,0.5,0,0,0,0.0,False,SYNTHETIC_CAUSAL_REHEARSAL,False
DEMO-R0006-fx-fx,DEMO-R0006,DEMO-TEAM-06,Cross-border FX,consumer,0,0.5,0,0,0,0.0,False,SYNTHETIC_CAUSAL_REHEARSAL,False
DEMO-R0006-trade-finance,DEMO-R0006,DEMO-TEAM-06,Trade finance,consumer,0,0.5,1,1,1,1277722.86,False,SYNTHETIC_CAUSAL_REHEARSAL,False
DEMO-R0007-collections,DEMO-R0007,DEMO-TEAM-07,Collections,tech,0,0.5,1,0,0,0.0,False,SYNTHETIC_CAUSAL_REHEARSAL,False
DEMO-R0007-payments,DEMO-R0007,DEMO-TEAM-07,Payments,tech,0,0.5,0,0,0,0.0,False,SYNTHETIC_CAUSAL_REHEARSAL,False
DEMO-R0007-liquidity,DEMO-R0007,DEMO-TEAM-07,Liquidity,tech,0,0.5,0,0,0,0.0,False,SYNTHETIC_CAUSAL_REHEARSAL,False
DEMO-R0007-fx-fx,DEMO-R0007,DEMO-TEAM-07,Cross-border FX,tech,0,0.5,1,0,0,0.0,False,SYNTHETIC_CAUSAL_REHEARSAL,False
DEMO-R0007-trade-finance,DEMO-R0007,DEMO-TEAM-07,Trade finance,tech,0,0.5,1,1,1,200733.69,False,SYNTHETIC_CAUSAL_REHEARSAL,False
DEMO-R0008-collections,DEMO-R0008,DEMO-TEAM-08,Collections,tech,1,0.5,0,0,1,0.0,False,SYNTHETIC_CAUSAL_REHEARSAL,False
DEMO-R0008-payments,DEMO-R0008,DEMO-TEAM-08,Payments,tech,1,0.5,0,0,0,0.0,False,SYNTHETIC_CAUSAL_REHEARSAL,False
DEMO-R0008-liquidity,DEMO-R0008,DEMO-TEAM-08,Liquidity,tech,1,0.5,0,0,0,0.0,False,SYNTHETIC_CAUSAL_REHEARSAL,False
DEMO-R0008-fx-fx,DEMO-R0008,DEMO-TEAM-08,Cross-border FX,tech,1,0.5,0,0,0,0.0,False,SYNTHETIC_CAUSAL_REHEARSAL,False
DEMO-R0008-trade-finance,DEMO-R0008,DEMO-TEAM-08,Trade finance,tech,1,0.5,1,1,0,0.0,False,SYNTHETIC_CAUSAL_REHEARSAL,False
DEMO-R0009-collections,DEMO-R0009,DEMO-TEAM-09,Collections,mining,0,0.5,0,0,1,11597.16,False,SYNTHETIC_CAUSAL_REHEARSAL,False
DEMO-R0009-payments,DEMO-R0009,DEMO-TEAM-09,Payments,mining,0,0.5,0,0,0,0.0,False,SYNTHETIC_CAUSAL_REHEARSAL,False
DEMO-R0009-liquidity,DEMO-R0009,DEMO-TEAM-09,Liquidity,mining,0,0.5,0,0,0,0.0,False,SYNTHETIC_CAUSAL_REHEARSAL,False
DEMO-R0009-fx-fx,DEMO-R0009,DEMO-TEAM-09,Cross-border FX,mining,0,0.5,0,0,0,0.0,False,SYNTHETIC_CAUSAL_REHEARSAL,False
DEMO-R0009-trade-finance,DEMO-R0009,DEMO-TEAM-09,Trade finance,mining,0,0.5,0,0,0,0.0,False,SYNTHETIC_CAUSAL_REHEARSAL,False
DEMO-R0010-collections,DEMO-R0010,DEMO-TEAM-10,Collections,real_estate,0,0.5,0,0,0,0.0,False,SYNTHETIC_CAUSAL_REHEARSAL,False
DEMO-R0010-payments,DEMO-R0010,DEMO-TEAM-10,Payments,real_estate,0,0.5,1,1,1,0.0,False,SYNTHETIC_CAUSAL_REHEARSAL,False
DEMO-R0010-liquidity,DEMO-R0010,DEMO-TEAM-10,Liquidity,real_estate,0,0.5,0,0,0,0.0,False,SYNTHETIC_CAUSAL_REHEARSAL,False
DEMO-R0010-fx-fx,DEMO-R0010,DEMO-TEAM-10,Cross-border FX,real_estate,0,0.5,0,0,0,0.0,False,SYNTHETIC_CAUSAL_REHEARSAL,False
DEMO-R0010-trade-finance,DEMO-R0010,DEMO-TEAM-10,Trade finance,real_estate,0,0.5,0,1,1,4616.55,False,SYNTHETIC_CAUSAL_REHEARSAL,False
DEMO-R0011-collections,DEMO-R0011,DEMO-TEAM-11,Collections,telecoms,0,0.5,0,0,0,0.0,False,SYNTHETIC_CAUSAL_REHEARSAL,False
DEMO-R0011-payments,DEMO-R0011,DEMO-TEAM-11,Payments,telecoms,0,0.5,0,1,0,0.0,False,SYNTHETIC_CAUSAL_REHEARSAL,False
DEMO-R0011-liquidity,DEMO-R0011,DEMO-TEAM-11,Liquidity,telecoms,0,0.5,0,0,0,0.0,False,SYNTHETIC_CAUSAL_REHEARSAL,False
DEMO-R0011-fx-fx,DEMO-R0011,DEMO-TEAM-11,Cross-border FX,telecoms,0,0.5,0,0,0,0.0,False,SYNTHETIC_CAUSAL_REHEARSAL,False
DEMO-R0011-trade-finance,DEMO-R0011,DEMO-TEAM-11,Trade finance,telecoms,0,0.5,0,0,0,0.0,False,SYNTHETIC_CAUSAL_REHEARSAL,False
DEMO-R0012-collections,DEMO-R0012,DEMO-TEAM-12,Collections,real_estate,1,0.5,0,0,0,0.0,False,SYNTHETIC_CAUSAL_REHEARSAL,False
DEMO-R0012-payments,DEMO-R0012,DEMO-TEAM-12,Payments,real_estate,1,0.5,0,0,0,0.0,False,SYNTHETIC_CAUSAL_REHEARSAL,False
DEMO-R0012-liquidity,DEMO-R0012,DEMO-TEAM-12,Liquidity,real_estate,1,0.5,1,1,0,0.0,False,SYNTHETIC_CAUSAL_REHEARSAL,False
DEMO-R0012-fx-fx,DEMO-R0012,DEMO-TEAM-12,Cross-border FX,real_estate,1,0.5,1,1,0,0.0,False,SYNTHETIC_CAUSAL_REHEARSAL,False
DEMO-R0012-trade-finance,DEMO-R0012,DEMO-TEAM-12,Trade finance,real_estate,1,0.5,1,0,0,0.0,False,SYNTHETIC_CAUSAL_REHEARSAL,False
DEMO-R0013-collections,DEMO-R0013,DEMO-TEAM-13,Collections,real_estate,0,0.5,0,0,0,0.0,False,SYNTHETIC_CAUSAL_REHEARSAL,False
DEMO-R0013-payments,DEMO-R0013,DEMO-TEAM-13,Payments,real_estate,0,0.5,0,0,0,0.0,False,SYNTHETIC_CAUSAL_REHEARSAL,False
DEMO-R0013-liquidity,DEMO-R0013,DEMO-TEAM-13,Liquidity,real_estate,0,0.5,1,0,0,0.0,False,SYNTHETIC_CAUSAL_REHEARSAL,False
DEMO-R0013-fx-fx,DEMO-R0013,DEMO-TEAM-13,Cross-border FX,real_estate,0,0.5,0,0,0,0.0,False,SYNTHETIC_CAUSAL_REHEARSAL,False
DEMO-R0013-trade-finance,DEMO-R0013,DEMO-TEAM-13,Trade finance,real_estate,0,0.5,1,0,0,0.0,False,SYNTHETIC_CAUSAL_REHEARSAL,False
DEMO-R0014-collections,DEMO-R0014,DEMO-TEAM-14,Collections,insurance,1,0.5,0,0,0,0.0,False,SYNTHETIC_CAUSAL_REHEARSAL,False
DEMO-R0014-payments,DEMO-R0014,DEMO-TEAM-14,Payments,insurance,1,0.5,0,0,0,0.0,False,SYNTHETIC_CAUSAL_REHEARSAL,False
DEMO-R0014-liquidity,DEMO-R0014,DEMO-TEAM-14,Liquidity,insurance,1,0.5,0,0,0,0.0,False,SYNTHETIC_CAUSAL_REHEARSAL,False
DEMO-R0014-fx-fx,DEMO-R0014,DEMO-TEAM-14,Cross-border FX,insurance,1,0.5,0,0,0,0.0,False,SYNTHETIC_CAUSAL_REHEARSAL,False
DEMO-R0014-trade-finance,DEMO-R0014,DEMO-TEAM-14,Trade finance,insurance,1,0.5,1,1,1,16530.25,False,SYNTHETIC_CAUSAL_REHEARSAL,False
DEMO-R0015-collections,DEMO-R0015,DEMO-TEAM-15,Collections,consumer,0,0.5,0,0,0,0.0,False,SYNTHETIC_CAUSAL_REHEARSAL,False
DEMO-R0015-payments,DEMO-R0015,DEMO-TEAM-15,Payments,consumer,0,0.5,0,0,0,0.0,False,SYNTHETIC_CAUSAL_REHEARSAL,False
DEMO-R0015-liquidity,DEMO-R0015,DEMO-TEAM-15,Liquidity,consumer,0,0.5,1,1,0,0.0,False,SYNTHETIC_CAUSAL_REHEARSAL,False
DEMO-R0015-fx-fx,DEMO-R0015,DEMO-TEAM-15,Cross-border FX,consumer,0,0.5,0,0,0,0.0,False,SYNTHETIC_CAUSAL_REHEARSAL,False
DEMO-R0015-trade-finance,DEMO-R0015,DEMO-TEAM-15,Trade finance,consumer,0,0.5,0,0,0,0.0,False,SYNTHETIC_CAUSAL_REHEARSAL,False
DEMO-R0016-collections,DEMO-R0016,DEMO-TEAM-16,Collections,consumer,0,0.5,0,0,0,0.0,False,SYNTHETIC_CAUSAL_REHEARSAL,False
DEMO-R0016-payments,DEMO-R0016,DEMO-TEAM-16,Payments,consumer,0,0.5,0,0,0,0.0,False,SYNTHETIC_CAUSAL_REHEARSAL,False
DEMO-R0016-liquidity,DEMO-R0016,DEMO-TEAM-16,Liquidity,consumer,0,0.5,0,0,1,549075.09,False,SYNTHETIC_CAUSAL_REHEARSAL,False
DEMO-R0016-fx-fx,DEMO-R0016,DEMO-TEAM-16,Cross-border FX,consumer,0,0.5,0,1,0,0.0,False,SYNTHETIC_CAUSAL_REHEARSAL,False
DEMO-R0016-trade-finance,DEMO-R0016,DEMO-TEAM-16,Trade finance,consumer,0,0.5,0,0,0,0.0,False,SYNTHETIC_CAUSAL_REHEARSAL,False
DEMO-R0017-collections,DEMO-R0017,DEMO-TEAM-17,Collections,tech,1,0.5,1,0,0,0.0,False,SYNTHETIC_CAUSAL_REHEARSAL,False
DEMO-R0017-payments,DEMO-R0017,DEMO-TEAM-17,Payments,tech,1,0.5,0,0,1,12189.67,False,SYNTHETIC_CAUSAL_REHEARSAL,False
DEMO-R0017-liquidity,DEMO-R0017,DEMO-TEAM-17,Liquidity,tech,1,0.5,0,0,0,0.0,False,SYNTHETIC_CAUSAL_REHEARSAL,False
DEMO-R0017-fx-fx,DEMO-R0017,DEMO-TEAM-17,Cross-border FX,tech,1,0.5,0,0,0,0.0,False,SYNTHETIC_CAUSAL_REHEARSAL,False
DEMO-R0017-trade-finance,DEMO-R0017,DEMO-TEAM-17,Trade finance,tech,1,0.5,1,1,1,14923.05,False,SYNTHETIC_CAUSAL_REHEARSAL,False
DEMO-R0018-collections,DEMO-R0018,DEMO-TEAM-18,Collections,industrials_pharma,1,0.5,0,0,0,0.0,False,SYNTHETIC_CAUSAL_REHEARSAL,False
DEMO-R0018-payments,DEMO-R0018,DEMO-TEAM-18,Payments,industrials_pharma,1,0.5,1,0,0,0.0,False,SYNTHETIC_CAUSAL_REHEARSAL,False
DEMO-R0018-liquidity,DEMO-R0018,DEMO-TEAM-18,Liquidity,industrials_pharma,1,0.5,0,0,0,0.0,False,SYNTHETIC_CAUSAL_REHEARSAL,False
DEMO-R0018-fx-fx,DEMO-R0018,DEMO-TEAM-18,Cross-border FX,industrials_pharma,1,0.5,1,1,0,0.0,False,SYNTHETIC_CAUSAL_REHEARSAL,False
DEMO-R0018-trade-finance,DEMO-R0018,DEMO-TEAM-18,Trade finance,industrials_pharma,1,0.5,0,0,1,698129.38,False,SYNTHETIC_CAUSAL_REHEARSAL,False
DEMO-R0019-collections,DEMO-R0019,DEMO-TEAM-19,Collections,industrials_pharma,1,0.5,0,1,0,0.0,False,SYNTHETIC_CAUSAL_REHEARSAL,False
DEMO-R0019-payments,DEMO-R0019,DEMO-TEAM-19,Payments,industrials_pharma,1,0.5,1,1,0,0.0,False,SYNTHETIC_CAUSAL_REHEARSAL,False
DEMO-R0019-liquidity,DEMO-R0019,DEMO-TEAM-19,Liquidity,industrials_pharma,1,0.5,1,0,0,0.0,False,SYNTHETIC_CAUSAL_REHEARSAL,False
DEMO-R0019-fx-fx,DEMO-R0019,DEMO-TEAM-19,Cross-border FX,industrials_pharma,1,0.5,0,0,0,0.0,False,SYNTHETIC_CAUSAL_REHEARSAL,False
DEMO-R0019-trade-finance,DEMO-R0019,DEMO-TEAM-19,Trade finance,industrials_pharma,1,0.5,0,1,1,919763.06,False,SYNTHETIC_CAUSAL_REHEARSAL,False
DEMO-R0020-collections,DEMO-R0020,DEMO-TEAM-20,Collections,industrials_pharma,1,0.5,0,0,0,0.0,False,SYNTHETIC_CAUSAL_REHEARSAL,False
DEMO-R0020-payments,DEMO-R0020,DEMO-TEAM-20,Payments,industrials_pharma,1,0.5,0,0,0,0.0,False,SYNTHETIC_CAUSAL_REHEARSAL,False
DEMO-R0020-liquidity,DEMO-R0020,DEMO-TEAM-20,Liquidity,industrials_pharma,1,0.5,0,0,0,0.0,False,SYNTHETIC_CAUSAL_REHEARSAL,False
DEMO-R0020-fx-fx,DEMO-R0020,DEMO-TEAM-20,Cross-border FX,industrials_pharma,1,0.5,0,0,0,0.0,False,SYNTHETIC_CAUSAL_REHEARSAL,False
DEMO-R0020-trade-finance,DEMO-R0020,DEMO-TEAM-20,Trade finance,industrials_pharma,1,0.5,0,0,0,0.0,False,SYNTHETIC_CAUSAL_REHEARSAL,False
DEMO-R0021-collections,DEMO-R0021,DEMO-TEAM-21,Collections,real_estate,0,0.5,0,1,0,0.0,False,SYNTHETIC_CAUSAL_REHEARSAL,False
DEMO-R0021-payments,DEMO-R0021,DEMO-TEAM-21,Payments,real_estate,0,0.5,0,0,0,0.0,False,SYNTHETIC_CAUSAL_REHEARSAL,False
DEMO-R0021-liquidity,DEMO-R0021,DEMO-TEAM-21,Liquidity,real_estate,0,0.5,0,0,1,757.93,False,SYNTHETIC_CAUSAL_REHEARSAL,False
DEMO-R0021-fx-fx,DEMO-R0021,DEMO-TEAM-21,Cross-border FX,real_estate,0,0.5,1,1,0,0.0,False,SYNTHETIC_CAUSAL_REHEARSAL,False
DEMO-R0021-trade-finance,DEMO-R0021,DEMO-TEAM-21,Trade finance,real_estate,0,0.5,0,0,0,0.0,False,SYNTHETIC_CAUSAL_REHEARSAL,False
DEMO-R0022-collections,DEMO-R0022,DEMO-TEAM-22,Collections,mining,0,0.5,0,1,0,0.0,False,SYNTHETIC_CAUSAL_REHEARSAL,False
DEMO-R0022-payments,DEMO-R0022,DEMO-TEAM-22,Payments,mining,0,0.5,0,1,0,0.0,False,SYNTHETIC_CAUSAL_REHEARSAL,False
DEMO-R0022-liquidity,DEMO-R0022,DEMO-TEAM-22,Liquidity,mining,0,0.5,0,0,0,0.0,False,SYNTHETIC_CAUSAL_REHEARSAL,False
DEMO-R0022-fx-fx,DEMO-R0022,DEMO-TEAM-22,Cross-border FX,mining,0,0.5,0,0,0,0.0,False,SYNTHETIC_CAUSAL_REHEARSAL,False
DEMO-R0022-trade-finance,DEMO-R0022,DEMO-TEAM-22,Trade finance,mining,0,0.5,1,1,1,827206.82,False,SYNTHETIC_CAUSAL_REHEARSAL,False
DEMO-R0023-collections,DEMO-R0023,DEMO-TEAM-23,Collections,mining,1,0.5,0,0,0,0.0,False,SYNTHETIC_CAUSAL_REHEARSAL,False
DEMO-R0023-payments,DEMO-R0023,DEMO-TEAM-23,Payments,mining,1,0.5,0,0,0,0.0,False,SYNTHETIC_CAUSAL_REHEARSAL,False
DEMO-R0023-liquidity,DEMO-R0023,DEMO-TEAM-23,Liquidity,mining,1,0.5,1,1,0,0.0,False,SYNTHETIC_CAUSAL_REHEARSAL,False
DEMO-R0023-fx-fx,DEMO-R0023,DEMO-TEAM-23,Cross-border FX,mining,1,0.5,1,0,0,0.0,False,SYNTHETIC_CAUSAL_REHEARSAL,False
DEMO-R0023-trade-finance,DEMO-R0023,DEMO-TEAM-23,Trade finance,mining,1,0.5,0,0,0,0.0,False,SYNTHETIC_CAUSAL_REHEARSAL,False
DEMO-R0024-collections,DEMO-R0024,DEMO-TEAM-24,Collections,tech,1,0.5,0,0,0,0.0,False,SYNTHETIC_CAUSAL_REHEARSAL,False
DEMO-R0024-payments,DEMO-R0024,DEMO-TEAM-24,Payments,tech,1,0.5,1,1,0,0.0,False,SYNTHETIC_CAUSAL_REHEARSAL,False
DEMO-R0024-liquidity,DEMO-R0024,DEMO-TEAM-24,Liquidity,tech,1,0.5,0,0,0,0.0,False,SYNTHETIC_CAUSAL_REHEARSAL,False
DEMO-R0024-fx-fx,DEMO-R0024,DEMO-TEAM-24,Cross-border FX,tech,1,0.5,0,0,0,0.0,False,SYNTHETIC_CAUSAL_REHEARSAL,False
DEMO-R0024-trade-finance,DEMO-R0024,DEMO-TEAM-24,Trade finance,tech,1,0.5,0,0,0,0.0,False,SYNTHETIC_CAUSAL_REHEARSAL,False
DEMO-R0025-collections,DEMO-R0025,DEMO-TEAM-25,Collections,industrials_pharma,1,0.5,0,0,0,0.0,False,SYNTHETIC_CAUSAL_REHEARSAL,False
DEMO-R0025-payments,DEMO-R0025,DEMO-TEAM-25,Payments,industrials_pharma,1,0.5,0,1,1,67658.82,False,SYNTHETIC_CAUSAL_REHEARSAL,False
DEMO-R0025-liquidity,DEMO-R0025,DEMO-TEAM-25,Liquidity,industrials_pharma,1,0.5,0,0,0,0.0,False,SYNTHETIC_CAUSAL_REHEARSAL,False
DEMO-R0025-fx-fx,DEMO-R0025,DEMO-TEAM-25,Cross-border FX,industrials_pharma,1,0.5,0,0,0,0.0,False,SYNTHETIC_CAUSAL_REHEARSAL,False
DEMO-R0025-trade-finance,DEMO-R0025,DEMO-TEAM-25,Trade finance,industrials_pharma,1,0.5,1,1,1,999527.57,False,SYNTHETIC_CAUSAL_REHEARSAL,False
DEMO-R0026-collections,DEMO-R0026,DEMO-TEAM-26,Collections,consumer,1,0.5,1,1,1,117272.77,False,SYNTHETIC_CAUSAL_REHEARSAL,False
DEMO-R0026-payments,DEMO-R0026,DEMO-TEAM-26,Payments,consumer,1,0.5,0,0,0,0.0,False,SYNTHETIC_CAUSAL_REHEARSAL,False
DEMO-R0026-liquidity,DEMO-R0026,DEMO-TEAM-26,Liquidity,consumer,1,0.5,1,0,0,0.0,False,SYNTHETIC_CAUSAL_REHEARSAL,False
DEMO-R0026-fx-fx,DEMO-R0026,DEMO-TEAM-26,Cross-border FX,consumer,1,0.5,1,1,0,0.0,False,SYNTHETIC_CAUSAL_REHEARSAL,False
DEMO-R0026-trade-finance,DEMO-R0026,DEMO-TEAM-26,Trade finance,consumer,1,0.5,0,0,0,0.0,False,SYNTHETIC_CAUSAL_REHEARSAL,False
DEMO-R0027-collections,DEMO-R0027,DEMO-TEAM-27,Collections,tech,0,0.5,1,0,0,0.0,False,SYNTHETIC_CAUSAL_REHEARSAL,False
DEMO-R0027-payments,DEMO-R0027,DEMO-TEAM-27,Payments,tech,0,0.5,1,0,0,0.0,False,SYNTHETIC_CAUSAL_REHEARSAL,False
DEMO-R0027-liquidity,DEMO-R0027,DEMO-TEAM-27,Liquidity,tech,0,0.5,0,0,0,0.0,False,SYNTHETIC_CAUSAL_REHEARSAL,False
DEMO-R0027-fx-fx,DEMO-R0027,DEMO-TEAM-27,Cross-border FX,tech,0,0.5,0,0,0,0.0,False,SYNTHETIC_CAUSAL_REHEARSAL,False
DEMO-R0027-trade-finance,DEMO-R0027,DEMO-TEAM-27,Trade finance,tech,0,0.5,0,0,0,0.0,False,SYNTHETIC_CAUSAL_REHEARSAL,False
DEMO-R0028-collections,DEMO-R0028,DEMO-TEAM-28,Collections,insurance,0,0.5,0,0,0,0.0,False,SYNTHETIC_CAUSAL_REHEARSAL,False
DEMO-R0028-payments,DEMO-R0028,DEMO-TEAM-28,Payments,insurance,0,0.5,0,0,0,0.0,False,SYNTHETIC_CAUSAL_REHEARSAL,False
DEMO-R0028-liquidity,DEMO-R0028,DEMO-TEAM-28,Liquidity,insurance,0,0.5,0,0,0,0.0,False,SYNTHETIC_CAUSAL_REHEARSAL,False
DEMO-R0028-fx-fx,DEMO-R0028,DEMO-TEAM-28,Cross-border FX,insurance,0,0.5,0,0,1,0.0,False,SYNTHETIC_CAUSAL_REHEARSAL,False
DEMO-R0028-trade-finance,DEMO-R0028,DEMO-TEAM-28,Trade finance,insurance,0,0.5,1,1,1,1470250.82,False,SYNTHETIC_CAUSAL_REHEARSAL,False
DEMO-R0029-collections,DEMO-R0029,DEMO-TEAM-29,Collections,consumer,1,0.5,0,0,0,0.0,False,SYNTHETIC_CAUSAL_REHEARSAL,False
DEMO-R0029-payments,DEMO-R0029,DEMO-TEAM-29,Payments,consumer,1,0.5,0,0,0,0.0,False,SYNTHETIC_CAUSAL_REHEARSAL,False
DEMO-R0029-liquidity,DEMO-R0029,DEMO-TEAM-29,Liquidity,consumer,1,0.5,1,1,1,1155803.12,False,SYNTHETIC_CAUSAL_REHEARSAL,False
DEMO-R0029-fx-fx,DEMO-R0029,DEMO-TEAM-29,Cross-border FX,consumer,1,0.5,1,1,0,0.0,False,SYNTHETIC_CAUSAL_REHEARSAL,False
DEMO-R0029-trade-finance,DEMO-R0029,DEMO-TEAM-29,Trade finance,consumer,1,0.5,0,0,1,7742272.6,False,SYNTHETIC_CAUSAL_REHEARSAL,False
DEMO-R0030-collections,DEMO-R0030,DEMO-TEAM-30,Collections,insurance,0,0.5,0,0,0,0.0,False,SYNTHETIC_CAUSAL_REHEARSAL,False
DEMO-R0030-payments,DEMO-R0030,DEMO-TEAM-30,Payments,insurance,0,0.5,1,1,0,0.0,False,SYNTHETIC_CAUSAL_REHEARSAL,False
DEMO-R0030-liquidity,DEMO-R0030,DEMO-TEAM-30,Liquidity,insurance,0,0.5,0,1,1,909122.33,False,SYNTHETIC_CAUSAL_REHEARSAL,False
DEMO-R0030-fx-fx,DEMO-R0030,DEMO-TEAM-30,Cross-border FX,insurance,0,0.5,0,1,0,0.0,False,SYNTHETIC_CAUSAL_REHEARSAL,False
DEMO-R0030-trade-finance,DEMO-R0030,DEMO-TEAM-30,Trade finance,insurance,0,0.5,0,0,0,0.0,False,SYNTHETIC_CAUSAL_REHEARSAL,False
DEMO-R0031-collections,DEMO-R0031,DEMO-TEAM-01,Collections,mining,0,0.5,0,0,0,0.0,False,SYNTHETIC_CAUSAL_REHEARSAL,False
DEMO-R0031-payments,DEMO-R0031,DEMO-TEAM-01,Payments,mining,0,0.5,0,0,0,0.0,False,SYNTHETIC_CAUSAL_REHEARSAL,False
DEMO-R0031-liquidity,DEMO-R0031,DEMO-TEAM-01,Liquidity,mining,0,0.5,0,0,0,0.0,False,SYNTHETIC_CAUSAL_REHEARSAL,False
DEMO-R0031-fx-fx,DEMO-R0031,DEMO-TEAM-01,Cross-border FX,mining,0,0.5,0,0,0,0.0,False,SYNTHETIC_CAUSAL_REHEARSAL,False
DEMO-R0031-trade-finance,DEMO-R0031,DEMO-TEAM-01,Trade finance,mining,0,0.5,0,0,0,0.0,False,SYNTHETIC_CAUSAL_REHEARSAL,False
DEMO-R0032-collections,DEMO-R0032,DEMO-TEAM-02,Collections,mining,0,0.5,0,0,0,0.0,False,SYNTHETIC_CAUSAL_REHEARSAL,False
DEMO-R0032-payments,DEMO-R0032,DEMO-TEAM-02,Payments,mining,0,0.5,0,1,1,15901.24,False,SYNTHETIC_CAUSAL_REHEARSAL,False
DEMO-R0032-liquidity,DEMO-R0032,DEMO-TEAM-02,Liquidity,mining,0,0.5,0,0,0,0.0,False,SYNTHETIC_CAUSAL_REHEARSAL,False
DEMO-R0032-fx-fx,DEMO-R0032,DEMO-TEAM-02,Cross-border FX,mining,0,0.5,0,0,0,0.0,False,SYNTHETIC_CAUSAL_REHEARSAL,False
DEMO-R0032-trade-finance,DEMO-R0032,DEMO-TEAM-02,Trade finance,mining,0,0.5,0,0,0,0.0,False,SYNTHETIC_CAUSAL_REHEARSAL,False
DEMO-R0033-collections,DEMO-R0033,DEMO-TEAM-03,Collections,insurance,0,0.5,0,0,0,0.0,False,SYNTHETIC_CAUSAL_REHEARSAL,False
DEMO-R0033-payments,DEMO-R0033,DEMO-TEAM-03,Payments,insurance,0,0.5,0,0,0,0.0,False,SYNTHETIC_CAUSAL_REHEARSAL,False
DEMO-R0033-liquidity,DEMO-R0033,DEMO-TEAM-03,Liquidity,insurance,0,0.5,0,0,0,0.0,False,SYNTHETIC_CAUSAL_REHEARSAL,False
DEMO-R0033-fx-fx,DEMO-R0033,DEMO-TEAM-03,Cross-border FX,insurance,0,0.5,0,0,0,0.0,False,SYNTHETIC_CAUSAL_REHEARSAL,False
DEMO-R0033-trade-finance,DEMO-R0033,DEMO-TEAM-03,Trade finance,insurance,0,0.5,0,0,0,0.0,False,SYNTHETIC_CAUSAL_REHEARSAL,False
DEMO-R0034-collections,DEMO-R0034,DEMO-TEAM-04,Collections,consumer,0,0.5,1,0,0,0.0,False,SYNTHETIC_CAUSAL_REHEARSAL,False
DEMO-R0034-payments,DEMO-R0034,DEMO-TEAM-04,Payments,consumer,0,0.5,0,0,0,0.0,False,SYNTHETIC_CAUSAL_REHEARSAL,False
DEMO-R0034-liquidity,DEMO-R0034,DEMO-TEAM-04,Liquidity,consumer,0,0.5,1,1,1,737397.39,False,SYNTHETIC_CAUSAL_REHEARSAL,False
DEMO-R0034-fx-fx,DEMO-R0034,DEMO-TEAM-04,Cross-border FX,consumer,0,0.5,0,0,0,0.0,False,SYNTHETIC_CAUSAL_REHEARSAL,False
DEMO-R0034-trade-finance,DEMO-R0034,DEMO-TEAM-04,Trade finance,consumer,0,0.5,0,0,0,0.0,False,SYNTHETIC_CAUSAL_REHEARSAL,False
DEMO-R0035-collections,DEMO-R0035,DEMO-TEAM-05,Collections,consumer,1,0.5,1,1,0,0.0,False,SYNTHETIC_CAUSAL_REHEARSAL,False
DEMO-R0035-payments,DEMO-R0035,DEMO-TEAM-05,Payments,consumer,1,0.5,0,0,0,0.0,False,SYNTHETIC_CAUSAL_REHEARSAL,False
DEMO-R0035-liquidity,DEMO-R0035,DEMO-TEAM-05,Liquidity,consumer,1,0.5,1,0,0,0.0,False,SYNTHETIC_CAUSAL_REHEARSAL,False
DEMO-R0035-fx-fx,DEMO-R0035,DEMO-TEAM-05,Cross-border FX,consumer,1,0.5,0,0,0,0.0,False,SYNTHETIC_CAUSAL_REHEARSAL,False
DEMO-R0035-trade-finance,DEMO-R0035,DEMO-TEAM-05,Trade finance,consumer,1,0.5,0,0,0,0.0,False,SYNTHETIC_CAUSAL_REHEARSAL,False
DEMO-R0036-collections,DEMO-R0036,DEMO-TEAM-06,Collections,consumer,0,0.5,1,0,0,0.0,False,SYNTHETIC_CAUSAL_REHEARSAL,False
DEMO-R0036-payments,DEMO-R0036,DEMO-TEAM-06,Payments,consumer,0,0.5,0,1,0,0.0,False,SYNTHETIC_CAUSAL_REHEARSAL,False
DEMO-R0036-liquidity,DEMO-R0036,DEMO-TEAM-06,Liquidity,consumer,0,0.5,0,0,0,0.0,False,SYNTHETIC_CAUSAL_REHEARSAL,False
DEMO-R0036-fx-fx,DEMO-R0036,DEMO-TEAM-06,Cross-border FX,consumer,0,0.5,1,0,0,0.0,False,SYNTHETIC_CAUSAL_REHEARSAL,False
DEMO-R0036-trade-finance,DEMO-R0036,DEMO-TEAM-06,Trade finance,consumer,0,0.5,0,0,0,0.0,False,SYNTHETIC_CAUSAL_REHEARSAL,False
DEMO-R0037-collections,DEMO-R0037,DEMO-TEAM-07,Collections,telecoms,0,0.5,1,1,1,0.0,False,SYNTHETIC_CAUSAL_REHEARSAL,False
DEMO-R0037-payments,DEMO-R0037,DEMO-TEAM-07,Payments,telecoms,0,0.5,0,0,0,0.0,False,SYNTHETIC_CAUSAL_REHEARSAL,False
DEMO-R0037-liquidity,DEMO-R0037,DEMO-TEAM-07,Liquidity,telecoms,0,0.5,0,1,1,222447.97,False,SYNTHETIC_CAUSAL_REHEARSAL,False
DEMO-R0037-fx-fx,DEMO-R0037,DEMO-TEAM-07,Cross-border FX,telecoms,0,0.5,0,0,0,0.0,False,SYNTHETIC_CAUSAL_REHEARSAL,False
DEMO-R0037-trade-finance,DEMO-R0037,DEMO-TEAM-07,Trade finance,telecoms,0,0.5,0,0,0,0.0,False,SYNTHETIC_CAUSAL_REHEARSAL,False
DEMO-R0038-collections,DEMO-R0038,DEMO-TEAM-08,Collections,mining,1,0.5,0,0,0,0.0,False,SYNTHETIC_CAUSAL_REHEARSAL,False
DEMO-R0038-payments,DEMO-R0038,DEMO-TEAM-08,Payments,mining,1,0.5,1,0,0,0.0,False,SYNTHETIC_CAUSAL_REHEARSAL,False
DEMO-R0038-liquidity,DEMO-R0038,DEMO-TEAM-08,Liquidity,mining,1,0.5,0,0,0,0.0,False,SYNTHETIC_CAUSAL_REHEARSAL,False
DEMO-R0038-fx-fx,DEMO-R0038,DEMO-TEAM-08,Cross-border FX,mining,1,0.5,1,1,0,0.0,False,SYNTHETIC_CAUSAL_REHEARSAL,False
DEMO-R0038-trade-finance,DEMO-R0038,DEMO-TEAM-08,Trade finance,mining,1,0.5,0,0,0,0.0,False,SYNTHETIC_CAUSAL_REHEARSAL,False
DEMO-R0039-collections,DEMO-R0039,DEMO-TEAM-09,Collections,tech,0,0.5,0,0,0,0.0,False,SYNTHETIC_CAUSAL_REHEARSAL,False
DEMO-R0039-payments,DEMO-R0039,DEMO-TEAM-09,Payments,tech,0,0.5,0,0,0,0.0,False,SYNTHETIC_CAUSAL_REHEARSAL,False
DEMO-R0039-liquidity,DEMO-R0039,DEMO-TEAM-09,Liquidity,tech,0,0.5,0,0,0,0.0,False,SYNTHETIC_CAUSAL_REHEARSAL,False
DEMO-R0039-fx-fx,DEMO-R0039,DEMO-TEAM-09,Cross-border FX,tech,0,0.5,0,0,0,0.0,False,SYNTHETIC_CAUSAL_REHEARSAL,False
DEMO-R0039-trade-finance,DEMO-R0039,DEMO-TEAM-09,Trade finance,tech,0,0.5,1,0,0,0.0,False,SYNTHETIC_CAUSAL_REHEARSAL,False
DEMO-R0040-collections,DEMO-R0040,DEMO-TEAM-10,Collections,consumer,0,0.5,0,0,0,0.0,False,SYNTHETIC_CAUSAL_REHEARSAL,False
DEMO-R0040-payments,DEMO-R0040,DEMO-TEAM-10,Payments,consumer,0,0.5,1,1,1,0.0,False,SYNTHETIC_CAUSAL_REHEARSAL,False
DEMO-R0040-liquidity,DEMO-R0040,DEMO-TEAM-10,Liquidity,consumer,0,0.5,0,0,0,0.0,False,SYNTHETIC_CAUSAL_REHEARSAL,False
DEMO-R0040-fx-fx,DEMO-R0040,DEMO-TEAM-10,Cross-border FX,consumer,0,0.5,0,0,0,0.0,False,SYNTHETIC_CAUSAL_REHEARSAL,False
DEMO-R0040-trade-finance,DEMO-R0040,DEMO-TEAM-10,Trade finance,consumer,0,0.5,0,0,0,0.0,False,SYNTHETIC_CAUSAL_REHEARSAL,False
DEMO-R0041-collections,DEMO-R0041,DEMO-TEAM-11,Collections,industrials_pharma,0,0.5,0,0,0,0.0,False,SYNTHETIC_CAUSAL_REHEARSAL,False
DEMO-R0041-payments,DEMO-R0041,DEMO-TEAM-11,Payments,industrials_pharma,0,0.5,0,0,0,0.0,False,SYNTHETIC_CAUSAL_REHEARSAL,False
DEMO-R0041-liquidity,DEMO-R0041,DEMO-TEAM-11,Liquidity,industrials_pharma,0,0.5,0,0,0,0.0,False,SYNTHETIC_CAUSAL_REHEARSAL,False
DEMO-R0041-fx-fx,DEMO-R0041,DEMO-TEAM-11,Cross-border FX,industrials_pharma,0,0.5,0,0,0,0.0,False,SYNTHETIC_CAUSAL_REHEARSAL,False
DEMO-R0041-trade-finance,DEMO-R0041,DEMO-TEAM-11,Trade finance,industrials_pharma,0,0.5,0,0,0,0.0,False,SYNTHETIC_CAUSAL_REHEARSAL,False
DEMO-R0042-collections,DEMO-R0042,DEMO-TEAM-12,Collections,real_estate,1,0.5,0,0,0,0.0,False,SYNTHETIC_CAUSAL_REHEARSAL,False
DEMO-R0042-payments,DEMO-R0042,DEMO-TEAM-12,Payments,real_estate,1,0.5,1,1,0,0.0,False,SYNTHETIC_CAUSAL_REHEARSAL,False
DEMO-R0042-liquidity,DEMO-R0042,DEMO-TEAM-12,Liquidity,real_estate,1,0.5,1,1,0,0.0,False,SYNTHETIC_CAUSAL_REHEARSAL,False
DEMO-R0042-fx-fx,DEMO-R0042,DEMO-TEAM-12,Cross-border FX,real_estate,1,0.5,0,1,1,48400.46,False,SYNTHETIC_CAUSAL_REHEARSAL,False
DEMO-R0042-trade-finance,DEMO-R0042,DEMO-TEAM-12,Trade finance,real_estate,1,0.5,0,0,0,0.0,False,SYNTHETIC_CAUSAL_REHEARSAL,False
DEMO-R0043-collections,DEMO-R0043,DEMO-TEAM-13,Collections,mining,0,0.5,0,0,0,0.0,False,SYNTHETIC_CAUSAL_REHEARSAL,False
DEMO-R0043-payments,DEMO-R0043,DEMO-TEAM-13,Payments,mining,0,0.5,0,0,0,0.0,False,SYNTHETIC_CAUSAL_REHEARSAL,False
DEMO-R0043-liquidity,DEMO-R0043,DEMO-TEAM-13,Liquidity,mining,0,0.5,0,0,0,0.0,False,SYNTHETIC_CAUSAL_REHEARSAL,False
DEMO-R0043-fx-fx,DEMO-R0043,DEMO-TEAM-13,Cross-border FX,mining,0,0.5,0,0,0,0.0,False,SYNTHETIC_CAUSAL_REHEARSAL,False
DEMO-R0043-trade-finance,DEMO-R0043,DEMO-TEAM-13,Trade finance,mining,0,0.5,0,0,0,0.0,False,SYNTHETIC_CAUSAL_REHEARSAL,False
DEMO-R0044-collections,DEMO-R0044,DEMO-TEAM-14,Collections,consumer,1,0.5,0,0,0,0.0,False,SYNTHETIC_CAUSAL_REHEARSAL,False
DEMO-R0044-payments,DEMO-R0044,DEMO-TEAM-14,Payments,consumer,1,0.5,1,1,0,0.0,False,SYNTHETIC_CAUSAL_REHEARSAL,False
DEMO-R0044-liquidity,DEMO-R0044,DEMO-TEAM-14,Liquidity,consumer,1,0.5,0,0,0,0.0,False,SYNTHETIC_CAUSAL_REHEARSAL,False
DEMO-R0044-fx-fx,DEMO-R0044,DEMO-TEAM-14,Cross-border FX,consumer,1,0.5,0,0,0,0.0,False,SYNTHETIC_CAUSAL_REHEARSAL,False
DEMO-R0044-trade-finance,DEMO-R0044,DEMO-TEAM-14,Trade finance,consumer,1,0.5,0,0,0,0.0,False,SYNTHETIC_CAUSAL_REHEARSAL,False
DEMO-R0045-collections,DEMO-R0045,DEMO-TEAM-15,Collections,tech,0,0.5,1,1,0,0.0,False,SYNTHETIC_CAUSAL_REHEARSAL,False
DEMO-R0045-payments,DEMO-R0045,DEMO-TEAM-15,Payments,tech,0,0.5,0,0,0,0.0,False,SYNTHETIC_CAUSAL_REHEARSAL,False
DEMO-R0045-liquidity,DEMO-R0045,DEMO-TEAM-15,Liquidity,tech,0,0.5,0,0,0,0.0,False,SYNTHETIC_CAUSAL_REHEARSAL,False
DEMO-R0045-fx-fx,DEMO-R0045,DEMO-TEAM-15,Cross-border FX,tech,0,0.5,0,0,0,0.0,False,SYNTHETIC_CAUSAL_REHEARSAL,False
DEMO-R0045-trade-finance,DEMO-R0045,DEMO-TEAM-15,Trade finance,tech,0,0.5,0,0,0,0.0,False,SYNTHETIC_CAUSAL_REHEARSAL,False
DEMO-R0046-collections,DEMO-R0046,DEMO-TEAM-16,Collections,real_estate,0,0.5,1,1,0,0.0,False,SYNTHETIC_CAUSAL_REHEARSAL,False
DEMO-R0046-payments,DEMO-R0046,DEMO-TEAM-16,Payments,real_estate,0,0.5,0,0,0,0.0,False,SYNTHETIC_CAUSAL_REHEARSAL,False
DEMO-R0046-liquidity,DEMO-R0046,DEMO-TEAM-16,Liquidity,real_estate,0,0.5,0,0,0,0.0,False,SYNTHETIC_CAUSAL_REHEARSAL,False
DEMO-R0046-fx-fx,DEMO-R0046,DEMO-TEAM-16,Cross-border FX,real_estate,0,0.5,0,0,0,0.0,False,SYNTHETIC_CAUSAL_REHEARSAL,False
DEMO-R0046-trade-finance,DEMO-R0046,DEMO-TEAM-16,Trade finance,real_estate,0,0.5,0,0,0,0.0,False,SYNTHETIC_CAUSAL_REHEARSAL,False
DEMO-R0047-collections,DEMO-R0047,DEMO-TEAM-17,Collections,consumer,1,0.5,0,0,0,0.0,False,SYNTHETIC_CAUSAL_REHEARSAL,False
DEMO-R0047-payments,DEMO-R0047,DEMO-TEAM-17,Payments,consumer,1,0.5,0,1,0,0.0,False,SYNTHETIC_CAUSAL_REHEARSAL,False
DEMO-R0047-liquidity,DEMO-R0047,DEMO-TEAM-17,Liquidity,consumer,1,0.5,1,1,1,1631218.04,False,SYNTHETIC_CAUSAL_REHEARSAL,False
DEMO-R0047-fx-fx,DEMO-R0047,DEMO-TEAM-17,Cross-border FX,consumer,1,0.5,0,0,0,0.0,False,SYNTHETIC_CAUSAL_REHEARSAL,False
DEMO-R0047-trade-finance,DEMO-R0047,DEMO-TEAM-17,Trade finance,consumer,1,0.5,1,0,0,0.0,False,SYNTHETIC_CAUSAL_REHEARSAL,False
DEMO-R0048-collections,DEMO-R0048,DEMO-TEAM-18,Collections,tech,1,0.5,0,0,0,0.0,False,SYNTHETIC_CAUSAL_REHEARSAL,False
DEMO-R0048-payments,DEMO-R0048,DEMO-TEAM-18,Payments,tech,1,0.5,1,0,0,0.0,False,SYNTHETIC_CAUSAL_REHEARSAL,False
DEMO-R0048-liquidity,DEMO-R0048,DEMO-TEAM-18,Liquidity,tech,1,0.5,0,0,0,0.0,False,SYNTHETIC_CAUSAL_REHEARSAL,False
DEMO-R0048-fx-fx,DEMO-R0048,DEMO-TEAM-18,Cross-border FX,tech,1,0.5,1,1,0,0.0,False,SYNTHETIC_CAUSAL_REHEARSAL,False
DEMO-R0048-trade-finance,DEMO-R0048,DEMO-TEAM-18,Trade finance,tech,1,0.5,0,0,0,0.0,False,SYNTHETIC_CAUSAL_REHEARSAL,False
DEMO-R0049-collections,DEMO-R0049,DEMO-TEAM-19,Collections,mining,1,0.5,0,1,0,0.0,False,SYNTHETIC_CAUSAL_REHEARSAL,False
DEMO-R0049-payments,DEMO-R0049,DEMO-TEAM-19,Payments,mining,1,0.5,0,0,0,0.0,False,SYNTHETIC_CAUSAL_REHEARSAL,False
DEMO-R0049-liquidity,DEMO-R0049,DEMO-TEAM-19,Liquidity,mining,1,0.5,1,1,0,0.0,False,SYNTHETIC_CAUSAL_REHEARSAL,False
DEMO-R0049-fx-fx,DEMO-R0049,DEMO-TEAM-19,Cross-border FX,mining,1,0.5,1,1,0,0.0,False,SYNTHETIC_CAUSAL_REHEARSAL,False
DEMO-R0049-trade-finance,DEMO-R0049,DEMO-TEAM-19,Trade finance,mining,1,0.5,1,1,1,1153605.95,False,SYNTHETIC_CAUSAL_REHEARSAL,False
DEMO-R0050-collections,DEMO-R0050,DEMO-TEAM-20,Collections,real_estate,1,0.5,0,0,0,0.0,False,SYNTHETIC_CAUSAL_REHEARSAL,False
DEMO-R0050-payments,DEMO-R0050,DEMO-TEAM-20,Payments,real_estate,1,0.5,0,0,0,0.0,False,SYNTHETIC_CAUSAL_REHEARSAL,False
DEMO-R0050-liquidity,DEMO-R0050,DEMO-TEAM-20,Liquidity,real_estate,1,0.5,0,0,0,0.0,False,SYNTHETIC_CAUSAL_REHEARSAL,False
DEMO-R0050-fx-fx,DEMO-R0050,DEMO-TEAM-20,Cross-border FX,real_estate,1,0.5,0,0,0,0.0,False,SYNTHETIC_CAUSAL_REHEARSAL,False
DEMO-R0050-trade-finance,DEMO-R0050,DEMO-TEAM-20,Trade finance,real_estate,1,0.5,0,0,0,0.0,False,SYNTHETIC_CAUSAL_REHEARSAL,False
DEMO-R0051-collections,DEMO-R0051,DEMO-TEAM-21,Collections,telecoms,0,0.5,0,0,0,0.0,False,SYNTHETIC_CAUSAL_REHEARSAL,False
DEMO-R0051-payments,DEMO-R0051,DEMO-TEAM-21,Payments,telecoms,0,0.5,0,0,0,0.0,False,SYNTHETIC_CAUSAL_REHEARSAL,False
DEMO-R0051-liquidity,DEMO-R0051,DEMO-TEAM-21,Liquidity,telecoms,0,0.5,0,0,0,0.0,False,SYNTHETIC_CAUSAL_REHEARSAL,False
DEMO-R0051-fx-fx,DEMO-R0051,DEMO-TEAM-21,Cross-border FX,telecoms,0,0.5,0,0,0,0.0,False,SYNTHETIC_CAUSAL_REHEARSAL,False
DEMO-R0051-trade-finance,DEMO-R0051,DEMO-TEAM-21,Trade finance,telecoms,0,0.5,1,1,1,49888.6,False,SYNTHETIC_CAUSAL_REHEARSAL,False
DEMO-R0052-collections,DEMO-R0052,DEMO-TEAM-22,Collections,mining,0,0.5,0,0,0,0.0,False,SYNTHETIC_CAUSAL_REHEARSAL,False
DEMO-R0052-payments,DEMO-R0052,DEMO-TEAM-22,Payments,mining,0,0.5,0,1,0,0.0,False,SYNTHETIC_CAUSAL_REHEARSAL,False
DEMO-R0052-liquidity,DEMO-R0052,DEMO-TEAM-22,Liquidity,mining,0,0.5,0,0,0,0.0,False,SYNTHETIC_CAUSAL_REHEARSAL,False
DEMO-R0052-fx-fx,DEMO-R0052,DEMO-TEAM-22,Cross-border FX,mining,0,0.5,1,0,0,0.0,False,SYNTHETIC_CAUSAL_REHEARSAL,False
DEMO-R0052-trade-finance,DEMO-R0052,DEMO-TEAM-22,Trade finance,mining,0,0.5,1,0,0,0.0,False,SYNTHETIC_CAUSAL_REHEARSAL,False
DEMO-R0053-collections,DEMO-R0053,DEMO-TEAM-23,Collections,real_estate,1,0.5,0,0,0,0.0,False,SYNTHETIC_CAUSAL_REHEARSAL,False
DEMO-R0053-payments,DEMO-R0053,DEMO-TEAM-23,Payments,real_estate,1,0.5,0,0,0,0.0,False,SYNTHETIC_CAUSAL_REHEARSAL,False
DEMO-R0053-liquidity,DEMO-R0053,DEMO-TEAM-23,Liquidity,real_estate,1,0.5,1,1,0,0.0,False,SYNTHETIC_CAUSAL_REHEARSAL,False
DEMO-R0053-fx-fx,DEMO-R0053,DEMO-TEAM-23,Cross-border FX,real_estate,1,0.5,0,0,0,0.0,False,SYNTHETIC_CAUSAL_REHEARSAL,False
DEMO-R0053-trade-finance,DEMO-R0053,DEMO-TEAM-23,Trade finance,real_estate,1,0.5,0,0,0,0.0,False,SYNTHETIC_CAUSAL_REHEARSAL,False
DEMO-R0054-collections,DEMO-R0054,DEMO-TEAM-24,Collections,telecoms,1,0.5,0,1,0,0.0,False,SYNTHETIC_CAUSAL_REHEARSAL,False
DEMO-R0054-payments,DEMO-R0054,DEMO-TEAM-24,Payments,telecoms,1,0.5,1,1,0,0.0,False,SYNTHETIC_CAUSAL_REHEARSAL,False
DEMO-R0054-liquidity,DEMO-R0054,DEMO-TEAM-24,Liquidity,telecoms,1,0.5,1,1,0,0.0,False,SYNTHETIC_CAUSAL_REHEARSAL,False
DEMO-R0054-fx-fx,DEMO-R0054,DEMO-TEAM-24,Cross-border FX,telecoms,1,0.5,0,0,0,0.0,False,SYNTHETIC_CAUSAL_REHEARSAL,False
DEMO-R0054-trade-finance,DEMO-R0054,DEMO-TEAM-24,Trade finance,telecoms,1,0.5,1,0,0,0.0,False,SYNTHETIC_CAUSAL_REHEARSAL,False
DEMO-R0055-collections,DEMO-R0055,DEMO-TEAM-25,Collections,mining,1,0.5,0,0,0,0.0,False,SYNTHETIC_CAUSAL_REHEARSAL,False
DEMO-R0055-payments,DEMO-R0055,DEMO-TEAM-25,Payments,mining,1,0.5,0,0,0,0.0,False,SYNTHETIC_CAUSAL_REHEARSAL,False
DEMO-R0055-liquidity,DEMO-R0055,DEMO-TEAM-25,Liquidity,mining,1,0.5,0,0,0,0.0,False,SYNTHETIC_CAUSAL_REHEARSAL,False
DEMO-R0055-fx-fx,DEMO-R0055,DEMO-TEAM-25,Cross-border FX,mining,1,0.5,1,0,0,0.0,False,SYNTHETIC_CAUSAL_REHEARSAL,False
DEMO-R0055-trade-finance,DEMO-R0055,DEMO-TEAM-25,Trade finance,mining,1,0.5,1,0,0,0.0,False,SYNTHETIC_CAUSAL_REHEARSAL,False
DEMO-R0056-collections,DEMO-R0056,DEMO-TEAM-26,Collections,consumer,1,0.5,1,1,1,0.0,False,SYNTHETIC_CAUSAL_REHEARSAL,False
DEMO-R0056-payments,DEMO-R0056,DEMO-TEAM-26,Payments,consumer,1,0.5,0,0,1,699865.96,False,SYNTHETIC_CAUSAL_REHEARSAL,False
DEMO-R0056-liquidity,DEMO-R0056,DEMO-TEAM-26,Liquidity,consumer,1,0.5,0,1,1,0.0,False,SYNTHETIC_CAUSAL_REHEARSAL,False
DEMO-R0056-fx-fx,DEMO-R0056,DEMO-TEAM-26,Cross-border FX,consumer,1,0.5,0,0,0,0.0,False,SYNTHETIC_CAUSAL_REHEARSAL,False
DEMO-R0056-trade-finance,DEMO-R0056,DEMO-TEAM-26,Trade finance,consumer,1,0.5,1,1,0,0.0,False,SYNTHETIC_CAUSAL_REHEARSAL,False
DEMO-R0057-collections,DEMO-R0057,DEMO-TEAM-27,Collections,mining,0,0.5,0,0,0,0.0,False,SYNTHETIC_CAUSAL_REHEARSAL,False
DEMO-R0057-payments,DEMO-R0057,DEMO-TEAM-27,Payments,mining,0,0.5,0,0,0,0.0,False,SYNTHETIC_CAUSAL_REHEARSAL,False
DEMO-R0057-liquidity,DEMO-R0057,DEMO-TEAM-27,Liquidity,mining,0,0.5,1,1,1,164413.21,False,SYNTHETIC_CAUSAL_REHEARSAL,False
DEMO-R0057-fx-fx,DEMO-R0057,DEMO-TEAM-27,Cross-border FX,mining,0,0.5,0,0,0,0.0,False,SYNTHETIC_CAUSAL_REHEARSAL,False
DEMO-R0057-trade-finance,DEMO-R0057,DEMO-TEAM-27,Trade finance,mining,0,0.5,0,0,1,9286.63,False,SYNTHETIC_CAUSAL_REHEARSAL,False
DEMO-R0058-collections,DEMO-R0058,DEMO-TEAM-28,Collections,consumer,0,0.5,0,0,0,0.0,False,SYNTHETIC_CAUSAL_REHEARSAL,False
DEMO-R0058-payments,DEMO-R0058,DEMO-TEAM-28,Payments,consumer,0,0.5,0,0,0,0.0,False,SYNTHETIC_CAUSAL_REHEARSAL,False
DEMO-R0058-liquidity,DEMO-R0058,DEMO-TEAM-28,Liquidity,consumer,0,0.5,0,0,0,0.0,False,SYNTHETIC_CAUSAL_REHEARSAL,False
DEMO-R0058-fx-fx,DEMO-R0058,DEMO-TEAM-28,Cross-border FX,consumer,0,0.5,1,0,0,0.0,False,SYNTHETIC_CAUSAL_REHEARSAL,False
DEMO-R0058-trade-finance,DEMO-R0058,DEMO-TEAM-28,Trade finance,consumer,0,0.5,0,0,0,0.0,False,SYNTHETIC_CAUSAL_REHEARSAL,False
DEMO-R0059-collections,DEMO-R0059,DEMO-TEAM-29,Collections,mining,1,0.5,1,1,0,0.0,False,SYNTHETIC_CAUSAL_REHEARSAL,False
DEMO-R0059-payments,DEMO-R0059,DEMO-TEAM-29,Payments,mining,1,0.5,0,0,0,0.0,False,SYNTHETIC_CAUSAL_REHEARSAL,False
DEMO-R0059-liquidity,DEMO-R0059,DEMO-TEAM-29,Liquidity,mining,1,0.5,1,1,0,0.0,False,SYNTHETIC_CAUSAL_REHEARSAL,False
DEMO-R0059-fx-fx,DEMO-R0059,DEMO-TEAM-29,Cross-border FX,mining,1,0.5,1,1,0,0.0,False,SYNTHETIC_CAUSAL_REHEARSAL,False
DEMO-R0059-trade-finance,DEMO-R0059,DEMO-TEAM-29,Trade finance,mining,1,0.5,1,1,0,0.0,False,SYNTHETIC_CAUSAL_REHEARSAL,False
DEMO-R0060-collections,DEMO-R0060,DEMO-TEAM-30,Collections,consumer,0,0.5,0,0,1,121704.98,False,SYNTHETIC_CAUSAL_REHEARSAL,False
DEMO-R0060-payments,DEMO-R0060,DEMO-TEAM-30,Payments,consumer,0,0.5,0,1,1,127928.79,False,SYNTHETIC_CAUSAL_REHEARSAL,False
DEMO-R0060-liquidity,DEMO-R0060,DEMO-TEAM-30,Liquidity,consumer,0,0.5,0,0,0,0.0,False,SYNTHETIC_CAUSAL_REHEARSAL,False
DEMO-R0060-fx-fx,DEMO-R0060,DEMO-TEAM-30,Cross-border FX,consumer,0,0.5,0,0,0,0.0,False,SYNTHETIC_CAUSAL_REHEARSAL,False
DEMO-R0060-trade-finance,DEMO-R0060,DEMO-TEAM-30,Trade finance,consumer,0,0.5,0,0,1,244751.82,False,SYNTHETIC_CAUSAL_REHEARSAL,False
DEMO-R0061-collections,DEMO-R0061,DEMO-TEAM-01,Collections,consumer,0,0.5,0,0,0,0.0,False,SYNTHETIC_CAUSAL_REHEARSAL,False
DEMO-R0061-payments,DEMO-R0061,DEMO-TEAM-01,Payments,consumer,0,0.5,0,0,0,0.0,False,SYNTHETIC_CAUSAL_REHEARSAL,False
DEMO-R0061-liquidity,DEMO-R0061,DEMO-TEAM-01,Liquidity,consumer,0,0.5,0,0,0,0.0,False,SYNTHETIC_CAUSAL_REHEARSAL,False
DEMO-R0061-fx-fx,DEMO-R0061,DEMO-TEAM-01,Cross-border FX,consumer,0,0.5,0,0,0,0.0,False,SYNTHETIC_CAUSAL_REHEARSAL,False
DEMO-R0061-trade-finance,DEMO-R0061,DEMO-TEAM-01,Trade finance,consumer,0,0.5,1,1,1,1662542.29,False,SYNTHETIC_CAUSAL_REHEARSAL,False
DEMO-R0062-collections,DEMO-R0062,DEMO-TEAM-02,Collections,real_estate,0,0.5,0,0,0,0.0,False,SYNTHETIC_CAUSAL_REHEARSAL,False
DEMO-R0062-payments,DEMO-R0062,DEMO-TEAM-02,Payments,real_estate,0,0.5,1,0,0,0.0,False,SYNTHETIC_CAUSAL_REHEARSAL,False
DEMO-R0062-liquidity,DEMO-R0062,DEMO-TEAM-02,Liquidity,real_estate,0,0.5,1,1,1,5376.73,False,SYNTHETIC_CAUSAL_REHEARSAL,False
DEMO-R0062-fx-fx,DEMO-R0062,DEMO-TEAM-02,Cross-border FX,real_estate,0,0.5,0,0,0,0.0,False,SYNTHETIC_CAUSAL_REHEARSAL,False
DEMO-R0062-trade-finance,DEMO-R0062,DEMO-TEAM-02,Trade finance,real_estate,0,0.5,0,0,1,3821.86,False,SYNTHETIC_CAUSAL_REHEARSAL,False
DEMO-R0063-collections,DEMO-R0063,DEMO-TEAM-03,Collections,consumer,0,0.5,0,0,0,0.0,False,SYNTHETIC_CAUSAL_REHEARSAL,False
DEMO-R0063-payments,DEMO-R0063,DEMO-TEAM-03,Payments,consumer,0,0.5,0,0,0,0.0,False,SYNTHETIC_CAUSAL_REHEARSAL,False
DEMO-R0063-liquidity,DEMO-R0063,DEMO-TEAM-03,Liquidity,consumer,0,0.5,0,0,0,0.0,False,SYNTHETIC_CAUSAL_REHEARSAL,False
DEMO-R0063-fx-fx,DEMO-R0063,DEMO-TEAM-03,Cross-border FX,consumer,0,0.5,1,1,0,0.0,False,SYNTHETIC_CAUSAL_REHEARSAL,False
DEMO-R0063-trade-finance,DEMO-R0063,DEMO-TEAM-03,Trade finance,consumer,0,0.5,1,1,1,0.0,False,SYNTHETIC_CAUSAL_REHEARSAL,False
DEMO-R0064-collections,DEMO-R0064,DEMO-TEAM-04,Collections,telecoms,0,0.5,1,0,0,0.0,False,SYNTHETIC_CAUSAL_REHEARSAL,False
DEMO-R0064-payments,DEMO-R0064,DEMO-TEAM-04,Payments,telecoms,0,0.5,0,0,0,0.0,False,SYNTHETIC_CAUSAL_REHEARSAL,False
DEMO-R0064-liquidity,DEMO-R0064,DEMO-TEAM-04,Liquidity,telecoms,0,0.5,0,0,0,0.0,False,SYNTHETIC_CAUSAL_REHEARSAL,False
DEMO-R0064-fx-fx,DEMO-R0064,DEMO-TEAM-04,Cross-border FX,telecoms,0,0.5,0,0,0,0.0,False,SYNTHETIC_CAUSAL_REHEARSAL,False
DEMO-R0064-trade-finance,DEMO-R0064,DEMO-TEAM-04,Trade finance,telecoms,0,0.5,1,1,0,0.0,False,SYNTHETIC_CAUSAL_REHEARSAL,False
DEMO-R0065-collections,DEMO-R0065,DEMO-TEAM-05,Collections,telecoms,1,0.5,0,0,0,0.0,False,SYNTHETIC_CAUSAL_REHEARSAL,False
DEMO-R0065-payments,DEMO-R0065,DEMO-TEAM-05,Payments,telecoms,1,0.5,0,0,0,0.0,False,SYNTHETIC_CAUSAL_REHEARSAL,False
DEMO-R0065-liquidity,DEMO-R0065,DEMO-TEAM-05,Liquidity,telecoms,1,0.5,0,0,0,0.0,False,SYNTHETIC_CAUSAL_REHEARSAL,False
DEMO-R0065-fx-fx,DEMO-R0065,DEMO-TEAM-05,Cross-border FX,telecoms,1,0.5,1,0,0,0.0,False,SYNTHETIC_CAUSAL_REHEARSAL,False
DEMO-R0065-trade-finance,DEMO-R0065,DEMO-TEAM-05,Trade finance,telecoms,1,0.5,0,0,0,0.0,False,SYNTHETIC_CAUSAL_REHEARSAL,False
DEMO-R0066-collections,DEMO-R0066,DEMO-TEAM-06,Collections,telecoms,0,0.5,0,0,0,0.0,False,SYNTHETIC_CAUSAL_REHEARSAL,False
DEMO-R0066-payments,DEMO-R0066,DEMO-TEAM-06,Payments,telecoms,0,0.5,0,0,0,0.0,False,SYNTHETIC_CAUSAL_REHEARSAL,False
DEMO-R0066-liquidity,DEMO-R0066,DEMO-TEAM-06,Liquidity,telecoms,0,0.5,0,0,0,0.0,False,SYNTHETIC_CAUSAL_REHEARSAL,False
DEMO-R0066-fx-fx,DEMO-R0066,DEMO-TEAM-06,Cross-border FX,telecoms,0,0.5,0,0,0,0.0,False,SYNTHETIC_CAUSAL_REHEARSAL,False
DEMO-R0066-trade-finance,DEMO-R0066,DEMO-TEAM-06,Trade finance,telecoms,0,0.5,0,0,0,0.0,False,SYNTHETIC_CAUSAL_REHEARSAL,False
DEMO-R0067-collections,DEMO-R0067,DEMO-TEAM-07,Collections,mining,0,0.5,0,0,0,0.0,False,SYNTHETIC_CAUSAL_REHEARSAL,False
DEMO-R0067-payments,DEMO-R0067,DEMO-TEAM-07,Payments,mining,0,0.5,0,0,0,0.0,False,SYNTHETIC_CAUSAL_REHEARSAL,False
DEMO-R0067-liquidity,DEMO-R0067,DEMO-TEAM-07,Liquidity,mining,0,0.5,0,0,0,0.0,False,SYNTHETIC_CAUSAL_REHEARSAL,False
DEMO-R0067-fx-fx,DEMO-R0067,DEMO-TEAM-07,Cross-border FX,mining,0,0.5,0,0,1,184296.29,False,SYNTHETIC_CAUSAL_REHEARSAL,False
DEMO-R0067-trade-finance,DEMO-R0067,DEMO-TEAM-07,Trade finance,mining,0,0.5,1,0,0,0.0,False,SYNTHETIC_CAUSAL_REHEARSAL,False
DEMO-R0068-collections,DEMO-R0068,DEMO-TEAM-08,Collections,tech,1,0.5,0,0,0,0.0,False,SYNTHETIC_CAUSAL_REHEARSAL,False
DEMO-R0068-payments,DEMO-R0068,DEMO-TEAM-08,Payments,tech,1,0.5,1,1,1,0.0,False,SYNTHETIC_CAUSAL_REHEARSAL,False
DEMO-R0068-liquidity,DEMO-R0068,DEMO-TEAM-08,Liquidity,tech,1,0.5,0,0,0,0.0,False,SYNTHETIC_CAUSAL_REHEARSAL,False
DEMO-R0068-fx-fx,DEMO-R0068,DEMO-TEAM-08,Cross-border FX,tech,1,0.5,0,0,0,0.0,False,SYNTHETIC_CAUSAL_REHEARSAL,False
DEMO-R0068-trade-finance,DEMO-R0068,DEMO-TEAM-08,Trade finance,tech,1,0.5,0,0,0,0.0,False,SYNTHETIC_CAUSAL_REHEARSAL,False
DEMO-R0069-collections,DEMO-R0069,DEMO-TEAM-09,Collections,consumer,0,0.5,0,0,0,0.0,False,SYNTHETIC_CAUSAL_REHEARSAL,False
DEMO-R0069-payments,DEMO-R0069,DEMO-TEAM-09,Payments,consumer,0,0.5,0,0,0,0.0,False,SYNTHETIC_CAUSAL_REHEARSAL,False
DEMO-R0069-liquidity,DEMO-R0069,DEMO-TEAM-09,Liquidity,consumer,0,0.5,1,1,0,0.0,False,SYNTHETIC_CAUSAL_REHEARSAL,False
DEMO-R0069-fx-fx,DEMO-R0069,DEMO-TEAM-09,Cross-border FX,consumer,0,0.5,0,0,0,0.0,False,SYNTHETIC_CAUSAL_REHEARSAL,False
DEMO-R0069-trade-finance,DEMO-R0069,DEMO-TEAM-09,Trade finance,consumer,0,0.5,1,0,0,0.0,False,SYNTHETIC_CAUSAL_REHEARSAL,False
DEMO-R0070-collections,DEMO-R0070,DEMO-TEAM-10,Collections,real_estate,0,0.5,0,0,0,0.0,False,SYNTHETIC_CAUSAL_REHEARSAL,False
DEMO-R0070-payments,DEMO-R0070,DEMO-TEAM-10,Payments,real_estate,0,0.5,0,0,0,0.0,False,SYNTHETIC_CAUSAL_REHEARSAL,False
DEMO-R0070-liquidity,DEMO-R0070,DEMO-TEAM-10,Liquidity,real_estate,0,0.5,0,1,0,0.0,False,SYNTHETIC_CAUSAL_REHEARSAL,False
DEMO-R0070-fx-fx,DEMO-R0070,DEMO-TEAM-10,Cross-border FX,real_estate,0,0.5,0,0,0,0.0,False,SYNTHETIC_CAUSAL_REHEARSAL,False
DEMO-R0070-trade-finance,DEMO-R0070,DEMO-TEAM-10,Trade finance,real_estate,0,0.5,0,0,0,0.0,False,SYNTHETIC_CAUSAL_REHEARSAL,False
DEMO-R0071-collections,DEMO-R0071,DEMO-TEAM-11,Collections,industrials_pharma,0,0.5,0,0,0,0.0,False,SYNTHETIC_CAUSAL_REHEARSAL,False
DEMO-R0071-payments,DEMO-R0071,DEMO-TEAM-11,Payments,industrials_pharma,0,0.5,0,0,0,0.0,False,SYNTHETIC_CAUSAL_REHEARSAL,False
DEMO-R0071-liquidity,DEMO-R0071,DEMO-TEAM-11,Liquidity,industrials_pharma,0,0.5,0,1,1,0.0,False,SYNTHETIC_CAUSAL_REHEARSAL,False
DEMO-R0071-fx-fx,DEMO-R0071,DEMO-TEAM-11,Cross-border FX,industrials_pharma,0,0.5,0,0,0,0.0,False,SYNTHETIC_CAUSAL_REHEARSAL,False
DEMO-R0071-trade-finance,DEMO-R0071,DEMO-TEAM-11,Trade finance,industrials_pharma,0,0.5,0,0,0,0.0,False,SYNTHETIC_CAUSAL_REHEARSAL,False
DEMO-R0072-collections,DEMO-R0072,DEMO-TEAM-12,Collections,industrials_pharma,1,0.5,1,1,0,0.0,False,SYNTHETIC_CAUSAL_REHEARSAL,False
DEMO-R0072-payments,DEMO-R0072,DEMO-TEAM-12,Payments,industrials_pharma,1,0.5,0,0,1,0.0,False,SYNTHETIC_CAUSAL_REHEARSAL,False
DEMO-R0072-liquidity,DEMO-R0072,DEMO-TEAM-12,Liquidity,industrials_pharma,1,0.5,1,1,1,0.0,False,SYNTHETIC_CAUSAL_REHEARSAL,False
DEMO-R0072-fx-fx,DEMO-R0072,DEMO-TEAM-12,Cross-border FX,industrials_pharma,1,0.5,0,0,0,0.0,False,SYNTHETIC_CAUSAL_REHEARSAL,False
DEMO-R0072-trade-finance,DEMO-R0072,DEMO-TEAM-12,Trade finance,industrials_pharma,1,0.5,0,0,0,0.0,False,SYNTHETIC_CAUSAL_REHEARSAL,False
DEMO-R0073-collections,DEMO-R0073,DEMO-TEAM-13,Collections,mining,0,0.5,1,1,0,0.0,False,SYNTHETIC_CAUSAL_REHEARSAL,False
DEMO-R0073-payments,DEMO-R0073,DEMO-TEAM-13,Payments,mining,0,0.5,0,0,0,0.0,False,SYNTHETIC_CAUSAL_REHEARSAL,False
DEMO-R0073-liquidity,DEMO-R0073,DEMO-TEAM-13,Liquidity,mining,0,0.5,0,0,0,0.0,False,SYNTHETIC_CAUSAL_REHEARSAL,False
DEMO-R0073-fx-fx,DEMO-R0073,DEMO-TEAM-13,Cross-border FX,mining,0,0.5,0,0,0,0.0,False,SYNTHETIC_CAUSAL_REHEARSAL,False
DEMO-R0073-trade-finance,DEMO-R0073,DEMO-TEAM-13,Trade finance,mining,0,0.5,0,0,0,0.0,False,SYNTHETIC_CAUSAL_REHEARSAL,False
DEMO-R0074-collections,DEMO-R0074,DEMO-TEAM-14,Collections,consumer,1,0.5,0,0,0,0.0,False,SYNTHETIC_CAUSAL_REHEARSAL,False
DEMO-R0074-payments,DEMO-R0074,DEMO-TEAM-14,Payments,consumer,1,0.5,0,0,0,0.0,False,SYNTHETIC_CAUSAL_REHEARSAL,False
DEMO-R0074-liquidity,DEMO-R0074,DEMO-TEAM-14,Liquidity,consumer,1,0.5,0,0,0,0.0,False,SYNTHETIC_CAUSAL_REHEARSAL,False
DEMO-R0074-fx-fx,DEMO-R0074,DEMO-TEAM-14,Cross-border FX,consumer,1,0.5,0,0,0,0.0,False,SYNTHETIC_CAUSAL_REHEARSAL,False
DEMO-R0074-trade-finance,DEMO-R0074,DEMO-TEAM-14,Trade finance,consumer,1,0.5,0,0,0,0.0,False,SYNTHETIC_CAUSAL_REHEARSAL,False
DEMO-R0075-collections,DEMO-R0075,DEMO-TEAM-15,Collections,mining,0,0.5,0,0,0,0.0,False,SYNTHETIC_CAUSAL_REHEARSAL,False
DEMO-R0075-payments,DEMO-R0075,DEMO-TEAM-15,Payments,mining,0,0.5,0,0,0,0.0,False,SYNTHETIC_CAUSAL_REHEARSAL,False
DEMO-R0075-liquidity,DEMO-R0075,DEMO-TEAM-15,Liquidity,mining,0,0.5,0,0,0,0.0,False,SYNTHETIC_CAUSAL_REHEARSAL,False
DEMO-R0075-fx-fx,DEMO-R0075,DEMO-TEAM-15,Cross-border FX,mining,0,0.5,0,0,0,0.0,False,SYNTHETIC_CAUSAL_REHEARSAL,False
DEMO-R0075-trade-finance,DEMO-R0075,DEMO-TEAM-15,Trade finance,mining,0,0.5,1,1,0,0.0,False,SYNTHETIC_CAUSAL_REHEARSAL,False
DEMO-R0076-collections,DEMO-R0076,DEMO-TEAM-16,Collections,tech,0,0.5,0,0,0,0.0,False,SYNTHETIC_CAUSAL_REHEARSAL,False
DEMO-R0076-payments,DEMO-R0076,DEMO-TEAM-16,Payments,tech,0,0.5,0,1,0,0.0,False,SYNTHETIC_CAUSAL_REHEARSAL,False
DEMO-R0076-liquidity,DEMO-R0076,DEMO-TEAM-16,Liquidity,tech,0,0.5,1,1,0,0.0,False,SYNTHETIC_CAUSAL_REHEARSAL,False
DEMO-R0076-fx-fx,DEMO-R0076,DEMO-TEAM-16,Cross-border FX,tech,0,0.5,0,0,0,0.0,False,SYNTHETIC_CAUSAL_REHEARSAL,False
DEMO-R0076-trade-finance,DEMO-R0076,DEMO-TEAM-16,Trade finance,tech,0,0.5,1,1,1,60248.11,False,SYNTHETIC_CAUSAL_REHEARSAL,False
DEMO-R0077-collections,DEMO-R0077,DEMO-TEAM-17,Collections,industrials_pharma,1,0.5,1,0,0,0.0,False,SYNTHETIC_CAUSAL_REHEARSAL,False
DEMO-R0077-payments,DEMO-R0077,DEMO-TEAM-17,Payments,industrials_pharma,1,0.5,1,1,0,0.0,False,SYNTHETIC_CAUSAL_REHEARSAL,False
DEMO-R0077-liquidity,DEMO-R0077,DEMO-TEAM-17,Liquidity,industrials_pharma,1,0.5,1,1,0,0.0,False,SYNTHETIC_CAUSAL_REHEARSAL,False
DEMO-R0077-fx-fx,DEMO-R0077,DEMO-TEAM-17,Cross-border FX,industrials_pharma,1,0.5,0,0,0,0.0,False,SYNTHETIC_CAUSAL_REHEARSAL,False
DEMO-R0077-trade-finance,DEMO-R0077,DEMO-TEAM-17,Trade finance,industrials_pharma,1,0.5,0,0,0,0.0,False,SYNTHETIC_CAUSAL_REHEARSAL,False
DEMO-R0078-collections,DEMO-R0078,DEMO-TEAM-18,Collections,industrials_pharma,1,0.5,1,0,0,0.0,False,SYNTHETIC_CAUSAL_REHEARSAL,False
DEMO-R0078-payments,DEMO-R0078,DEMO-TEAM-18,Payments,industrials_pharma,1,0.5,0,0,0,0.0,False,SYNTHETIC_CAUSAL_REHEARSAL,False
DEMO-R0078-liquidity,DEMO-R0078,DEMO-TEAM-18,Liquidity,industrials_pharma,1,0.5,0,0,1,0.0,False,SYNTHETIC_CAUSAL_REHEARSAL,False
DEMO-R0078-fx-fx,DEMO-R0078,DEMO-TEAM-18,Cross-border FX,industrials_pharma,1,0.5,0,1,0,0.0,False,SYNTHETIC_CAUSAL_REHEARSAL,False
DEMO-R0078-trade-finance,DEMO-R0078,DEMO-TEAM-18,Trade finance,industrials_pharma,1,0.5,1,0,0,0.0,False,SYNTHETIC_CAUSAL_REHEARSAL,False
DEMO-R0079-collections,DEMO-R0079,DEMO-TEAM-19,Collections,consumer,1,0.5,0,0,0,0.0,False,SYNTHETIC_CAUSAL_REHEARSAL,False
DEMO-R0079-payments,DEMO-R0079,DEMO-TEAM-19,Payments,consumer,1,0.5,0,0,0,0.0,False,SYNTHETIC_CAUSAL_REHEARSAL,False
DEMO-R0079-liquidity,DEMO-R0079,DEMO-TEAM-19,Liquidity,consumer,1,0.5,0,0,0,0.0,False,SYNTHETIC_CAUSAL_REHEARSAL,False
DEMO-R0079-fx-fx,DEMO-R0079,DEMO-TEAM-19,Cross-border FX,consumer,1,0.5,1,1,0,0.0,False,SYNTHETIC_CAUSAL_REHEARSAL,False
DEMO-R0079-trade-finance,DEMO-R0079,DEMO-TEAM-19,Trade finance,consumer,1,0.5,0,0,1,864729.32,False,SYNTHETIC_CAUSAL_REHEARSAL,False
DEMO-R0080-collections,DEMO-R0080,DEMO-TEAM-20,Collections,consumer,1,0.5,1,0,0,0.0,False,SYNTHETIC_CAUSAL_REHEARSAL,False
DEMO-R0080-payments,DEMO-R0080,DEMO-TEAM-20,Payments,consumer,1,0.5,1,1,1,908922.61,False,SYNTHETIC_CAUSAL_REHEARSAL,False
DEMO-R0080-liquidity,DEMO-R0080,DEMO-TEAM-20,Liquidity,consumer,1,0.5,0,0,0,0.0,False,SYNTHETIC_CAUSAL_REHEARSAL,False
DEMO-R0080-fx-fx,DEMO-R0080,DEMO-TEAM-20,Cross-border FX,consumer,1,0.5,1,0,0,0.0,False,SYNTHETIC_CAUSAL_REHEARSAL,False
DEMO-R0080-trade-finance,DEMO-R0080,DEMO-TEAM-20,Trade finance,consumer,1,0.5,0,0,1,573520.17,False,SYNTHETIC_CAUSAL_REHEARSAL,False
DEMO-R0081-collections,DEMO-R0081,DEMO-TEAM-21,Collections,consumer,0,0.5,0,1,1,0.0,False,SYNTHETIC_CAUSAL_REHEARSAL,False
DEMO-R0081-payments,DEMO-R0081,DEMO-TEAM-21,Payments,consumer,0,0.5,0,0,0,0.0,False,SYNTHETIC_CAUSAL_REHEARSAL,False
DEMO-R0081-liquidity,DEMO-R0081,DEMO-TEAM-21,Liquidity,consumer,0,0.5,0,0,0,0.0,False,SYNTHETIC_CAUSAL_REHEARSAL,False
DEMO-R0081-fx-fx,DEMO-R0081,DEMO-TEAM-21,Cross-border FX,consumer,0,0.5,0,0,0,0.0,False,SYNTHETIC_CAUSAL_REHEARSAL,False
DEMO-R0081-trade-finance,DEMO-R0081,DEMO-TEAM-21,Trade finance,consumer,0,0.5,0,0,0,0.0,False,SYNTHETIC_CAUSAL_REHEARSAL,False
DEMO-R0082-collections,DEMO-R0082,DEMO-TEAM-22,Collections,consumer,0,0.5,0,0,0,0.0,False,SYNTHETIC_CAUSAL_REHEARSAL,False
DEMO-R0082-payments,DEMO-R0082,DEMO-TEAM-22,Payments,consumer,0,0.5,0,0,0,0.0,False,SYNTHETIC_CAUSAL_REHEARSAL,False
DEMO-R0082-liquidity,DEMO-R0082,DEMO-TEAM-22,Liquidity,consumer,0,0.5,0,0,0,0.0,False,SYNTHETIC_CAUSAL_REHEARSAL,False
DEMO-R0082-fx-fx,DEMO-R0082,DEMO-TEAM-22,Cross-border FX,consumer,0,0.5,0,0,0,0.0,False,SYNTHETIC_CAUSAL_REHEARSAL,False
DEMO-R0082-trade-finance,DEMO-R0082,DEMO-TEAM-22,Trade finance,consumer,0,0.5,0,0,0,0.0,False,SYNTHETIC_CAUSAL_REHEARSAL,False
DEMO-R0083-collections,DEMO-R0083,DEMO-TEAM-23,Collections,mining,1,0.5,1,1,1,129226.59,False,SYNTHETIC_CAUSAL_REHEARSAL,False
DEMO-R0083-payments,DEMO-R0083,DEMO-TEAM-23,Payments,mining,1,0.5,0,0,0,0.0,False,SYNTHETIC_CAUSAL_REHEARSAL,False
DEMO-R0083-liquidity,DEMO-R0083,DEMO-TEAM-23,Liquidity,mining,1,0.5,0,0,0,0.0,False,SYNTHETIC_CAUSAL_REHEARSAL,False
DEMO-R0083-fx-fx,DEMO-R0083,DEMO-TEAM-23,Cross-border FX,mining,1,0.5,0,0,0,0.0,False,SYNTHETIC_CAUSAL_REHEARSAL,False
DEMO-R0083-trade-finance,DEMO-R0083,DEMO-TEAM-23,Trade finance,mining,1,0.5,1,1,0,0.0,False,SYNTHETIC_CAUSAL_REHEARSAL,False
DEMO-R0084-collections,DEMO-R0084,DEMO-TEAM-24,Collections,mining,1,0.5,1,1,1,58294.96,False,SYNTHETIC_CAUSAL_REHEARSAL,False
DEMO-R0084-payments,DEMO-R0084,DEMO-TEAM-24,Payments,mining,1,0.5,0,0,0,0.0,False,SYNTHETIC_CAUSAL_REHEARSAL,False
DEMO-R0084-liquidity,DEMO-R0084,DEMO-TEAM-24,Liquidity,mining,1,0.5,1,1,1,65677.16,False,SYNTHETIC_CAUSAL_REHEARSAL,False
DEMO-R0084-fx-fx,DEMO-R0084,DEMO-TEAM-24,Cross-border FX,mining,1,0.5,0,0,0,0.0,False,SYNTHETIC_CAUSAL_REHEARSAL,False
DEMO-R0084-trade-finance,DEMO-R0084,DEMO-TEAM-24,Trade finance,mining,1,0.5,0,0,0,0.0,False,SYNTHETIC_CAUSAL_REHEARSAL,False
DEMO-R0085-collections,DEMO-R0085,DEMO-TEAM-25,Collections,real_estate,1,0.5,0,0,0,0.0,False,SYNTHETIC_CAUSAL_REHEARSAL,False
DEMO-R0085-payments,DEMO-R0085,DEMO-TEAM-25,Payments,real_estate,1,0.5,0,0,0,0.0,False,SYNTHETIC_CAUSAL_REHEARSAL,False
DEMO-R0085-liquidity,DEMO-R0085,DEMO-TEAM-25,Liquidity,real_estate,1,0.5,0,0,0,0.0,False,SYNTHETIC_CAUSAL_REHEARSAL,False
DEMO-R0085-fx-fx,DEMO-R0085,DEMO-TEAM-25,Cross-border FX,real_estate,1,0.5,1,0,0,0.0,False,SYNTHETIC_CAUSAL_REHEARSAL,False
DEMO-R0085-trade-finance,DEMO-R0085,DEMO-TEAM-25,Trade finance,real_estate,1,0.5,1,1,1,17184.33,False,SYNTHETIC_CAUSAL_REHEARSAL,False
DEMO-R0086-collections,DEMO-R0086,DEMO-TEAM-26,Collections,consumer,1,0.5,0,0,0,0.0,False,SYNTHETIC_CAUSAL_REHEARSAL,False
DEMO-R0086-payments,DEMO-R0086,DEMO-TEAM-26,Payments,consumer,1,0.5,0,1,0,0.0,False,SYNTHETIC_CAUSAL_REHEARSAL,False
DEMO-R0086-liquidity,DEMO-R0086,DEMO-TEAM-26,Liquidity,consumer,1,0.5,0,0,0,0.0,False,SYNTHETIC_CAUSAL_REHEARSAL,False
DEMO-R0086-fx-fx,DEMO-R0086,DEMO-TEAM-26,Cross-border FX,consumer,1,0.5,1,0,0,0.0,False,SYNTHETIC_CAUSAL_REHEARSAL,False
DEMO-R0086-trade-finance,DEMO-R0086,DEMO-TEAM-26,Trade finance,consumer,1,0.5,0,0,0,0.0,False,SYNTHETIC_CAUSAL_REHEARSAL,False
DEMO-R0087-collections,DEMO-R0087,DEMO-TEAM-27,Collections,mining,0,0.5,0,0,0,0.0,False,SYNTHETIC_CAUSAL_REHEARSAL,False
DEMO-R0087-payments,DEMO-R0087,DEMO-TEAM-27,Payments,mining,0,0.5,0,0,0,0.0,False,SYNTHETIC_CAUSAL_REHEARSAL,False
DEMO-R0087-liquidity,DEMO-R0087,DEMO-TEAM-27,Liquidity,mining,0,0.5,0,0,0,0.0,False,SYNTHETIC_CAUSAL_REHEARSAL,False
DEMO-R0087-fx-fx,DEMO-R0087,DEMO-TEAM-27,Cross-border FX,mining,0,0.5,0,0,0,0.0,False,SYNTHETIC_CAUSAL_REHEARSAL,False
DEMO-R0087-trade-finance,DEMO-R0087,DEMO-TEAM-27,Trade finance,mining,0,0.5,1,1,1,563436.47,False,SYNTHETIC_CAUSAL_REHEARSAL,False
DEMO-R0088-collections,DEMO-R0088,DEMO-TEAM-28,Collections,real_estate,0,0.5,0,0,0,0.0,False,SYNTHETIC_CAUSAL_REHEARSAL,False
DEMO-R0088-payments,DEMO-R0088,DEMO-TEAM-28,Payments,real_estate,0,0.5,0,0,0,0.0,False,SYNTHETIC_CAUSAL_REHEARSAL,False
DEMO-R0088-liquidity,DEMO-R0088,DEMO-TEAM-28,Liquidity,real_estate,0,0.5,0,0,0,0.0,False,SYNTHETIC_CAUSAL_REHEARSAL,False
DEMO-R0088-fx-fx,DEMO-R0088,DEMO-TEAM-28,Cross-border FX,real_estate,0,0.5,0,0,0,0.0,False,SYNTHETIC_CAUSAL_REHEARSAL,False
DEMO-R0088-trade-finance,DEMO-R0088,DEMO-TEAM-28,Trade finance,real_estate,0,0.5,0,0,0,0.0,False,SYNTHETIC_CAUSAL_REHEARSAL,False
DEMO-R0089-collections,DEMO-R0089,DEMO-TEAM-29,Collections,consumer,1,0.5,0,0,0,0.0,False,SYNTHETIC_CAUSAL_REHEARSAL,False
DEMO-R0089-payments,DEMO-R0089,DEMO-TEAM-29,Payments,consumer,1,0.5,0,0,1,0.0,False,SYNTHETIC_CAUSAL_REHEARSAL,False
DEMO-R0089-liquidity,DEMO-R0089,DEMO-TEAM-29,Liquidity,consumer,1,0.5,0,0,0,0.0,False,SYNTHETIC_CAUSAL_REHEARSAL,False
DEMO-R0089-fx-fx,DEMO-R0089,DEMO-TEAM-29,Cross-border FX,consumer,1,0.5,1,1,0,0.0,False,SYNTHETIC_CAUSAL_REHEARSAL,False
DEMO-R0089-trade-finance,DEMO-R0089,DEMO-TEAM-29,Trade finance,consumer,1,0.5,0,0,0,0.0,False,SYNTHETIC_CAUSAL_REHEARSAL,False
DEMO-R0090-collections,DEMO-R0090,DEMO-TEAM-30,Collections,mining,0,0.5,0,0,0,0.0,False,SYNTHETIC_CAUSAL_REHEARSAL,False
DEMO-R0090-payments,DEMO-R0090,DEMO-TEAM-30,Payments,mining,0,0.5,0,0,0,0.0,False,SYNTHETIC_CAUSAL_REHEARSAL,False
DEMO-R0090-liquidity,DEMO-R0090,DEMO-TEAM-30,Liquidity,mining,0,0.5,0,0,0,0.0,False,SYNTHETIC_CAUSAL_REHEARSAL,False
DEMO-R0090-fx-fx,DEMO-R0090,DEMO-TEAM-30,Cross-border FX,mining,0,0.5,0,0,0,0.0,False,SYNTHETIC_CAUSAL_REHEARSAL,False
DEMO-R0090-trade-finance,DEMO-R0090,DEMO-TEAM-30,Trade finance,mining,0,0.5,1,1,0,0.0,False,SYNTHETIC_CAUSAL_REHEARSAL,False
DEMO-R0091-collections,DEMO-R0091,DEMO-TEAM-01,Collections,insurance,0,0.5,1,0,0,0.0,False,SYNTHETIC_CAUSAL_REHEARSAL,False
DEMO-R0091-payments,DEMO-R0091,DEMO-TEAM-01,Payments,insurance,0,0.5,0,0,0,0.0,False,SYNTHETIC_CAUSAL_REHEARSAL,False
DEMO-R0091-liquidity,DEMO-R0091,DEMO-TEAM-01,Liquidity,insurance,0,0.5,0,1,0,0.0,False,SYNTHETIC_CAUSAL_REHEARSAL,False
DEMO-R0091-fx-fx,DEMO-R0091,DEMO-TEAM-01,Cross-border FX,insurance,0,0.5,0,0,0,0.0,False,SYNTHETIC_CAUSAL_REHEARSAL,False
DEMO-R0091-trade-finance,DEMO-R0091,DEMO-TEAM-01,Trade finance,insurance,0,0.5,0,0,0,0.0,False,SYNTHETIC_CAUSAL_REHEARSAL,False
DEMO-R0092-collections,DEMO-R0092,DEMO-TEAM-02,Collections,insurance,0,0.5,0,0,0,0.0,False,SYNTHETIC_CAUSAL_REHEARSAL,False
DEMO-R0092-payments,DEMO-R0092,DEMO-TEAM-02,Payments,insurance,0,0.5,0,0,0,0.0,False,SYNTHETIC_CAUSAL_REHEARSAL,False
DEMO-R0092-liquidity,DEMO-R0092,DEMO-TEAM-02,Liquidity,insurance,0,0.5,0,0,0,0.0,False,SYNTHETIC_CAUSAL_REHEARSAL,False
DEMO-R0092-fx-fx,DEMO-R0092,DEMO-TEAM-02,Cross-border FX,insurance,0,0.5,0,0,0,0.0,False,SYNTHETIC_CAUSAL_REHEARSAL,False
DEMO-R0092-trade-finance,DEMO-R0092,DEMO-TEAM-02,Trade finance,insurance,0,0.5,0,0,0,0.0,False,SYNTHETIC_CAUSAL_REHEARSAL,False
DEMO-R0093-collections,DEMO-R0093,DEMO-TEAM-03,Collections,mining,0,0.5,0,0,0,0.0,False,SYNTHETIC_CAUSAL_REHEARSAL,False
DEMO-R0093-payments,DEMO-R0093,DEMO-TEAM-03,Payments,mining,0,0.5,0,0,0,0.0,False,SYNTHETIC_CAUSAL_REHEARSAL,False
DEMO-R0093-liquidity,DEMO-R0093,DEMO-TEAM-03,Liquidity,mining,0,0.5,1,1,0,0.0,False,SYNTHETIC_CAUSAL_REHEARSAL,False
DEMO-R0093-fx-fx,DEMO-R0093,DEMO-TEAM-03,Cross-border FX,mining,0,0.5,1,1,0,0.0,False,SYNTHETIC_CAUSAL_REHEARSAL,False
DEMO-R0093-trade-finance,DEMO-R0093,DEMO-TEAM-03,Trade finance,mining,0,0.5,0,0,0,0.0,False,SYNTHETIC_CAUSAL_REHEARSAL,False
DEMO-R0094-collections,DEMO-R0094,DEMO-TEAM-04,Collections,consumer,0,0.5,1,0,0,0.0,False,SYNTHETIC_CAUSAL_REHEARSAL,False
DEMO-R0094-payments,DEMO-R0094,DEMO-TEAM-04,Payments,consumer,0,0.5,0,0,0,0.0,False,SYNTHETIC_CAUSAL_REHEARSAL,False
DEMO-R0094-liquidity,DEMO-R0094,DEMO-TEAM-04,Liquidity,consumer,0,0.5,1,1,1,480871.2,False,SYNTHETIC_CAUSAL_REHEARSAL,False
DEMO-R0094-fx-fx,DEMO-R0094,DEMO-TEAM-04,Cross-border FX,consumer,0,0.5,0,0,0,0.0,False,SYNTHETIC_CAUSAL_REHEARSAL,False
DEMO-R0094-trade-finance,DEMO-R0094,DEMO-TEAM-04,Trade finance,consumer,0,0.5,1,1,1,230828.41,False,SYNTHETIC_CAUSAL_REHEARSAL,False
DEMO-R0095-collections,DEMO-R0095,DEMO-TEAM-05,Collections,mining,1,0.5,0,0,0,0.0,False,SYNTHETIC_CAUSAL_REHEARSAL,False
DEMO-R0095-payments,DEMO-R0095,DEMO-TEAM-05,Payments,mining,1,0.5,0,0,0,0.0,False,SYNTHETIC_CAUSAL_REHEARSAL,False
DEMO-R0095-liquidity,DEMO-R0095,DEMO-TEAM-05,Liquidity,mining,1,0.5,1,1,1,14439.0,False,SYNTHETIC_CAUSAL_REHEARSAL,False
DEMO-R0095-fx-fx,DEMO-R0095,DEMO-TEAM-05,Cross-border FX,mining,1,0.5,1,0,1,201608.11,False,SYNTHETIC_CAUSAL_REHEARSAL,False
DEMO-R0095-trade-finance,DEMO-R0095,DEMO-TEAM-05,Trade finance,mining,1,0.5,0,0,0,0.0,False,SYNTHETIC_CAUSAL_REHEARSAL,False
DEMO-R0096-collections,DEMO-R0096,DEMO-TEAM-06,Collections,consumer,0,0.5,0,0,0,0.0,False,SYNTHETIC_CAUSAL_REHEARSAL,False
DEMO-R0096-payments,DEMO-R0096,DEMO-TEAM-06,Payments,consumer,0,0.5,0,0,0,0.0,False,SYNTHETIC_CAUSAL_REHEARSAL,False
DEMO-R0096-liquidity,DEMO-R0096,DEMO-TEAM-06,Liquidity,consumer,0,0.5,0,0,0,0.0,False,SYNTHETIC_CAUSAL_REHEARSAL,False
DEMO-R0096-fx-fx,DEMO-R0096,DEMO-TEAM-06,Cross-border FX,consumer,0,0.5,0,0,0,0.0,False,SYNTHETIC_CAUSAL_REHEARSAL,False
DEMO-R0096-trade-finance,DEMO-R0096,DEMO-TEAM-06,Trade finance,consumer,0,0.5,0,0,0,0.0,False,SYNTHETIC_CAUSAL_REHEARSAL,False
DEMO-R0097-collections,DEMO-R0097,DEMO-TEAM-07,Collections,insurance,0,0.5,0,0,0,0.0,False,SYNTHETIC_CAUSAL_REHEARSAL,False
DEMO-R0097-payments,DEMO-R0097,DEMO-TEAM-07,Payments,insurance,0,0.5,0,0,0,0.0,False,SYNTHETIC_CAUSAL_REHEARSAL,False
DEMO-R0097-liquidity,DEMO-R0097,DEMO-TEAM-07,Liquidity,insurance,0,0.5,0,0,0,0.0,False,SYNTHETIC_CAUSAL_REHEARSAL,False
DEMO-R0097-fx-fx,DEMO-R0097,DEMO-TEAM-07,Cross-border FX,insurance,0,0.5,0,0,0,0.0,False,SYNTHETIC_CAUSAL_REHEARSAL,False
DEMO-R0097-trade-finance,DEMO-R0097,DEMO-TEAM-07,Trade finance,insurance,0,0.5,0,0,0,0.0,False,SYNTHETIC_CAUSAL_REHEARSAL,False
DEMO-R0098-collections,DEMO-R0098,DEMO-TEAM-08,Collections,mining,1,0.5,0,0,0,0.0,False,SYNTHETIC_CAUSAL_REHEARSAL,False
DEMO-R0098-payments,DEMO-R0098,DEMO-TEAM-08,Payments,mining,1,0.5,0,0,0,0.0,False,SYNTHETIC_CAUSAL_REHEARSAL,False
DEMO-R0098-liquidity,DEMO-R0098,DEMO-TEAM-08,Liquidity,mining,1,0.5,0,0,0,0.0,False,SYNTHETIC_CAUSAL_REHEARSAL,False
DEMO-R0098-fx-fx,DEMO-R0098,DEMO-TEAM-08,Cross-border FX,mining,1,0.5,0,1,0,0.0,False,SYNTHETIC_CAUSAL_REHEARSAL,False
DEMO-R0098-trade-finance,DEMO-R0098,DEMO-TEAM-08,Trade finance,mining,1,0.5,1,0,0,0.0,False,SYNTHETIC_CAUSAL_REHEARSAL,False
DEMO-R0099-collections,DEMO-R0099,DEMO-TEAM-09,Collections,mining,0,0.5,1,1,1,0.0,False,SYNTHETIC_CAUSAL_REHEARSAL,False
DEMO-R0099-payments,DEMO-R0099,DEMO-TEAM-09,Payments,mining,0,0.5,1,0,0,0.0,False,SYNTHETIC_CAUSAL_REHEARSAL,False
DEMO-R0099-liquidity,DEMO-R0099,DEMO-TEAM-09,Liquidity,mining,0,0.5,0,0,0,0.0,False,SYNTHETIC_CAUSAL_REHEARSAL,False
DEMO-R0099-fx-fx,DEMO-R0099,DEMO-TEAM-09,Cross-border FX,mining,0,0.5,0,0,0,0.0,False,SYNTHETIC_CAUSAL_REHEARSAL,False
DEMO-R0099-trade-finance,DEMO-R0099,DEMO-TEAM-09,Trade finance,mining,0,0.5,0,0,0,0.0,False,SYNTHETIC_CAUSAL_REHEARSAL,False
DEMO-R0100-collections,DEMO-R0100,DEMO-TEAM-10,Collections,insurance,0,0.5,0,0,0,0.0,False,SYNTHETIC_CAUSAL_REHEARSAL,False
DEMO-R0100-payments,DEMO-R0100,DEMO-TEAM-10,Payments,insurance,0,0.5,1,0,0,0.0,False,SYNTHETIC_CAUSAL_REHEARSAL,False
DEMO-R0100-liquidity,DEMO-R0100,DEMO-TEAM-10,Liquidity,insurance,0,0.5,0,0,0,0.0,False,SYNTHETIC_CAUSAL_REHEARSAL,False
DEMO-R0100-fx-fx,DEMO-R0100,DEMO-TEAM-10,Cross-border FX,insurance,0,0.5,0,0,0,0.0,False,SYNTHETIC_CAUSAL_REHEARSAL,False
DEMO-R0100-trade-finance,DEMO-R0100,DEMO-TEAM-10,Trade finance,insurance,0,0.5,1,1,1,74297.94,False,SYNTHETIC_CAUSAL_REHEARSAL,False
DEMO-R0101-collections,DEMO-R0101,DEMO-TEAM-11,Collections,mining,0,0.5,0,1,0,0.0,False,SYNTHETIC_CAUSAL_REHEARSAL,False
DEMO-R0101-payments,DEMO-R0101,DEMO-TEAM-11,Payments,mining,0,0.5,0,0,0,0.0,False,SYNTHETIC_CAUSAL_REHEARSAL,False
DEMO-R0101-liquidity,DEMO-R0101,DEMO-TEAM-11,Liquidity,mining,0,0.5,0,1,0,0.0,False,SYNTHETIC_CAUSAL_REHEARSAL,False
DEMO-R0101-fx-fx,DEMO-R0101,DEMO-TEAM-11,Cross-border FX,mining,0,0.5,1,1,0,0.0,False,SYNTHETIC_CAUSAL_REHEARSAL,False
DEMO-R0101-trade-finance,DEMO-R0101,DEMO-TEAM-11,Trade finance,mining,0,0.5,0,0,0,0.0,False,SYNTHETIC_CAUSAL_REHEARSAL,False
DEMO-R0102-collections,DEMO-R0102,DEMO-TEAM-12,Collections,industrials_pharma,1,0.5,0,0,1,6895.88,False,SYNTHETIC_CAUSAL_REHEARSAL,False
DEMO-R0102-payments,DEMO-R0102,DEMO-TEAM-12,Payments,industrials_pharma,1,0.5,0,0,0,0.0,False,SYNTHETIC_CAUSAL_REHEARSAL,False
DEMO-R0102-liquidity,DEMO-R0102,DEMO-TEAM-12,Liquidity,industrials_pharma,1,0.5,0,0,0,0.0,False,SYNTHETIC_CAUSAL_REHEARSAL,False
DEMO-R0102-fx-fx,DEMO-R0102,DEMO-TEAM-12,Cross-border FX,industrials_pharma,1,0.5,1,1,1,887349.72,False,SYNTHETIC_CAUSAL_REHEARSAL,False
DEMO-R0102-trade-finance,DEMO-R0102,DEMO-TEAM-12,Trade finance,industrials_pharma,1,0.5,0,0,0,0.0,False,SYNTHETIC_CAUSAL_REHEARSAL,False
DEMO-R0103-collections,DEMO-R0103,DEMO-TEAM-13,Collections,real_estate,0,0.5,0,0,0,0.0,False,SYNTHETIC_CAUSAL_REHEARSAL,False
DEMO-R0103-payments,DEMO-R0103,DEMO-TEAM-13,Payments,real_estate,0,0.5,0,0,0,0.0,False,SYNTHETIC_CAUSAL_REHEARSAL,False
DEMO-R0103-liquidity,DEMO-R0103,DEMO-TEAM-13,Liquidity,real_estate,0,0.5,0,0,0,0.0,False,SYNTHETIC_CAUSAL_REHEARSAL,False
DEMO-R0103-fx-fx,DEMO-R0103,DEMO-TEAM-13,Cross-border FX,real_estate,0,0.5,0,0,0,0.0,False,SYNTHETIC_CAUSAL_REHEARSAL,False
DEMO-R0103-trade-finance,DEMO-R0103,DEMO-TEAM-13,Trade finance,real_estate,0,0.5,0,0,0,0.0,False,SYNTHETIC_CAUSAL_REHEARSAL,False
DEMO-R0104-collections,DEMO-R0104,DEMO-TEAM-14,Collections,consumer,1,0.5,0,0,0,0.0,False,SYNTHETIC_CAUSAL_REHEARSAL,False
DEMO-R0104-payments,DEMO-R0104,DEMO-TEAM-14,Payments,consumer,1,0.5,0,0,0,0.0,False,SYNTHETIC_CAUSAL_REHEARSAL,False
DEMO-R0104-liquidity,DEMO-R0104,DEMO-TEAM-14,Liquidity,consumer,1,0.5,1,1,0,0.0,False,SYNTHETIC_CAUSAL_REHEARSAL,False
DEMO-R0104-fx-fx,DEMO-R0104,DEMO-TEAM-14,Cross-border FX,consumer,1,0.5,0,0,0,0.0,False,SYNTHETIC_CAUSAL_REHEARSAL,False
DEMO-R0104-trade-finance,DEMO-R0104,DEMO-TEAM-14,Trade finance,consumer,1,0.5,0,0,0,0.0,False,SYNTHETIC_CAUSAL_REHEARSAL,False
DEMO-R0105-collections,DEMO-R0105,DEMO-TEAM-15,Collections,insurance,0,0.5,0,1,1,0.0,False,SYNTHETIC_CAUSAL_REHEARSAL,False
DEMO-R0105-payments,DEMO-R0105,DEMO-TEAM-15,Payments,insurance,0,0.5,0,0,0,0.0,False,SYNTHETIC_CAUSAL_REHEARSAL,False
DEMO-R0105-liquidity,DEMO-R0105,DEMO-TEAM-15,Liquidity,insurance,0,0.5,1,0,0,0.0,False,SYNTHETIC_CAUSAL_REHEARSAL,False
DEMO-R0105-fx-fx,DEMO-R0105,DEMO-TEAM-15,Cross-border FX,insurance,0,0.5,1,0,0,0.0,False,SYNTHETIC_CAUSAL_REHEARSAL,False
DEMO-R0105-trade-finance,DEMO-R0105,DEMO-TEAM-15,Trade finance,insurance,0,0.5,0,0,0,0.0,False,SYNTHETIC_CAUSAL_REHEARSAL,False
DEMO-R0106-collections,DEMO-R0106,DEMO-TEAM-16,Collections,mining,0,0.5,1,1,0,0.0,False,SYNTHETIC_CAUSAL_REHEARSAL,False
DEMO-R0106-payments,DEMO-R0106,DEMO-TEAM-16,Payments,mining,0,0.5,0,0,0,0.0,False,SYNTHETIC_CAUSAL_REHEARSAL,False
DEMO-R0106-liquidity,DEMO-R0106,DEMO-TEAM-16,Liquidity,mining,0,0.5,1,1,0,0.0,False,SYNTHETIC_CAUSAL_REHEARSAL,False
DEMO-R0106-fx-fx,DEMO-R0106,DEMO-TEAM-16,Cross-border FX,mining,0,0.5,0,0,0,0.0,False,SYNTHETIC_CAUSAL_REHEARSAL,False
DEMO-R0106-trade-finance,DEMO-R0106,DEMO-TEAM-16,Trade finance,mining,0,0.5,0,0,0,0.0,False,SYNTHETIC_CAUSAL_REHEARSAL,False
DEMO-R0107-collections,DEMO-R0107,DEMO-TEAM-17,Collections,insurance,1,0.5,1,1,0,0.0,False,SYNTHETIC_CAUSAL_REHEARSAL,False
DEMO-R0107-payments,DEMO-R0107,DEMO-TEAM-17,Payments,insurance,1,0.5,0,0,0,0.0,False,SYNTHETIC_CAUSAL_REHEARSAL,False
DEMO-R0107-liquidity,DEMO-R0107,DEMO-TEAM-17,Liquidity,insurance,1,0.5,1,0,0,0.0,False,SYNTHETIC_CAUSAL_REHEARSAL,False
DEMO-R0107-fx-fx,DEMO-R0107,DEMO-TEAM-17,Cross-border FX,insurance,1,0.5,1,1,0,0.0,False,SYNTHETIC_CAUSAL_REHEARSAL,False
DEMO-R0107-trade-finance,DEMO-R0107,DEMO-TEAM-17,Trade finance,insurance,1,0.5,0,0,0,0.0,False,SYNTHETIC_CAUSAL_REHEARSAL,False
DEMO-R0108-collections,DEMO-R0108,DEMO-TEAM-18,Collections,real_estate,1,0.5,0,1,0,0.0,False,SYNTHETIC_CAUSAL_REHEARSAL,False
DEMO-R0108-payments,DEMO-R0108,DEMO-TEAM-18,Payments,real_estate,1,0.5,1,1,0,0.0,False,SYNTHETIC_CAUSAL_REHEARSAL,False
DEMO-R0108-liquidity,DEMO-R0108,DEMO-TEAM-18,Liquidity,real_estate,1,0.5,0,0,0,0.0,False,SYNTHETIC_CAUSAL_REHEARSAL,False
DEMO-R0108-fx-fx,DEMO-R0108,DEMO-TEAM-18,Cross-border FX,real_estate,1,0.5,0,0,0,0.0,False,SYNTHETIC_CAUSAL_REHEARSAL,False
DEMO-R0108-trade-finance,DEMO-R0108,DEMO-TEAM-18,Trade finance,real_estate,1,0.5,0,0,0,0.0,False,SYNTHETIC_CAUSAL_REHEARSAL,False
DEMO-R0109-collections,DEMO-R0109,DEMO-TEAM-19,Collections,industrials_pharma,1,0.5,1,1,0,0.0,False,SYNTHETIC_CAUSAL_REHEARSAL,False
DEMO-R0109-payments,DEMO-R0109,DEMO-TEAM-19,Payments,industrials_pharma,1,0.5,0,1,0,0.0,False,SYNTHETIC_CAUSAL_REHEARSAL,False
DEMO-R0109-liquidity,DEMO-R0109,DEMO-TEAM-19,Liquidity,industrials_pharma,1,0.5,0,0,1,305178.84,False,SYNTHETIC_CAUSAL_REHEARSAL,False
DEMO-R0109-fx-fx,DEMO-R0109,DEMO-TEAM-19,Cross-border FX,industrials_pharma,1,0.5,0,0,1,127512.8,False,SYNTHETIC_CAUSAL_REHEARSAL,False
DEMO-R0109-trade-finance,DEMO-R0109,DEMO-TEAM-19,Trade finance,industrials_pharma,1,0.5,1,1,0,0.0,False,SYNTHETIC_CAUSAL_REHEARSAL,False
DEMO-R0110-collections,DEMO-R0110,DEMO-TEAM-20,Collections,mining,1,0.5,0,1,1,0.0,False,SYNTHETIC_CAUSAL_REHEARSAL,False
DEMO-R0110-payments,DEMO-R0110,DEMO-TEAM-20,Payments,mining,1,0.5,0,0,0,0.0,False,SYNTHETIC_CAUSAL_REHEARSAL,False
DEMO-R0110-liquidity,DEMO-R0110,DEMO-TEAM-20,Liquidity,mining,1,0.5,0,0,0,0.0,False,SYNTHETIC_CAUSAL_REHEARSAL,False
DEMO-R0110-fx-fx,DEMO-R0110,DEMO-TEAM-20,Cross-border FX,mining,1,0.5,1,1,0,0.0,False,SYNTHETIC_CAUSAL_REHEARSAL,False
DEMO-R0110-trade-finance,DEMO-R0110,DEMO-TEAM-20,Trade finance,mining,1,0.5,0,0,0,0.0,False,SYNTHETIC_CAUSAL_REHEARSAL,False
DEMO-R0111-collections,DEMO-R0111,DEMO-TEAM-21,Collections,tech,0,0.5,1,1,1,3210.23,False,SYNTHETIC_CAUSAL_REHEARSAL,False
DEMO-R0111-payments,DEMO-R0111,DEMO-TEAM-21,Payments,tech,0,0.5,1,1,1,26317.92,False,SYNTHETIC_CAUSAL_REHEARSAL,False
DEMO-R0111-liquidity,DEMO-R0111,DEMO-TEAM-21,Liquidity,tech,0,0.5,0,0,0,0.0,False,SYNTHETIC_CAUSAL_REHEARSAL,False
DEMO-R0111-fx-fx,DEMO-R0111,DEMO-TEAM-21,Cross-border FX,tech,0,0.5,0,0,0,0.0,False,SYNTHETIC_CAUSAL_REHEARSAL,False
DEMO-R0111-trade-finance,DEMO-R0111,DEMO-TEAM-21,Trade finance,tech,0,0.5,0,0,0,0.0,False,SYNTHETIC_CAUSAL_REHEARSAL,False
DEMO-R0112-collections,DEMO-R0112,DEMO-TEAM-22,Collections,real_estate,0,0.5,0,0,0,0.0,False,SYNTHETIC_CAUSAL_REHEARSAL,False
DEMO-R0112-payments,DEMO-R0112,DEMO-TEAM-22,Payments,real_estate,0,0.5,1,0,1,476.04,False,SYNTHETIC_CAUSAL_REHEARSAL,False
DEMO-R0112-liquidity,DEMO-R0112,DEMO-TEAM-22,Liquidity,real_estate,0,0.5,0,0,1,3694.28,False,SYNTHETIC_CAUSAL_REHEARSAL,False
DEMO-R0112-fx-fx,DEMO-R0112,DEMO-TEAM-22,Cross-border FX,real_estate,0,0.5,0,0,0,0.0,False,SYNTHETIC_CAUSAL_REHEARSAL,False
DEMO-R0112-trade-finance,DEMO-R0112,DEMO-TEAM-22,Trade finance,real_estate,0,0.5,0,0,0,0.0,False,SYNTHETIC_CAUSAL_REHEARSAL,False
DEMO-R0113-collections,DEMO-R0113,DEMO-TEAM-23,Collections,consumer,1,0.5,0,0,0,0.0,False,SYNTHETIC_CAUSAL_REHEARSAL,False
DEMO-R0113-payments,DEMO-R0113,DEMO-TEAM-23,Payments,consumer,1,0.5,0,0,0,0.0,False,SYNTHETIC_CAUSAL_REHEARSAL,False
DEMO-R0113-liquidity,DEMO-R0113,DEMO-TEAM-23,Liquidity,consumer,1,0.5,0,0,0,0.0,False,SYNTHETIC_CAUSAL_REHEARSAL,False
DEMO-R0113-fx-fx,DEMO-R0113,DEMO-TEAM-23,Cross-border FX,consumer,1,0.5,0,0,0,0.0,False,SYNTHETIC_CAUSAL_REHEARSAL,False
DEMO-R0113-trade-finance,DEMO-R0113,DEMO-TEAM-23,Trade finance,consumer,1,0.5,1,0,0,0.0,False,SYNTHETIC_CAUSAL_REHEARSAL,False
DEMO-R0114-collections,DEMO-R0114,DEMO-TEAM-24,Collections,consumer,1,0.5,0,0,0,0.0,False,SYNTHETIC_CAUSAL_REHEARSAL,False
DEMO-R0114-payments,DEMO-R0114,DEMO-TEAM-24,Payments,consumer,1,0.5,1,1,1,179765.6,False,SYNTHETIC_CAUSAL_REHEARSAL,False
DEMO-R0114-liquidity,DEMO-R0114,DEMO-TEAM-24,Liquidity,consumer,1,0.5,0,0,0,0.0,False,SYNTHETIC_CAUSAL_REHEARSAL,False
DEMO-R0114-fx-fx,DEMO-R0114,DEMO-TEAM-24,Cross-border FX,consumer,1,0.5,0,0,0,0.0,False,SYNTHETIC_CAUSAL_REHEARSAL,False
DEMO-R0114-trade-finance,DEMO-R0114,DEMO-TEAM-24,Trade finance,consumer,1,0.5,0,0,0,0.0,False,SYNTHETIC_CAUSAL_REHEARSAL,False
DEMO-R0115-collections,DEMO-R0115,DEMO-TEAM-25,Collections,mining,1,0.5,0,0,0,0.0,False,SYNTHETIC_CAUSAL_REHEARSAL,False
DEMO-R0115-payments,DEMO-R0115,DEMO-TEAM-25,Payments,mining,1,0.5,0,0,0,0.0,False,SYNTHETIC_CAUSAL_REHEARSAL,False
DEMO-R0115-liquidity,DEMO-R0115,DEMO-TEAM-25,Liquidity,mining,1,0.5,1,1,1,63274.52,False,SYNTHETIC_CAUSAL_REHEARSAL,False
DEMO-R0115-fx-fx,DEMO-R0115,DEMO-TEAM-25,Cross-border FX,mining,1,0.5,0,0,0,0.0,False,SYNTHETIC_CAUSAL_REHEARSAL,False
DEMO-R0115-trade-finance,DEMO-R0115,DEMO-TEAM-25,Trade finance,mining,1,0.5,0,0,0,0.0,False,SYNTHETIC_CAUSAL_REHEARSAL,False
DEMO-R0116-collections,DEMO-R0116,DEMO-TEAM-26,Collections,consumer,1,0.5,0,0,0,0.0,False,SYNTHETIC_CAUSAL_REHEARSAL,False
DEMO-R0116-payments,DEMO-R0116,DEMO-TEAM-26,Payments,consumer,1,0.5,0,0,0,0.0,False,SYNTHETIC_CAUSAL_REHEARSAL,False
DEMO-R0116-liquidity,DEMO-R0116,DEMO-TEAM-26,Liquidity,consumer,1,0.5,1,1,0,0.0,False,SYNTHETIC_CAUSAL_REHEARSAL,False
DEMO-R0116-fx-fx,DEMO-R0116,DEMO-TEAM-26,Cross-border FX,consumer,1,0.5,0,0,0,0.0,False,SYNTHETIC_CAUSAL_REHEARSAL,False
DEMO-R0116-trade-finance,DEMO-R0116,DEMO-TEAM-26,Trade finance,consumer,1,0.5,1,1,1,762601.76,False,SYNTHETIC_CAUSAL_REHEARSAL,False
DEMO-R0117-collections,DEMO-R0117,DEMO-TEAM-27,Collections,real_estate,0,0.5,0,0,0,0.0,False,SYNTHETIC_CAUSAL_REHEARSAL,False
DEMO-R0117-payments,DEMO-R0117,DEMO-TEAM-27,Payments,real_estate,0,0.5,0,0,0,0.0,False,SYNTHETIC_CAUSAL_REHEARSAL,False
DEMO-R0117-liquidity,DEMO-R0117,DEMO-TEAM-27,Liquidity,real_estate,0,0.5,0,1,0,0.0,False,SYNTHETIC_CAUSAL_REHEARSAL,False
DEMO-R0117-fx-fx,DEMO-R0117,DEMO-TEAM-27,Cross-border FX,real_estate,0,0.5,0,0,0,0.0,False,SYNTHETIC_CAUSAL_REHEARSAL,False
DEMO-R0117-trade-finance,DEMO-R0117,DEMO-TEAM-27,Trade finance,real_estate,0,0.5,0,0,0,0.0,False,SYNTHETIC_CAUSAL_REHEARSAL,False
DEMO-R0118-collections,DEMO-R0118,DEMO-TEAM-28,Collections,real_estate,0,0.5,0,0,0,0.0,False,SYNTHETIC_CAUSAL_REHEARSAL,False
DEMO-R0118-payments,DEMO-R0118,DEMO-TEAM-28,Payments,real_estate,0,0.5,0,0,0,0.0,False,SYNTHETIC_CAUSAL_REHEARSAL,False
DEMO-R0118-liquidity,DEMO-R0118,DEMO-TEAM-28,Liquidity,real_estate,0,0.5,0,0,0,0.0,False,SYNTHETIC_CAUSAL_REHEARSAL,False
DEMO-R0118-fx-fx,DEMO-R0118,DEMO-TEAM-28,Cross-border FX,real_estate,0,0.5,0,0,0,0.0,False,SYNTHETIC_CAUSAL_REHEARSAL,False
DEMO-R0118-trade-finance,DEMO-R0118,DEMO-TEAM-28,Trade finance,real_estate,0,0.5,0,0,0,0.0,False,SYNTHETIC_CAUSAL_REHEARSAL,False
DEMO-R0119-collections,DEMO-R0119,DEMO-TEAM-29,Collections,tech,1,0.5,0,0,0,0.0,False,SYNTHETIC_CAUSAL_REHEARSAL,False
DEMO-R0119-payments,DEMO-R0119,DEMO-TEAM-29,Payments,tech,1,0.5,0,0,0,0.0,False,SYNTHETIC_CAUSAL_REHEARSAL,False
DEMO-R0119-liquidity,DEMO-R0119,DEMO-TEAM-29,Liquidity,tech,1,0.5,1,0,0,0.0,False,SYNTHETIC_CAUSAL_REHEARSAL,False
DEMO-R0119-fx-fx,DEMO-R0119,DEMO-TEAM-29,Cross-border FX,tech,1,0.5,1,0,0,0.0,False,SYNTHETIC_CAUSAL_REHEARSAL,False
DEMO-R0119-trade-finance,DEMO-R0119,DEMO-TEAM-29,Trade finance,tech,1,0.5,1,1,0,0.0,False,SYNTHETIC_CAUSAL_REHEARSAL,False
DEMO-R0120-collections,DEMO-R0120,DEMO-TEAM-30,Collections,insurance,0,0.5,0,0,0,0.0,False,SYNTHETIC_CAUSAL_REHEARSAL,False
DEMO-R0120-payments,DEMO-R0120,DEMO-TEAM-30,Payments,insurance,0,0.5,0,0,0,0.0,False,SYNTHETIC_CAUSAL_REHEARSAL,False
DEMO-R0120-liquidity,DEMO-R0120,DEMO-TEAM-30,Liquidity,insurance,0,0.5,0,1,0,0.0,False,SYNTHETIC_CAUSAL_REHEARSAL,False
DEMO-R0120-fx-fx,DEMO-R0120,DEMO-TEAM-30,Cross-border FX,insurance,0,0.5,0,1,1,91104.05,False,SYNTHETIC_CAUSAL_REHEARSAL,False
DEMO-R0120-trade-finance,DEMO-R0120,DEMO-TEAM-30,Trade finance,insurance,0,0.5,0,0,0,0.0,False,SYNTHETIC_CAUSAL_REHEARSAL,False
DEMO-R0121-collections,DEMO-R0121,DEMO-TEAM-01,Collections,mining,0,0.5,0,0,0,0.0,False,SYNTHETIC_CAUSAL_REHEARSAL,False
DEMO-R0121-payments,DEMO-R0121,DEMO-TEAM-01,Payments,mining,0,0.5,0,0,0,0.0,False,SYNTHETIC_CAUSAL_REHEARSAL,False
DEMO-R0121-liquidity,DEMO-R0121,DEMO-TEAM-01,Liquidity,mining,0,0.5,0,0,0,0.0,False,SYNTHETIC_CAUSAL_REHEARSAL,False
DEMO-R0121-fx-fx,DEMO-R0121,DEMO-TEAM-01,Cross-border FX,mining,0,0.5,0,0,0,0.0,False,SYNTHETIC_CAUSAL_REHEARSAL,False
DEMO-R0121-trade-finance,DEMO-R0121,DEMO-TEAM-01,Trade finance,mining,0,0.5,0,0,0,0.0,False,SYNTHETIC_CAUSAL_REHEARSAL,False
DEMO-R0122-collections,DEMO-R0122,DEMO-TEAM-02,Collections,industrials_pharma,0,0.5,0,1,0,0.0,False,SYNTHETIC_CAUSAL_REHEARSAL,False
DEMO-R0122-payments,DEMO-R0122,DEMO-TEAM-02,Payments,industrials_pharma,0,0.5,0,0,0,0.0,False,SYNTHETIC_CAUSAL_REHEARSAL,False
DEMO-R0122-liquidity,DEMO-R0122,DEMO-TEAM-02,Liquidity,industrials_pharma,0,0.5,1,0,0,0.0,False,SYNTHETIC_CAUSAL_REHEARSAL,False
DEMO-R0122-fx-fx,DEMO-R0122,DEMO-TEAM-02,Cross-border FX,industrials_pharma,0,0.5,0,0,0,0.0,False,SYNTHETIC_CAUSAL_REHEARSAL,False
DEMO-R0122-trade-finance,DEMO-R0122,DEMO-TEAM-02,Trade finance,industrials_pharma,0,0.5,0,0,0,0.0,False,SYNTHETIC_CAUSAL_REHEARSAL,False
DEMO-R0123-collections,DEMO-R0123,DEMO-TEAM-03,Collections,mining,0,0.5,0,0,0,0.0,False,SYNTHETIC_CAUSAL_REHEARSAL,False
DEMO-R0123-payments,DEMO-R0123,DEMO-TEAM-03,Payments,mining,0,0.5,0,0,0,0.0,False,SYNTHETIC_CAUSAL_REHEARSAL,False
DEMO-R0123-liquidity,DEMO-R0123,DEMO-TEAM-03,Liquidity,mining,0,0.5,1,1,0,0.0,False,SYNTHETIC_CAUSAL_REHEARSAL,False
DEMO-R0123-fx-fx,DEMO-R0123,DEMO-TEAM-03,Cross-border FX,mining,0,0.5,1,0,0,0.0,False,SYNTHETIC_CAUSAL_REHEARSAL,False
DEMO-R0123-trade-finance,DEMO-R0123,DEMO-TEAM-03,Trade finance,mining,0,0.5,0,0,0,0.0,False,SYNTHETIC_CAUSAL_REHEARSAL,False
DEMO-R0124-collections,DEMO-R0124,DEMO-TEAM-04,Collections,mining,0,0.5,0,1,0,0.0,False,SYNTHETIC_CAUSAL_REHEARSAL,False
DEMO-R0124-payments,DEMO-R0124,DEMO-TEAM-04,Payments,mining,0,0.5,1,1,0,0.0,False,SYNTHETIC_CAUSAL_REHEARSAL,False
DEMO-R0124-liquidity,DEMO-R0124,DEMO-TEAM-04,Liquidity,mining,0,0.5,0,0,0,0.0,False,SYNTHETIC_CAUSAL_REHEARSAL,False
DEMO-R0124-fx-fx,DEMO-R0124,DEMO-TEAM-04,Cross-border FX,mining,0,0.5,1,1,0,0.0,False,SYNTHETIC_CAUSAL_REHEARSAL,False
DEMO-R0124-trade-finance,DEMO-R0124,DEMO-TEAM-04,Trade finance,mining,0,0.5,1,1,0,0.0,False,SYNTHETIC_CAUSAL_REHEARSAL,False
DEMO-R0125-collections,DEMO-R0125,DEMO-TEAM-05,Collections,mining,1,0.5,1,0,0,0.0,False,SYNTHETIC_CAUSAL_REHEARSAL,False
DEMO-R0125-payments,DEMO-R0125,DEMO-TEAM-05,Payments,mining,1,0.5,0,0,0,0.0,False,SYNTHETIC_CAUSAL_REHEARSAL,False
DEMO-R0125-liquidity,DEMO-R0125,DEMO-TEAM-05,Liquidity,mining,1,0.5,1,1,0,0.0,False,SYNTHETIC_CAUSAL_REHEARSAL,False
DEMO-R0125-fx-fx,DEMO-R0125,DEMO-TEAM-05,Cross-border FX,mining,1,0.5,0,0,0,0.0,False,SYNTHETIC_CAUSAL_REHEARSAL,False
DEMO-R0125-trade-finance,DEMO-R0125,DEMO-TEAM-05,Trade finance,mining,1,0.5,1,1,1,205469.63,False,SYNTHETIC_CAUSAL_REHEARSAL,False
DEMO-R0126-collections,DEMO-R0126,DEMO-TEAM-06,Collections,mining,0,0.5,1,1,1,411068.28,False,SYNTHETIC_CAUSAL_REHEARSAL,False
DEMO-R0126-payments,DEMO-R0126,DEMO-TEAM-06,Payments,mining,0,0.5,0,0,0,0.0,False,SYNTHETIC_CAUSAL_REHEARSAL,False
DEMO-R0126-liquidity,DEMO-R0126,DEMO-TEAM-06,Liquidity,mining,0,0.5,0,0,0,0.0,False,SYNTHETIC_CAUSAL_REHEARSAL,False
DEMO-R0126-fx-fx,DEMO-R0126,DEMO-TEAM-06,Cross-border FX,mining,0,0.5,0,0,0,0.0,False,SYNTHETIC_CAUSAL_REHEARSAL,False
DEMO-R0126-trade-finance,DEMO-R0126,DEMO-TEAM-06,Trade finance,mining,0,0.5,0,1,0,0.0,False,SYNTHETIC_CAUSAL_REHEARSAL,False
DEMO-R0127-collections,DEMO-R0127,DEMO-TEAM-07,Collections,real_estate,0,0.5,0,1,0,0.0,False,SYNTHETIC_CAUSAL_REHEARSAL,False
DEMO-R0127-payments,DEMO-R0127,DEMO-TEAM-07,Payments,real_estate,0,0.5,1,1,0,0.0,False,SYNTHETIC_CAUSAL_REHEARSAL,False
DEMO-R0127-liquidity,DEMO-R0127,DEMO-TEAM-07,Liquidity,real_estate,0,0.5,1,0,0,0.0,False,SYNTHETIC_CAUSAL_REHEARSAL,False
DEMO-R0127-fx-fx,DEMO-R0127,DEMO-TEAM-07,Cross-border FX,real_estate,0,0.5,0,0,0,0.0,False,SYNTHETIC_CAUSAL_REHEARSAL,False
DEMO-R0127-trade-finance,DEMO-R0127,DEMO-TEAM-07,Trade finance,real_estate,0,0.5,0,0,0,0.0,False,SYNTHETIC_CAUSAL_REHEARSAL,False
DEMO-R0128-collections,DEMO-R0128,DEMO-TEAM-08,Collections,insurance,1,0.5,0,0,0,0.0,False,SYNTHETIC_CAUSAL_REHEARSAL,False
DEMO-R0128-payments,DEMO-R0128,DEMO-TEAM-08,Payments,insurance,1,0.5,1,1,0,0.0,False,SYNTHETIC_CAUSAL_REHEARSAL,False
DEMO-R0128-liquidity,DEMO-R0128,DEMO-TEAM-08,Liquidity,insurance,1,0.5,0,0,1,34823.84,False,SYNTHETIC_CAUSAL_REHEARSAL,False
DEMO-R0128-fx-fx,DEMO-R0128,DEMO-TEAM-08,Cross-border FX,insurance,1,0.5,0,1,0,0.0,False,SYNTHETIC_CAUSAL_REHEARSAL,False
DEMO-R0128-trade-finance,DEMO-R0128,DEMO-TEAM-08,Trade finance,insurance,1,0.5,0,0,0,0.0,False,SYNTHETIC_CAUSAL_REHEARSAL,False
DEMO-R0129-collections,DEMO-R0129,DEMO-TEAM-09,Collections,real_estate,0,0.5,1,0,0,0.0,False,SYNTHETIC_CAUSAL_REHEARSAL,False
DEMO-R0129-payments,DEMO-R0129,DEMO-TEAM-09,Payments,real_estate,0,0.5,1,1,0,0.0,False,SYNTHETIC_CAUSAL_REHEARSAL,False
DEMO-R0129-liquidity,DEMO-R0129,DEMO-TEAM-09,Liquidity,real_estate,0,0.5,0,1,0,0.0,False,SYNTHETIC_CAUSAL_REHEARSAL,False
DEMO-R0129-fx-fx,DEMO-R0129,DEMO-TEAM-09,Cross-border FX,real_estate,0,0.5,0,0,0,0.0,False,SYNTHETIC_CAUSAL_REHEARSAL,False
DEMO-R0129-trade-finance,DEMO-R0129,DEMO-TEAM-09,Trade finance,real_estate,0,0.5,1,0,0,0.0,False,SYNTHETIC_CAUSAL_REHEARSAL,False
DEMO-R0130-collections,DEMO-R0130,DEMO-TEAM-10,Collections,consumer,0,0.5,0,0,0,0.0,False,SYNTHETIC_CAUSAL_REHEARSAL,False
DEMO-R0130-payments,DEMO-R0130,DEMO-TEAM-10,Payments,consumer,0,0.5,1,1,1,225374.89,False,SYNTHETIC_CAUSAL_REHEARSAL,False
DEMO-R0130-liquidity,DEMO-R0130,DEMO-TEAM-10,Liquidity,consumer,0,0.5,1,1,0,0.0,False,SYNTHETIC_CAUSAL_REHEARSAL,False
DEMO-R0130-fx-fx,DEMO-R0130,DEMO-TEAM-10,Cross-border FX,consumer,0,0.5,1,1,0,0.0,False,SYNTHETIC_CAUSAL_REHEARSAL,False
DEMO-R0130-trade-finance,DEMO-R0130,DEMO-TEAM-10,Trade finance,consumer,0,0.5,1,1,0,0.0,False,SYNTHETIC_CAUSAL_REHEARSAL,False
DEMO-R0131-collections,DEMO-R0131,DEMO-TEAM-11,Collections,mining,0,0.5,0,0,0,0.0,False,SYNTHETIC_CAUSAL_REHEARSAL,False
DEMO-R0131-payments,DEMO-R0131,DEMO-TEAM-11,Payments,mining,0,0.5,0,0,0,0.0,False,SYNTHETIC_CAUSAL_REHEARSAL,False
DEMO-R0131-liquidity,DEMO-R0131,DEMO-TEAM-11,Liquidity,mining,0,0.5,0,0,0,0.0,False,SYNTHETIC_CAUSAL_REHEARSAL,False
DEMO-R0131-fx-fx,DEMO-R0131,DEMO-TEAM-11,Cross-border FX,mining,0,0.5,1,1,0,0.0,False,SYNTHETIC_CAUSAL_REHEARSAL,False
DEMO-R0131-trade-finance,DEMO-R0131,DEMO-TEAM-11,Trade finance,mining,0,0.5,0,0,0,0.0,False,SYNTHETIC_CAUSAL_REHEARSAL,False
DEMO-R0132-collections,DEMO-R0132,DEMO-TEAM-12,Collections,tech,1,0.5,1,1,0,0.0,False,SYNTHETIC_CAUSAL_REHEARSAL,False
DEMO-R0132-payments,DEMO-R0132,DEMO-TEAM-12,Payments,tech,1,0.5,1,0,0,0.0,False,SYNTHETIC_CAUSAL_REHEARSAL,False
DEMO-R0132-liquidity,DEMO-R0132,DEMO-TEAM-12,Liquidity,tech,1,0.5,1,0,0,0.0,False,SYNTHETIC_CAUSAL_REHEARSAL,False
DEMO-R0132-fx-fx,DEMO-R0132,DEMO-TEAM-12,Cross-border FX,tech,1,0.5,1,1,1,4410861.94,False,SYNTHETIC_CAUSAL_REHEARSAL,False
DEMO-R0132-trade-finance,DEMO-R0132,DEMO-TEAM-12,Trade finance,tech,1,0.5,1,1,0,0.0,False,SYNTHETIC_CAUSAL_REHEARSAL,False
DEMO-R0133-collections,DEMO-R0133,DEMO-TEAM-13,Collections,consumer,0,0.5,0,0,0,0.0,False,SYNTHETIC_CAUSAL_REHEARSAL,False
DEMO-R0133-payments,DEMO-R0133,DEMO-TEAM-13,Payments,consumer,0,0.5,0,0,0,0.0,False,SYNTHETIC_CAUSAL_REHEARSAL,False
DEMO-R0133-liquidity,DEMO-R0133,DEMO-TEAM-13,Liquidity,consumer,0,0.5,1,1,0,0.0,False,SYNTHETIC_CAUSAL_REHEARSAL,False
DEMO-R0133-fx-fx,DEMO-R0133,DEMO-TEAM-13,Cross-border FX,consumer,0,0.5,0,0,0,0.0,False,SYNTHETIC_CAUSAL_REHEARSAL,False
DEMO-R0133-trade-finance,DEMO-R0133,DEMO-TEAM-13,Trade finance,consumer,0,0.5,0,0,0,0.0,False,SYNTHETIC_CAUSAL_REHEARSAL,False
DEMO-R0134-collections,DEMO-R0134,DEMO-TEAM-14,Collections,telecoms,1,0.5,1,0,0,0.0,False,SYNTHETIC_CAUSAL_REHEARSAL,False
DEMO-R0134-payments,DEMO-R0134,DEMO-TEAM-14,Payments,telecoms,1,0.5,0,0,0,0.0,False,SYNTHETIC_CAUSAL_REHEARSAL,False
DEMO-R0134-liquidity,DEMO-R0134,DEMO-TEAM-14,Liquidity,telecoms,1,0.5,0,0,0,0.0,False,SYNTHETIC_CAUSAL_REHEARSAL,False
DEMO-R0134-fx-fx,DEMO-R0134,DEMO-TEAM-14,Cross-border FX,telecoms,1,0.5,1,1,0,0.0,False,SYNTHETIC_CAUSAL_REHEARSAL,False
DEMO-R0134-trade-finance,DEMO-R0134,DEMO-TEAM-14,Trade finance,telecoms,1,0.5,1,0,0,0.0,False,SYNTHETIC_CAUSAL_REHEARSAL,False
DEMO-R0135-collections,DEMO-R0135,DEMO-TEAM-15,Collections,industrials_pharma,0,0.5,0,0,0,0.0,False,SYNTHETIC_CAUSAL_REHEARSAL,False
DEMO-R0135-payments,DEMO-R0135,DEMO-TEAM-15,Payments,industrials_pharma,0,0.5,0,0,0,0.0,False,SYNTHETIC_CAUSAL_REHEARSAL,False
DEMO-R0135-liquidity,DEMO-R0135,DEMO-TEAM-15,Liquidity,industrials_pharma,0,0.5,1,0,0,0.0,False,SYNTHETIC_CAUSAL_REHEARSAL,False
DEMO-R0135-fx-fx,DEMO-R0135,DEMO-TEAM-15,Cross-border FX,industrials_pharma,0,0.5,0,0,0,0.0,False,SYNTHETIC_CAUSAL_REHEARSAL,False
DEMO-R0135-trade-finance,DEMO-R0135,DEMO-TEAM-15,Trade finance,industrials_pharma,0,0.5,0,0,0,0.0,False,SYNTHETIC_CAUSAL_REHEARSAL,False
DEMO-R0136-collections,DEMO-R0136,DEMO-TEAM-16,Collections,tech,0,0.5,0,0,0,0.0,False,SYNTHETIC_CAUSAL_REHEARSAL,False
DEMO-R0136-payments,DEMO-R0136,DEMO-TEAM-16,Payments,tech,0,0.5,0,0,0,0.0,False,SYNTHETIC_CAUSAL_REHEARSAL,False
DEMO-R0136-liquidity,DEMO-R0136,DEMO-TEAM-16,Liquidity,tech,0,0.5,0,0,0,0.0,False,SYNTHETIC_CAUSAL_REHEARSAL,False
DEMO-R0136-fx-fx,DEMO-R0136,DEMO-TEAM-16,Cross-border FX,tech,0,0.5,0,0,0,0.0,False,SYNTHETIC_CAUSAL_REHEARSAL,False
DEMO-R0136-trade-finance,DEMO-R0136,DEMO-TEAM-16,Trade finance,tech,0,0.5,1,0,0,0.0,False,SYNTHETIC_CAUSAL_REHEARSAL,False
DEMO-R0137-collections,DEMO-R0137,DEMO-TEAM-17,Collections,mining,1,0.5,0,0,0,0.0,False,SYNTHETIC_CAUSAL_REHEARSAL,False
DEMO-R0137-payments,DEMO-R0137,DEMO-TEAM-17,Payments,mining,1,0.5,0,0,0,0.0,False,SYNTHETIC_CAUSAL_REHEARSAL,False
DEMO-R0137-liquidity,DEMO-R0137,DEMO-TEAM-17,Liquidity,mining,1,0.5,0,1,1,120681.91,False,SYNTHETIC_CAUSAL_REHEARSAL,False
DEMO-R0137-fx-fx,DEMO-R0137,DEMO-TEAM-17,Cross-border FX,mining,1,0.5,1,1,1,1200661.97,False,SYNTHETIC_CAUSAL_REHEARSAL,False
DEMO-R0137-trade-finance,DEMO-R0137,DEMO-TEAM-17,Trade finance,mining,1,0.5,1,0,0,0.0,False,SYNTHETIC_CAUSAL_REHEARSAL,False
DEMO-R0138-collections,DEMO-R0138,DEMO-TEAM-18,Collections,consumer,1,0.5,0,0,0,0.0,False,SYNTHETIC_CAUSAL_REHEARSAL,False
DEMO-R0138-payments,DEMO-R0138,DEMO-TEAM-18,Payments,consumer,1,0.5,0,0,0,0.0,False,SYNTHETIC_CAUSAL_REHEARSAL,False
DEMO-R0138-liquidity,DEMO-R0138,DEMO-TEAM-18,Liquidity,consumer,1,0.5,0,0,0,0.0,False,SYNTHETIC_CAUSAL_REHEARSAL,False
DEMO-R0138-fx-fx,DEMO-R0138,DEMO-TEAM-18,Cross-border FX,consumer,1,0.5,0,0,0,0.0,False,SYNTHETIC_CAUSAL_REHEARSAL,False
DEMO-R0138-trade-finance,DEMO-R0138,DEMO-TEAM-18,Trade finance,consumer,1,0.5,0,0,0,0.0,False,SYNTHETIC_CAUSAL_REHEARSAL,False
DEMO-R0139-collections,DEMO-R0139,DEMO-TEAM-19,Collections,insurance,1,0.5,0,1,0,0.0,False,SYNTHETIC_CAUSAL_REHEARSAL,False
DEMO-R0139-payments,DEMO-R0139,DEMO-TEAM-19,Payments,insurance,1,0.5,0,0,0,0.0,False,SYNTHETIC_CAUSAL_REHEARSAL,False
DEMO-R0139-liquidity,DEMO-R0139,DEMO-TEAM-19,Liquidity,insurance,1,0.5,0,0,0,0.0,False,SYNTHETIC_CAUSAL_REHEARSAL,False
DEMO-R0139-fx-fx,DEMO-R0139,DEMO-TEAM-19,Cross-border FX,insurance,1,0.5,0,0,1,2646774.67,False,SYNTHETIC_CAUSAL_REHEARSAL,False
DEMO-R0139-trade-finance,DEMO-R0139,DEMO-TEAM-19,Trade finance,insurance,1,0.5,1,1,0,0.0,False,SYNTHETIC_CAUSAL_REHEARSAL,False
DEMO-R0140-collections,DEMO-R0140,DEMO-TEAM-20,Collections,mining,1,0.5,0,0,0,0.0,False,SYNTHETIC_CAUSAL_REHEARSAL,False
DEMO-R0140-payments,DEMO-R0140,DEMO-TEAM-20,Payments,mining,1,0.5,0,0,0,0.0,False,SYNTHETIC_CAUSAL_REHEARSAL,False
DEMO-R0140-liquidity,DEMO-R0140,DEMO-TEAM-20,Liquidity,mining,1,0.5,0,0,0,0.0,False,SYNTHETIC_CAUSAL_REHEARSAL,False
DEMO-R0140-fx-fx,DEMO-R0140,DEMO-TEAM-20,Cross-border FX,mining,1,0.5,0,0,0,0.0,False,SYNTHETIC_CAUSAL_REHEARSAL,False
DEMO-R0140-trade-finance,DEMO-R0140,DEMO-TEAM-20,Trade finance,mining,1,0.5,0,0,0,0.0,False,SYNTHETIC_CAUSAL_REHEARSAL,False
DEMO-R0141-collections,DEMO-R0141,DEMO-TEAM-21,Collections,mining,0,0.5,1,0,0,0.0,False,SYNTHETIC_CAUSAL_REHEARSAL,False
DEMO-R0141-payments,DEMO-R0141,DEMO-TEAM-21,Payments,mining,0,0.5,1,0,0,0.0,False,SYNTHETIC_CAUSAL_REHEARSAL,False
DEMO-R0141-liquidity,DEMO-R0141,DEMO-TEAM-21,Liquidity,mining,0,0.5,0,0,0,0.0,False,SYNTHETIC_CAUSAL_REHEARSAL,False
DEMO-R0141-fx-fx,DEMO-R0141,DEMO-TEAM-21,Cross-border FX,mining,0,0.5,1,1,0,0.0,False,SYNTHETIC_CAUSAL_REHEARSAL,False
DEMO-R0141-trade-finance,DEMO-R0141,DEMO-TEAM-21,Trade finance,mining,0,0.5,0,0,0,0.0,False,SYNTHETIC_CAUSAL_REHEARSAL,False
DEMO-R0142-collections,DEMO-R0142,DEMO-TEAM-22,Collections,insurance,0,0.5,0,0,0,0.0,False,SYNTHETIC_CAUSAL_REHEARSAL,False
DEMO-R0142-payments,DEMO-R0142,DEMO-TEAM-22,Payments,insurance,0,0.5,1,0,0,0.0,False,SYNTHETIC_CAUSAL_REHEARSAL,False
DEMO-R0142-liquidity,DEMO-R0142,DEMO-TEAM-22,Liquidity,insurance,0,0.5,1,1,1,145094.26,False,SYNTHETIC_CAUSAL_REHEARSAL,False
DEMO-R0142-fx-fx,DEMO-R0142,DEMO-TEAM-22,Cross-border FX,insurance,0,0.5,1,1,1,40573.79,False,SYNTHETIC_CAUSAL_REHEARSAL,False
DEMO-R0142-trade-finance,DEMO-R0142,DEMO-TEAM-22,Trade finance,insurance,0,0.5,0,0,0,0.0,False,SYNTHETIC_CAUSAL_REHEARSAL,False
DEMO-R0143-collections,DEMO-R0143,DEMO-TEAM-23,Collections,tech,1,0.5,0,0,0,0.0,False,SYNTHETIC_CAUSAL_REHEARSAL,False
DEMO-R0143-payments,DEMO-R0143,DEMO-TEAM-23,Payments,tech,1,0.5,1,0,0,0.0,False,SYNTHETIC_CAUSAL_REHEARSAL,False
DEMO-R0143-liquidity,DEMO-R0143,DEMO-TEAM-23,Liquidity,tech,1,0.5,0,0,0,0.0,False,SYNTHETIC_CAUSAL_REHEARSAL,False
DEMO-R0143-fx-fx,DEMO-R0143,DEMO-TEAM-23,Cross-border FX,tech,1,0.5,0,0,0,0.0,False,SYNTHETIC_CAUSAL_REHEARSAL,False
DEMO-R0143-trade-finance,DEMO-R0143,DEMO-TEAM-23,Trade finance,tech,1,0.5,0,0,0,0.0,False,SYNTHETIC_CAUSAL_REHEARSAL,False
DEMO-R0144-collections,DEMO-R0144,DEMO-TEAM-24,Collections,mining,1,0.5,0,0,0,0.0,False,SYNTHETIC_CAUSAL_REHEARSAL,False
DEMO-R0144-payments,DEMO-R0144,DEMO-TEAM-24,Payments,mining,1,0.5,0,0,0,0.0,False,SYNTHETIC_CAUSAL_REHEARSAL,False
DEMO-R0144-liquidity,DEMO-R0144,DEMO-TEAM-24,Liquidity,mining,1,0.5,0,0,0,0.0,False,SYNTHETIC_CAUSAL_REHEARSAL,False
DEMO-R0144-fx-fx,DEMO-R0144,DEMO-TEAM-24,Cross-border FX,mining,1,0.5,0,1,0,0.0,False,SYNTHETIC_CAUSAL_REHEARSAL,False
DEMO-R0144-trade-finance,DEMO-R0144,DEMO-TEAM-24,Trade finance,mining,1,0.5,0,0,0,0.0,False,SYNTHETIC_CAUSAL_REHEARSAL,False
DEMO-R0145-collections,DEMO-R0145,DEMO-TEAM-25,Collections,telecoms,1,0.5,0,0,1,33964.87,False,SYNTHETIC_CAUSAL_REHEARSAL,False
DEMO-R0145-payments,DEMO-R0145,DEMO-TEAM-25,Payments,telecoms,1,0.5,0,0,0,0.0,False,SYNTHETIC_CAUSAL_REHEARSAL,False
DEMO-R0145-liquidity,DEMO-R0145,DEMO-TEAM-25,Liquidity,telecoms,1,0.5,1,0,0,0.0,False,SYNTHETIC_CAUSAL_REHEARSAL,False
DEMO-R0145-fx-fx,DEMO-R0145,DEMO-TEAM-25,Cross-border FX,telecoms,1,0.5,0,0,0,0.0,False,SYNTHETIC_CAUSAL_REHEARSAL,False
DEMO-R0145-trade-finance,DEMO-R0145,DEMO-TEAM-25,Trade finance,telecoms,1,0.5,0,0,0,0.0,False,SYNTHETIC_CAUSAL_REHEARSAL,False
DEMO-R0146-collections,DEMO-R0146,DEMO-TEAM-26,Collections,insurance,1,0.5,1,1,0,0.0,False,SYNTHETIC_CAUSAL_REHEARSAL,False
DEMO-R0146-payments,DEMO-R0146,DEMO-TEAM-26,Payments,insurance,1,0.5,0,0,0,0.0,False,SYNTHETIC_CAUSAL_REHEARSAL,False
DEMO-R0146-liquidity,DEMO-R0146,DEMO-TEAM-26,Liquidity,insurance,1,0.5,0,0,0,0.0,False,SYNTHETIC_CAUSAL_REHEARSAL,False
DEMO-R0146-fx-fx,DEMO-R0146,DEMO-TEAM-26,Cross-border FX,insurance,1,0.5,0,0,0,0.0,False,SYNTHETIC_CAUSAL_REHEARSAL,False
DEMO-R0146-trade-finance,DEMO-R0146,DEMO-TEAM-26,Trade finance,insurance,1,0.5,1,0,0,0.0,False,SYNTHETIC_CAUSAL_REHEARSAL,False
DEMO-R0147-collections,DEMO-R0147,DEMO-TEAM-27,Collections,real_estate,0,0.5,1,1,0,0.0,False,SYNTHETIC_CAUSAL_REHEARSAL,False
DEMO-R0147-payments,DEMO-R0147,DEMO-TEAM-27,Payments,real_estate,0,0.5,0,0,0,0.0,False,SYNTHETIC_CAUSAL_REHEARSAL,False
DEMO-R0147-liquidity,DEMO-R0147,DEMO-TEAM-27,Liquidity,real_estate,0,0.5,0,0,1,2858.2,False,SYNTHETIC_CAUSAL_REHEARSAL,False
DEMO-R0147-fx-fx,DEMO-R0147,DEMO-TEAM-27,Cross-border FX,real_estate,0,0.5,1,1,1,564050.77,False,SYNTHETIC_CAUSAL_REHEARSAL,False
DEMO-R0147-trade-finance,DEMO-R0147,DEMO-TEAM-27,Trade finance,real_estate,0,0.5,0,0,0,0.0,False,SYNTHETIC_CAUSAL_REHEARSAL,False
DEMO-R0148-collections,DEMO-R0148,DEMO-TEAM-28,Collections,mining,0,0.5,0,0,0,0.0,False,SYNTHETIC_CAUSAL_REHEARSAL,False
DEMO-R0148-payments,DEMO-R0148,DEMO-TEAM-28,Payments,mining,0,0.5,0,0,0,0.0,False,SYNTHETIC_CAUSAL_REHEARSAL,False
DEMO-R0148-liquidity,DEMO-R0148,DEMO-TEAM-28,Liquidity,mining,0,0.5,0,0,0,0.0,False,SYNTHETIC_CAUSAL_REHEARSAL,False
DEMO-R0148-fx-fx,DEMO-R0148,DEMO-TEAM-28,Cross-border FX,mining,0,0.5,1,1,1,524477.23,False,SYNTHETIC_CAUSAL_REHEARSAL,False
DEMO-R0148-trade-finance,DEMO-R0148,DEMO-TEAM-28,Trade finance,mining,0,0.5,0,0,0,0.0,False,SYNTHETIC_CAUSAL_REHEARSAL,False
DEMO-R0149-collections,DEMO-R0149,DEMO-TEAM-29,Collections,real_estate,1,0.5,0,0,0,0.0,False,SYNTHETIC_CAUSAL_REHEARSAL,False
DEMO-R0149-payments,DEMO-R0149,DEMO-TEAM-29,Payments,real_estate,1,0.5,0,0,0,0.0,False,SYNTHETIC_CAUSAL_REHEARSAL,False
DEMO-R0149-liquidity,DEMO-R0149,DEMO-TEAM-29,Liquidity,real_estate,1,0.5,0,0,0,0.0,False,SYNTHETIC_CAUSAL_REHEARSAL,False
DEMO-R0149-fx-fx,DEMO-R0149,DEMO-TEAM-29,Cross-border FX,real_estate,1,0.5,0,0,0,0.0,False,SYNTHETIC_CAUSAL_REHEARSAL,False
DEMO-R0149-trade-finance,DEMO-R0149,DEMO-TEAM-29,Trade finance,real_estate,1,0.5,0,0,0,0.0,False,SYNTHETIC_CAUSAL_REHEARSAL,False
DEMO-R0150-collections,DEMO-R0150,DEMO-TEAM-30,Collections,real_estate,0,0.5,1,0,0,0.0,False,SYNTHETIC_CAUSAL_REHEARSAL,False
DEMO-R0150-payments,DEMO-R0150,DEMO-TEAM-30,Payments,real_estate,0,0.5,1,1,0,0.0,False,SYNTHETIC_CAUSAL_REHEARSAL,False
DEMO-R0150-liquidity,DEMO-R0150,DEMO-TEAM-30,Liquidity,real_estate,0,0.5,0,0,0,0.0,False,SYNTHETIC_CAUSAL_REHEARSAL,False
DEMO-R0150-fx-fx,DEMO-R0150,DEMO-TEAM-30,Cross-border FX,real_estate,0,0.5,0,0,0,0.0,False,SYNTHETIC_CAUSAL_REHEARSAL,False
DEMO-R0150-trade-finance,DEMO-R0150,DEMO-TEAM-30,Trade finance,real_estate,0,0.5,1,0,0,0.0,False,SYNTHETIC_CAUSAL_REHEARSAL,False
DEMO-R0151-collections,DEMO-R0151,DEMO-TEAM-01,Collections,mining,0,0.5,0,1,0,0.0,False,SYNTHETIC_CAUSAL_REHEARSAL,False
DEMO-R0151-payments,DEMO-R0151,DEMO-TEAM-01,Payments,mining,0,0.5,1,0,0,0.0,False,SYNTHETIC_CAUSAL_REHEARSAL,False
DEMO-R0151-liquidity,DEMO-R0151,DEMO-TEAM-01,Liquidity,mining,0,0.5,0,0,0,0.0,False,SYNTHETIC_CAUSAL_REHEARSAL,False
DEMO-R0151-fx-fx,DEMO-R0151,DEMO-TEAM-01,Cross-border FX,mining,0,0.5,0,0,0,0.0,False,SYNTHETIC_CAUSAL_REHEARSAL,False
DEMO-R0151-trade-finance,DEMO-R0151,DEMO-TEAM-01,Trade finance,mining,0,0.5,0,0,0,0.0,False,SYNTHETIC_CAUSAL_REHEARSAL,False
DEMO-R0152-collections,DEMO-R0152,DEMO-TEAM-02,Collections,mining,0,0.5,0,0,0,0.0,False,SYNTHETIC_CAUSAL_REHEARSAL,False
DEMO-R0152-payments,DEMO-R0152,DEMO-TEAM-02,Payments,mining,0,0.5,0,0,0,0.0,False,SYNTHETIC_CAUSAL_REHEARSAL,False
DEMO-R0152-liquidity,DEMO-R0152,DEMO-TEAM-02,Liquidity,mining,0,0.5,0,1,0,0.0,False,SYNTHETIC_CAUSAL_REHEARSAL,False
DEMO-R0152-fx-fx,DEMO-R0152,DEMO-TEAM-02,Cross-border FX,mining,0,0.5,0,1,1,1248591.49,False,SYNTHETIC_CAUSAL_REHEARSAL,False
DEMO-R0152-trade-finance,DEMO-R0152,DEMO-TEAM-02,Trade finance,mining,0,0.5,0,0,0,0.0,False,SYNTHETIC_CAUSAL_REHEARSAL,False
DEMO-R0153-collections,DEMO-R0153,DEMO-TEAM-03,Collections,telecoms,0,0.5,0,0,0,0.0,False,SYNTHETIC_CAUSAL_REHEARSAL,False
DEMO-R0153-payments,DEMO-R0153,DEMO-TEAM-03,Payments,telecoms,0,0.5,0,0,0,0.0,False,SYNTHETIC_CAUSAL_REHEARSAL,False
DEMO-R0153-liquidity,DEMO-R0153,DEMO-TEAM-03,Liquidity,telecoms,0,0.5,0,0,0,0.0,False,SYNTHETIC_CAUSAL_REHEARSAL,False
DEMO-R0153-fx-fx,DEMO-R0153,DEMO-TEAM-03,Cross-border FX,telecoms,0,0.5,0,0,0,0.0,False,SYNTHETIC_CAUSAL_REHEARSAL,False
DEMO-R0153-trade-finance,DEMO-R0153,DEMO-TEAM-03,Trade finance,telecoms,0,0.5,0,0,0,0.0,False,SYNTHETIC_CAUSAL_REHEARSAL,False
DEMO-R0154-collections,DEMO-R0154,DEMO-TEAM-04,Collections,mining,0,0.5,0,0,0,0.0,False,SYNTHETIC_CAUSAL_REHEARSAL,False
DEMO-R0154-payments,DEMO-R0154,DEMO-TEAM-04,Payments,mining,0,0.5,1,1,1,0.0,False,SYNTHETIC_CAUSAL_REHEARSAL,False
DEMO-R0154-liquidity,DEMO-R0154,DEMO-TEAM-04,Liquidity,mining,0,0.5,0,0,0,0.0,False,SYNTHETIC_CAUSAL_REHEARSAL,False
DEMO-R0154-fx-fx,DEMO-R0154,DEMO-TEAM-04,Cross-border FX,mining,0,0.5,0,0,0,0.0,False,SYNTHETIC_CAUSAL_REHEARSAL,False
DEMO-R0154-trade-finance,DEMO-R0154,DEMO-TEAM-04,Trade finance,mining,0,0.5,0,1,0,0.0,False,SYNTHETIC_CAUSAL_REHEARSAL,False
DEMO-R0155-collections,DEMO-R0155,DEMO-TEAM-05,Collections,mining,1,0.5,0,0,1,0.0,False,SYNTHETIC_CAUSAL_REHEARSAL,False
DEMO-R0155-payments,DEMO-R0155,DEMO-TEAM-05,Payments,mining,1,0.5,0,0,0,0.0,False,SYNTHETIC_CAUSAL_REHEARSAL,False
DEMO-R0155-liquidity,DEMO-R0155,DEMO-TEAM-05,Liquidity,mining,1,0.5,0,0,0,0.0,False,SYNTHETIC_CAUSAL_REHEARSAL,False
DEMO-R0155-fx-fx,DEMO-R0155,DEMO-TEAM-05,Cross-border FX,mining,1,0.5,0,0,1,408386.35,False,SYNTHETIC_CAUSAL_REHEARSAL,False
DEMO-R0155-trade-finance,DEMO-R0155,DEMO-TEAM-05,Trade finance,mining,1,0.5,0,0,0,0.0,False,SYNTHETIC_CAUSAL_REHEARSAL,False
DEMO-R0156-collections,DEMO-R0156,DEMO-TEAM-06,Collections,mining,0,0.5,0,0,0,0.0,False,SYNTHETIC_CAUSAL_REHEARSAL,False
DEMO-R0156-payments,DEMO-R0156,DEMO-TEAM-06,Payments,mining,0,0.5,0,0,0,0.0,False,SYNTHETIC_CAUSAL_REHEARSAL,False
DEMO-R0156-liquidity,DEMO-R0156,DEMO-TEAM-06,Liquidity,mining,0,0.5,0,0,0,0.0,False,SYNTHETIC_CAUSAL_REHEARSAL,False
DEMO-R0156-fx-fx,DEMO-R0156,DEMO-TEAM-06,Cross-border FX,mining,0,0.5,1,0,0,0.0,False,SYNTHETIC_CAUSAL_REHEARSAL,False
DEMO-R0156-trade-finance,DEMO-R0156,DEMO-TEAM-06,Trade finance,mining,0,0.5,1,1,1,1215817.37,False,SYNTHETIC_CAUSAL_REHEARSAL,False
DEMO-R0157-collections,DEMO-R0157,DEMO-TEAM-07,Collections,mining,0,0.5,1,0,0,0.0,False,SYNTHETIC_CAUSAL_REHEARSAL,False
DEMO-R0157-payments,DEMO-R0157,DEMO-TEAM-07,Payments,mining,0,0.5,0,0,0,0.0,False,SYNTHETIC_CAUSAL_REHEARSAL,False
DEMO-R0157-liquidity,DEMO-R0157,DEMO-TEAM-07,Liquidity,mining,0,0.5,1,1,1,0.0,False,SYNTHETIC_CAUSAL_REHEARSAL,False
DEMO-R0157-fx-fx,DEMO-R0157,DEMO-TEAM-07,Cross-border FX,mining,0,0.5,0,0,0,0.0,False,SYNTHETIC_CAUSAL_REHEARSAL,False
DEMO-R0157-trade-finance,DEMO-R0157,DEMO-TEAM-07,Trade finance,mining,0,0.5,0,0,1,559767.48,False,SYNTHETIC_CAUSAL_REHEARSAL,False
DEMO-R0158-collections,DEMO-R0158,DEMO-TEAM-08,Collections,mining,1,0.5,1,0,0,0.0,False,SYNTHETIC_CAUSAL_REHEARSAL,False
DEMO-R0158-payments,DEMO-R0158,DEMO-TEAM-08,Payments,mining,1,0.5,0,0,0,0.0,False,SYNTHETIC_CAUSAL_REHEARSAL,False
DEMO-R0158-liquidity,DEMO-R0158,DEMO-TEAM-08,Liquidity,mining,1,0.5,0,0,0,0.0,False,SYNTHETIC_CAUSAL_REHEARSAL,False
DEMO-R0158-fx-fx,DEMO-R0158,DEMO-TEAM-08,Cross-border FX,mining,1,0.5,1,1,1,2231651.34,False,SYNTHETIC_CAUSAL_REHEARSAL,False
DEMO-R0158-trade-finance,DEMO-R0158,DEMO-TEAM-08,Trade finance,mining,1,0.5,0,0,0,0.0,False,SYNTHETIC_CAUSAL_REHEARSAL,False
DEMO-R0159-collections,DEMO-R0159,DEMO-TEAM-09,Collections,industrials_pharma,0,0.5,0,0,0,0.0,False,SYNTHETIC_CAUSAL_REHEARSAL,False
DEMO-R0159-payments,DEMO-R0159,DEMO-TEAM-09,Payments,industrials_pharma,0,0.5,0,0,0,0.0,False,SYNTHETIC_CAUSAL_REHEARSAL,False
DEMO-R0159-liquidity,DEMO-R0159,DEMO-TEAM-09,Liquidity,industrials_pharma,0,0.5,0,0,0,0.0,False,SYNTHETIC_CAUSAL_REHEARSAL,False
DEMO-R0159-fx-fx,DEMO-R0159,DEMO-TEAM-09,Cross-border FX,industrials_pharma,0,0.5,0,0,0,0.0,False,SYNTHETIC_CAUSAL_REHEARSAL,False
DEMO-R0159-trade-finance,DEMO-R0159,DEMO-TEAM-09,Trade finance,industrials_pharma,0,0.5,0,0,0,0.0,False,SYNTHETIC_CAUSAL_REHEARSAL,False
DEMO-R0160-collections,DEMO-R0160,DEMO-TEAM-10,Collections,industrials_pharma,0,0.5,0,0,0,0.0,False,SYNTHETIC_CAUSAL_REHEARSAL,False
DEMO-R0160-payments,DEMO-R0160,DEMO-TEAM-10,Payments,industrials_pharma,0,0.5,0,0,0,0.0,False,SYNTHETIC_CAUSAL_REHEARSAL,False
DEMO-R0160-liquidity,DEMO-R0160,DEMO-TEAM-10,Liquidity,industrials_pharma,0,0.5,0,0,0,0.0,False,SYNTHETIC_CAUSAL_REHEARSAL,False
DEMO-R0160-fx-fx,DEMO-R0160,DEMO-TEAM-10,Cross-border FX,industrials_pharma,0,0.5,1,0,0,0.0,False,SYNTHETIC_CAUSAL_REHEARSAL,False
DEMO-R0160-trade-finance,DEMO-R0160,DEMO-TEAM-10,Trade finance,industrials_pharma,0,0.5,0,0,0,0.0,False,SYNTHETIC_CAUSAL_REHEARSAL,False
DEMO-R0161-collections,DEMO-R0161,DEMO-TEAM-11,Collections,mining,0,0.5,0,0,0,0.0,False,SYNTHETIC_CAUSAL_REHEARSAL,False
DEMO-R0161-payments,DEMO-R0161,DEMO-TEAM-11,Payments,mining,0,0.5,0,0,0,0.0,False,SYNTHETIC_CAUSAL_REHEARSAL,False
DEMO-R0161-liquidity,DEMO-R0161,DEMO-TEAM-11,Liquidity,mining,0,0.5,0,0,0,0.0,False,SYNTHETIC_CAUSAL_REHEARSAL,False
DEMO-R0161-fx-fx,DEMO-R0161,DEMO-TEAM-11,Cross-border FX,mining,0,0.5,0,0,0,0.0,False,SYNTHETIC_CAUSAL_REHEARSAL,False
DEMO-R0161-trade-finance,DEMO-R0161,DEMO-TEAM-11,Trade finance,mining,0,0.5,1,1,0,0.0,False,SYNTHETIC_CAUSAL_REHEARSAL,False
DEMO-R0162-collections,DEMO-R0162,DEMO-TEAM-12,Collections,consumer,1,0.5,1,1,1,12101.53,False,SYNTHETIC_CAUSAL_REHEARSAL,False
DEMO-R0162-payments,DEMO-R0162,DEMO-TEAM-12,Payments,consumer,1,0.5,0,0,0,0.0,False,SYNTHETIC_CAUSAL_REHEARSAL,False
DEMO-R0162-liquidity,DEMO-R0162,DEMO-TEAM-12,Liquidity,consumer,1,0.5,0,0,0,0.0,False,SYNTHETIC_CAUSAL_REHEARSAL,False
DEMO-R0162-fx-fx,DEMO-R0162,DEMO-TEAM-12,Cross-border FX,consumer,1,0.5,1,0,0,0.0,False,SYNTHETIC_CAUSAL_REHEARSAL,False
DEMO-R0162-trade-finance,DEMO-R0162,DEMO-TEAM-12,Trade finance,consumer,1,0.5,0,0,0,0.0,False,SYNTHETIC_CAUSAL_REHEARSAL,False
DEMO-R0163-collections,DEMO-R0163,DEMO-TEAM-13,Collections,telecoms,0,0.5,0,0,0,0.0,False,SYNTHETIC_CAUSAL_REHEARSAL,False
DEMO-R0163-payments,DEMO-R0163,DEMO-TEAM-13,Payments,telecoms,0,0.5,1,1,1,165711.84,False,SYNTHETIC_CAUSAL_REHEARSAL,False
DEMO-R0163-liquidity,DEMO-R0163,DEMO-TEAM-13,Liquidity,telecoms,0,0.5,0,0,0,0.0,False,SYNTHETIC_CAUSAL_REHEARSAL,False
DEMO-R0163-fx-fx,DEMO-R0163,DEMO-TEAM-13,Cross-border FX,telecoms,0,0.5,0,0,0,0.0,False,SYNTHETIC_CAUSAL_REHEARSAL,False
DEMO-R0163-trade-finance,DEMO-R0163,DEMO-TEAM-13,Trade finance,telecoms,0,0.5,0,0,0,0.0,False,SYNTHETIC_CAUSAL_REHEARSAL,False
DEMO-R0164-collections,DEMO-R0164,DEMO-TEAM-14,Collections,industrials_pharma,1,0.5,0,0,0,0.0,False,SYNTHETIC_CAUSAL_REHEARSAL,False
DEMO-R0164-payments,DEMO-R0164,DEMO-TEAM-14,Payments,industrials_pharma,1,0.5,0,0,0,0.0,False,SYNTHETIC_CAUSAL_REHEARSAL,False
DEMO-R0164-liquidity,DEMO-R0164,DEMO-TEAM-14,Liquidity,industrials_pharma,1,0.5,0,0,0,0.0,False,SYNTHETIC_CAUSAL_REHEARSAL,False
DEMO-R0164-fx-fx,DEMO-R0164,DEMO-TEAM-14,Cross-border FX,industrials_pharma,1,0.5,1,0,0,0.0,False,SYNTHETIC_CAUSAL_REHEARSAL,False
DEMO-R0164-trade-finance,DEMO-R0164,DEMO-TEAM-14,Trade finance,industrials_pharma,1,0.5,0,0,0,0.0,False,SYNTHETIC_CAUSAL_REHEARSAL,False
DEMO-R0165-collections,DEMO-R0165,DEMO-TEAM-15,Collections,mining,0,0.5,0,0,0,0.0,False,SYNTHETIC_CAUSAL_REHEARSAL,False
DEMO-R0165-payments,DEMO-R0165,DEMO-TEAM-15,Payments,mining,0,0.5,0,0,0,0.0,False,SYNTHETIC_CAUSAL_REHEARSAL,False
DEMO-R0165-liquidity,DEMO-R0165,DEMO-TEAM-15,Liquidity,mining,0,0.5,1,1,0,0.0,False,SYNTHETIC_CAUSAL_REHEARSAL,False
DEMO-R0165-fx-fx,DEMO-R0165,DEMO-TEAM-15,Cross-border FX,mining,0,0.5,0,0,0,0.0,False,SYNTHETIC_CAUSAL_REHEARSAL,False
DEMO-R0165-trade-finance,DEMO-R0165,DEMO-TEAM-15,Trade finance,mining,0,0.5,0,0,0,0.0,False,SYNTHETIC_CAUSAL_REHEARSAL,False
DEMO-R0166-collections,DEMO-R0166,DEMO-TEAM-16,Collections,telecoms,0,0.5,0,0,0,0.0,False,SYNTHETIC_CAUSAL_REHEARSAL,False
DEMO-R0166-payments,DEMO-R0166,DEMO-TEAM-16,Payments,telecoms,0,0.5,1,0,0,0.0,False,SYNTHETIC_CAUSAL_REHEARSAL,False
DEMO-R0166-liquidity,DEMO-R0166,DEMO-TEAM-16,Liquidity,telecoms,0,0.5,0,0,0,0.0,False,SYNTHETIC_CAUSAL_REHEARSAL,False
DEMO-R0166-fx-fx,DEMO-R0166,DEMO-TEAM-16,Cross-border FX,telecoms,0,0.5,0,0,0,0.0,False,SYNTHETIC_CAUSAL_REHEARSAL,False
DEMO-R0166-trade-finance,DEMO-R0166,DEMO-TEAM-16,Trade finance,telecoms,0,0.5,0,0,0,0.0,False,SYNTHETIC_CAUSAL_REHEARSAL,False
DEMO-R0167-collections,DEMO-R0167,DEMO-TEAM-17,Collections,consumer,1,0.5,1,1,0,0.0,False,SYNTHETIC_CAUSAL_REHEARSAL,False
DEMO-R0167-payments,DEMO-R0167,DEMO-TEAM-17,Payments,consumer,1,0.5,0,0,1,308894.37,False,SYNTHETIC_CAUSAL_REHEARSAL,False
DEMO-R0167-liquidity,DEMO-R0167,DEMO-TEAM-17,Liquidity,consumer,1,0.5,0,0,0,0.0,False,SYNTHETIC_CAUSAL_REHEARSAL,False
DEMO-R0167-fx-fx,DEMO-R0167,DEMO-TEAM-17,Cross-border FX,consumer,1,0.5,0,0,0,0.0,False,SYNTHETIC_CAUSAL_REHEARSAL,False
DEMO-R0167-trade-finance,DEMO-R0167,DEMO-TEAM-17,Trade finance,consumer,1,0.5,0,0,0,0.0,False,SYNTHETIC_CAUSAL_REHEARSAL,False
DEMO-R0168-collections,DEMO-R0168,DEMO-TEAM-18,Collections,mining,1,0.5,0,0,0,0.0,False,SYNTHETIC_CAUSAL_REHEARSAL,False
DEMO-R0168-payments,DEMO-R0168,DEMO-TEAM-18,Payments,mining,1,0.5,1,1,1,0.0,False,SYNTHETIC_CAUSAL_REHEARSAL,False
DEMO-R0168-liquidity,DEMO-R0168,DEMO-TEAM-18,Liquidity,mining,1,0.5,1,1,0,0.0,False,SYNTHETIC_CAUSAL_REHEARSAL,False
DEMO-R0168-fx-fx,DEMO-R0168,DEMO-TEAM-18,Cross-border FX,mining,1,0.5,0,1,0,0.0,False,SYNTHETIC_CAUSAL_REHEARSAL,False
DEMO-R0168-trade-finance,DEMO-R0168,DEMO-TEAM-18,Trade finance,mining,1,0.5,0,1,0,0.0,False,SYNTHETIC_CAUSAL_REHEARSAL,False
DEMO-R0169-collections,DEMO-R0169,DEMO-TEAM-19,Collections,industrials_pharma,1,0.5,0,0,0,0.0,False,SYNTHETIC_CAUSAL_REHEARSAL,False
DEMO-R0169-payments,DEMO-R0169,DEMO-TEAM-19,Payments,industrials_pharma,1,0.5,1,0,0,0.0,False,SYNTHETIC_CAUSAL_REHEARSAL,False
DEMO-R0169-liquidity,DEMO-R0169,DEMO-TEAM-19,Liquidity,industrials_pharma,1,0.5,1,0,1,0.0,False,SYNTHETIC_CAUSAL_REHEARSAL,False
DEMO-R0169-fx-fx,DEMO-R0169,DEMO-TEAM-19,Cross-border FX,industrials_pharma,1,0.5,0,0,0,0.0,False,SYNTHETIC_CAUSAL_REHEARSAL,False
DEMO-R0169-trade-finance,DEMO-R0169,DEMO-TEAM-19,Trade finance,industrials_pharma,1,0.5,0,0,0,0.0,False,SYNTHETIC_CAUSAL_REHEARSAL,False
DEMO-R0170-collections,DEMO-R0170,DEMO-TEAM-20,Collections,mining,1,0.5,0,0,0,0.0,False,SYNTHETIC_CAUSAL_REHEARSAL,False
DEMO-R0170-payments,DEMO-R0170,DEMO-TEAM-20,Payments,mining,1,0.5,0,0,0,0.0,False,SYNTHETIC_CAUSAL_REHEARSAL,False
DEMO-R0170-liquidity,DEMO-R0170,DEMO-TEAM-20,Liquidity,mining,1,0.5,0,0,1,151203.09,False,SYNTHETIC_CAUSAL_REHEARSAL,False
DEMO-R0170-fx-fx,DEMO-R0170,DEMO-TEAM-20,Cross-border FX,mining,1,0.5,1,1,1,443778.59,False,SYNTHETIC_CAUSAL_REHEARSAL,False
DEMO-R0170-trade-finance,DEMO-R0170,DEMO-TEAM-20,Trade finance,mining,1,0.5,1,1,1,1038898.73,False,SYNTHETIC_CAUSAL_REHEARSAL,False
DEMO-R0171-collections,DEMO-R0171,DEMO-TEAM-21,Collections,mining,0,0.5,0,0,0,0.0,False,SYNTHETIC_CAUSAL_REHEARSAL,False
DEMO-R0171-payments,DEMO-R0171,DEMO-TEAM-21,Payments,mining,0,0.5,0,0,0,0.0,False,SYNTHETIC_CAUSAL_REHEARSAL,False
DEMO-R0171-liquidity,DEMO-R0171,DEMO-TEAM-21,Liquidity,mining,0,0.5,0,0,0,0.0,False,SYNTHETIC_CAUSAL_REHEARSAL,False
DEMO-R0171-fx-fx,DEMO-R0171,DEMO-TEAM-21,Cross-border FX,mining,0,0.5,0,0,0,0.0,False,SYNTHETIC_CAUSAL_REHEARSAL,False
DEMO-R0171-trade-finance,DEMO-R0171,DEMO-TEAM-21,Trade finance,mining,0,0.5,0,0,0,0.0,False,SYNTHETIC_CAUSAL_REHEARSAL,False
DEMO-R0172-collections,DEMO-R0172,DEMO-TEAM-22,Collections,mining,0,0.5,0,0,0,0.0,False,SYNTHETIC_CAUSAL_REHEARSAL,False
DEMO-R0172-payments,DEMO-R0172,DEMO-TEAM-22,Payments,mining,0,0.5,1,1,1,70289.74,False,SYNTHETIC_CAUSAL_REHEARSAL,False
DEMO-R0172-liquidity,DEMO-R0172,DEMO-TEAM-22,Liquidity,mining,0,0.5,0,0,0,0.0,False,SYNTHETIC_CAUSAL_REHEARSAL,False
DEMO-R0172-fx-fx,DEMO-R0172,DEMO-TEAM-22,Cross-border FX,mining,0,0.5,0,1,0,0.0,False,SYNTHETIC_CAUSAL_REHEARSAL,False
DEMO-R0172-trade-finance,DEMO-R0172,DEMO-TEAM-22,Trade finance,mining,0,0.5,0,1,0,0.0,False,SYNTHETIC_CAUSAL_REHEARSAL,False
DEMO-R0173-collections,DEMO-R0173,DEMO-TEAM-23,Collections,consumer,1,0.5,1,1,0,0.0,False,SYNTHETIC_CAUSAL_REHEARSAL,False
DEMO-R0173-payments,DEMO-R0173,DEMO-TEAM-23,Payments,consumer,1,0.5,0,0,0,0.0,False,SYNTHETIC_CAUSAL_REHEARSAL,False
DEMO-R0173-liquidity,DEMO-R0173,DEMO-TEAM-23,Liquidity,consumer,1,0.5,0,0,0,0.0,False,SYNTHETIC_CAUSAL_REHEARSAL,False
DEMO-R0173-fx-fx,DEMO-R0173,DEMO-TEAM-23,Cross-border FX,consumer,1,0.5,0,1,0,0.0,False,SYNTHETIC_CAUSAL_REHEARSAL,False
DEMO-R0173-trade-finance,DEMO-R0173,DEMO-TEAM-23,Trade finance,consumer,1,0.5,0,1,1,7848079.13,False,SYNTHETIC_CAUSAL_REHEARSAL,False
DEMO-R0174-collections,DEMO-R0174,DEMO-TEAM-24,Collections,mining,1,0.5,0,0,0,0.0,False,SYNTHETIC_CAUSAL_REHEARSAL,False
DEMO-R0174-payments,DEMO-R0174,DEMO-TEAM-24,Payments,mining,1,0.5,0,1,1,0.0,False,SYNTHETIC_CAUSAL_REHEARSAL,False
DEMO-R0174-liquidity,DEMO-R0174,DEMO-TEAM-24,Liquidity,mining,1,0.5,0,0,0,0.0,False,SYNTHETIC_CAUSAL_REHEARSAL,False
DEMO-R0174-fx-fx,DEMO-R0174,DEMO-TEAM-24,Cross-border FX,mining,1,0.5,0,0,0,0.0,False,SYNTHETIC_CAUSAL_REHEARSAL,False
DEMO-R0174-trade-finance,DEMO-R0174,DEMO-TEAM-24,Trade finance,mining,1,0.5,0,0,0,0.0,False,SYNTHETIC_CAUSAL_REHEARSAL,False
DEMO-R0175-collections,DEMO-R0175,DEMO-TEAM-25,Collections,telecoms,1,0.5,1,1,0,0.0,False,SYNTHETIC_CAUSAL_REHEARSAL,False
DEMO-R0175-payments,DEMO-R0175,DEMO-TEAM-25,Payments,telecoms,1,0.5,0,0,0,0.0,False,SYNTHETIC_CAUSAL_REHEARSAL,False
DEMO-R0175-liquidity,DEMO-R0175,DEMO-TEAM-25,Liquidity,telecoms,1,0.5,1,0,0,0.0,False,SYNTHETIC_CAUSAL_REHEARSAL,False
DEMO-R0175-fx-fx,DEMO-R0175,DEMO-TEAM-25,Cross-border FX,telecoms,1,0.5,0,0,0,0.0,False,SYNTHETIC_CAUSAL_REHEARSAL,False
DEMO-R0175-trade-finance,DEMO-R0175,DEMO-TEAM-25,Trade finance,telecoms,1,0.5,0,0,0,0.0,False,SYNTHETIC_CAUSAL_REHEARSAL,False
DEMO-R0176-collections,DEMO-R0176,DEMO-TEAM-26,Collections,consumer,1,0.5,1,1,0,0.0,False,SYNTHETIC_CAUSAL_REHEARSAL,False
DEMO-R0176-payments,DEMO-R0176,DEMO-TEAM-26,Payments,consumer,1,0.5,0,0,0,0.0,False,SYNTHETIC_CAUSAL_REHEARSAL,False
DEMO-R0176-liquidity,DEMO-R0176,DEMO-TEAM-26,Liquidity,consumer,1,0.5,0,0,0,0.0,False,SYNTHETIC_CAUSAL_REHEARSAL,False
DEMO-R0176-fx-fx,DEMO-R0176,DEMO-TEAM-26,Cross-border FX,consumer,1,0.5,0,1,0,0.0,False,SYNTHETIC_CAUSAL_REHEARSAL,False
DEMO-R0176-trade-finance,DEMO-R0176,DEMO-TEAM-26,Trade finance,consumer,1,0.5,0,0,0,0.0,False,SYNTHETIC_CAUSAL_REHEARSAL,False
DEMO-R0177-collections,DEMO-R0177,DEMO-TEAM-27,Collections,mining,0,0.5,0,0,0,0.0,False,SYNTHETIC_CAUSAL_REHEARSAL,False
DEMO-R0177-payments,DEMO-R0177,DEMO-TEAM-27,Payments,mining,0,0.5,0,0,0,0.0,False,SYNTHETIC_CAUSAL_REHEARSAL,False
DEMO-R0177-liquidity,DEMO-R0177,DEMO-TEAM-27,Liquidity,mining,0,0.5,0,1,1,0.0,False,SYNTHETIC_CAUSAL_REHEARSAL,False
DEMO-R0177-fx-fx,DEMO-R0177,DEMO-TEAM-27,Cross-border FX,mining,0,0.5,0,0,0,0.0,False,SYNTHETIC_CAUSAL_REHEARSAL,False
DEMO-R0177-trade-finance,DEMO-R0177,DEMO-TEAM-27,Trade finance,mining,0,0.5,0,0,0,0.0,False,SYNTHETIC_CAUSAL_REHEARSAL,False
DEMO-R0178-collections,DEMO-R0178,DEMO-TEAM-28,Collections,insurance,0,0.5,1,0,0,0.0,False,SYNTHETIC_CAUSAL_REHEARSAL,False
DEMO-R0178-payments,DEMO-R0178,DEMO-TEAM-28,Payments,insurance,0,0.5,1,1,1,435606.23,False,SYNTHETIC_CAUSAL_REHEARSAL,False
DEMO-R0178-liquidity,DEMO-R0178,DEMO-TEAM-28,Liquidity,insurance,0,0.5,1,1,0,0.0,False,SYNTHETIC_CAUSAL_REHEARSAL,False
DEMO-R0178-fx-fx,DEMO-R0178,DEMO-TEAM-28,Cross-border FX,insurance,0,0.5,0,0,0,0.0,False,SYNTHETIC_CAUSAL_REHEARSAL,False
DEMO-R0178-trade-finance,DEMO-R0178,DEMO-TEAM-28,Trade finance,insurance,0,0.5,0,0,0,0.0,False,SYNTHETIC_CAUSAL_REHEARSAL,False
DEMO-R0179-collections,DEMO-R0179,DEMO-TEAM-29,Collections,consumer,1,0.5,0,1,0,0.0,False,SYNTHETIC_CAUSAL_REHEARSAL,False
DEMO-R0179-payments,DEMO-R0179,DEMO-TEAM-29,Payments,consumer,1,0.5,0,0,0,0.0,False,SYNTHETIC_CAUSAL_REHEARSAL,False
DEMO-R0179-liquidity,DEMO-R0179,DEMO-TEAM-29,Liquidity,consumer,1,0.5,0,0,0,0.0,False,SYNTHETIC_CAUSAL_REHEARSAL,False
DEMO-R0179-fx-fx,DEMO-R0179,DEMO-TEAM-29,Cross-border FX,consumer,1,0.5,0,0,0,0.0,False,SYNTHETIC_CAUSAL_REHEARSAL,False
DEMO-R0179-trade-finance,DEMO-R0179,DEMO-TEAM-29,Trade finance,consumer,1,0.5,0,0,0,0.0,False,SYNTHETIC_CAUSAL_REHEARSAL,False
DEMO-R0180-collections,DEMO-R0180,DEMO-TEAM-30,Collections,insurance,0,0.5,0,0,0,0.0,False,SYNTHETIC_CAUSAL_REHEARSAL,False
DEMO-R0180-payments,DEMO-R0180,DEMO-TEAM-30,Payments,insurance,0,0.5,0,0,0,0.0,False,SYNTHETIC_CAUSAL_REHEARSAL,False
DEMO-R0180-liquidity,DEMO-R0180,DEMO-TEAM-30,Liquidity,insurance,0,0.5,0,0,0,0.0,False,SYNTHETIC_CAUSAL_REHEARSAL,False
DEMO-R0180-fx-fx,DEMO-R0180,DEMO-TEAM-30,Cross-border FX,insurance,0,0.5,1,0,0,0.0,False,SYNTHETIC_CAUSAL_REHEARSAL,False
DEMO-R0180-trade-finance,DEMO-R0180,DEMO-TEAM-30,Trade finance,insurance,0,0.5,0,0,0,0.0,False,SYNTHETIC_CAUSAL_REHEARSAL,False
DEMO-R0181-collections,DEMO-R0181,DEMO-TEAM-01,Collections,mining,0,0.5,0,1,0,0.0,False,SYNTHETIC_CAUSAL_REHEARSAL,False
DEMO-R0181-payments,DEMO-R0181,DEMO-TEAM-01,Payments,mining,0,0.5,0,0,0,0.0,False,SYNTHETIC_CAUSAL_REHEARSAL,False
DEMO-R0181-liquidity,DEMO-R0181,DEMO-TEAM-01,Liquidity,mining,0,0.5,0,0,0,0.0,False,SYNTHETIC_CAUSAL_REHEARSAL,False
DEMO-R0181-fx-fx,DEMO-R0181,DEMO-TEAM-01,Cross-border FX,mining,0,0.5,1,1,1,215864.18,False,SYNTHETIC_CAUSAL_REHEARSAL,False
DEMO-R0181-trade-finance,DEMO-R0181,DEMO-TEAM-01,Trade finance,mining,0,0.5,0,0,0,0.0,False,SYNTHETIC_CAUSAL_REHEARSAL,False
DEMO-R0182-collections,DEMO-R0182,DEMO-TEAM-02,Collections,consumer,0,0.5,0,0,0,0.0,False,SYNTHETIC_CAUSAL_REHEARSAL,False
DEMO-R0182-payments,DEMO-R0182,DEMO-TEAM-02,Payments,consumer,0,0.5,0,0,0,0.0,False,SYNTHETIC_CAUSAL_REHEARSAL,False
DEMO-R0182-liquidity,DEMO-R0182,DEMO-TEAM-02,Liquidity,consumer,0,0.5,1,1,0,0.0,False,SYNTHETIC_CAUSAL_REHEARSAL,False
DEMO-R0182-fx-fx,DEMO-R0182,DEMO-TEAM-02,Cross-border FX,consumer,0,0.5,0,0,0,0.0,False,SYNTHETIC_CAUSAL_REHEARSAL,False
DEMO-R0182-trade-finance,DEMO-R0182,DEMO-TEAM-02,Trade finance,consumer,0,0.5,1,0,0,0.0,False,SYNTHETIC_CAUSAL_REHEARSAL,False
DEMO-R0183-collections,DEMO-R0183,DEMO-TEAM-03,Collections,mining,0,0.5,0,0,0,0.0,False,SYNTHETIC_CAUSAL_REHEARSAL,False
DEMO-R0183-payments,DEMO-R0183,DEMO-TEAM-03,Payments,mining,0,0.5,0,0,0,0.0,False,SYNTHETIC_CAUSAL_REHEARSAL,False
DEMO-R0183-liquidity,DEMO-R0183,DEMO-TEAM-03,Liquidity,mining,0,0.5,0,0,0,0.0,False,SYNTHETIC_CAUSAL_REHEARSAL,False
DEMO-R0183-fx-fx,DEMO-R0183,DEMO-TEAM-03,Cross-border FX,mining,0,0.5,0,0,0,0.0,False,SYNTHETIC_CAUSAL_REHEARSAL,False
DEMO-R0183-trade-finance,DEMO-R0183,DEMO-TEAM-03,Trade finance,mining,0,0.5,0,0,0,0.0,False,SYNTHETIC_CAUSAL_REHEARSAL,False
DEMO-R0184-collections,DEMO-R0184,DEMO-TEAM-04,Collections,consumer,0,0.5,0,0,0,0.0,False,SYNTHETIC_CAUSAL_REHEARSAL,False
DEMO-R0184-payments,DEMO-R0184,DEMO-TEAM-04,Payments,consumer,0,0.5,0,0,0,0.0,False,SYNTHETIC_CAUSAL_REHEARSAL,False
DEMO-R0184-liquidity,DEMO-R0184,DEMO-TEAM-04,Liquidity,consumer,0,0.5,0,0,0,0.0,False,SYNTHETIC_CAUSAL_REHEARSAL,False
DEMO-R0184-fx-fx,DEMO-R0184,DEMO-TEAM-04,Cross-border FX,consumer,0,0.5,0,0,0,0.0,False,SYNTHETIC_CAUSAL_REHEARSAL,False
DEMO-R0184-trade-finance,DEMO-R0184,DEMO-TEAM-04,Trade finance,consumer,0,0.5,0,0,0,0.0,False,SYNTHETIC_CAUSAL_REHEARSAL,False
DEMO-R0185-collections,DEMO-R0185,DEMO-TEAM-05,Collections,consumer,1,0.5,0,0,0,0.0,False,SYNTHETIC_CAUSAL_REHEARSAL,False
DEMO-R0185-payments,DEMO-R0185,DEMO-TEAM-05,Payments,consumer,1,0.5,0,0,0,0.0,False,SYNTHETIC_CAUSAL_REHEARSAL,False
DEMO-R0185-liquidity,DEMO-R0185,DEMO-TEAM-05,Liquidity,consumer,1,0.5,1,1,0,0.0,False,SYNTHETIC_CAUSAL_REHEARSAL,False
DEMO-R0185-fx-fx,DEMO-R0185,DEMO-TEAM-05,Cross-border FX,consumer,1,0.5,0,0,0,0.0,False,SYNTHETIC_CAUSAL_REHEARSAL,False
DEMO-R0185-trade-finance,DEMO-R0185,DEMO-TEAM-05,Trade finance,consumer,1,0.5,0,0,0,0.0,False,SYNTHETIC_CAUSAL_REHEARSAL,False
DEMO-R0186-collections,DEMO-R0186,DEMO-TEAM-06,Collections,mining,0,0.5,0,0,0,0.0,False,SYNTHETIC_CAUSAL_REHEARSAL,False
DEMO-R0186-payments,DEMO-R0186,DEMO-TEAM-06,Payments,mining,0,0.5,1,1,1,0.0,False,SYNTHETIC_CAUSAL_REHEARSAL,False
DEMO-R0186-liquidity,DEMO-R0186,DEMO-TEAM-06,Liquidity,mining,0,0.5,0,0,0,0.0,False,SYNTHETIC_CAUSAL_REHEARSAL,False
DEMO-R0186-fx-fx,DEMO-R0186,DEMO-TEAM-06,Cross-border FX,mining,0,0.5,1,1,0,0.0,False,SYNTHETIC_CAUSAL_REHEARSAL,False
DEMO-R0186-trade-finance,DEMO-R0186,DEMO-TEAM-06,Trade finance,mining,0,0.5,0,1,0,0.0,False,SYNTHETIC_CAUSAL_REHEARSAL,False
DEMO-R0187-collections,DEMO-R0187,DEMO-TEAM-07,Collections,consumer,0,0.5,0,0,0,0.0,False,SYNTHETIC_CAUSAL_REHEARSAL,False
DEMO-R0187-payments,DEMO-R0187,DEMO-TEAM-07,Payments,consumer,0,0.5,0,0,0,0.0,False,SYNTHETIC_CAUSAL_REHEARSAL,False
DEMO-R0187-liquidity,DEMO-R0187,DEMO-TEAM-07,Liquidity,consumer,0,0.5,0,0,0,0.0,False,SYNTHETIC_CAUSAL_REHEARSAL,False
DEMO-R0187-fx-fx,DEMO-R0187,DEMO-TEAM-07,Cross-border FX,consumer,0,0.5,0,0,0,0.0,False,SYNTHETIC_CAUSAL_REHEARSAL,False
DEMO-R0187-trade-finance,DEMO-R0187,DEMO-TEAM-07,Trade finance,consumer,0,0.5,0,0,0,0.0,False,SYNTHETIC_CAUSAL_REHEARSAL,False
DEMO-R0188-collections,DEMO-R0188,DEMO-TEAM-08,Collections,mining,1,0.5,0,0,0,0.0,False,SYNTHETIC_CAUSAL_REHEARSAL,False
DEMO-R0188-payments,DEMO-R0188,DEMO-TEAM-08,Payments,mining,1,0.5,0,0,0,0.0,False,SYNTHETIC_CAUSAL_REHEARSAL,False
DEMO-R0188-liquidity,DEMO-R0188,DEMO-TEAM-08,Liquidity,mining,1,0.5,0,0,0,0.0,False,SYNTHETIC_CAUSAL_REHEARSAL,False
DEMO-R0188-fx-fx,DEMO-R0188,DEMO-TEAM-08,Cross-border FX,mining,1,0.5,0,0,0,0.0,False,SYNTHETIC_CAUSAL_REHEARSAL,False
DEMO-R0188-trade-finance,DEMO-R0188,DEMO-TEAM-08,Trade finance,mining,1,0.5,0,0,0,0.0,False,SYNTHETIC_CAUSAL_REHEARSAL,False
DEMO-R0189-collections,DEMO-R0189,DEMO-TEAM-09,Collections,real_estate,0,0.5,0,0,0,0.0,False,SYNTHETIC_CAUSAL_REHEARSAL,False
DEMO-R0189-payments,DEMO-R0189,DEMO-TEAM-09,Payments,real_estate,0,0.5,0,0,0,0.0,False,SYNTHETIC_CAUSAL_REHEARSAL,False
DEMO-R0189-liquidity,DEMO-R0189,DEMO-TEAM-09,Liquidity,real_estate,0,0.5,0,1,0,0.0,False,SYNTHETIC_CAUSAL_REHEARSAL,False
DEMO-R0189-fx-fx,DEMO-R0189,DEMO-TEAM-09,Cross-border FX,real_estate,0,0.5,1,1,0,0.0,False,SYNTHETIC_CAUSAL_REHEARSAL,False
DEMO-R0189-trade-finance,DEMO-R0189,DEMO-TEAM-09,Trade finance,real_estate,0,0.5,0,0,0,0.0,False,SYNTHETIC_CAUSAL_REHEARSAL,False
DEMO-R0190-collections,DEMO-R0190,DEMO-TEAM-10,Collections,industrials_pharma,0,0.5,0,0,0,0.0,False,SYNTHETIC_CAUSAL_REHEARSAL,False
DEMO-R0190-payments,DEMO-R0190,DEMO-TEAM-10,Payments,industrials_pharma,0,0.5,0,0,0,0.0,False,SYNTHETIC_CAUSAL_REHEARSAL,False
DEMO-R0190-liquidity,DEMO-R0190,DEMO-TEAM-10,Liquidity,industrials_pharma,0,0.5,0,0,1,173562.58,False,SYNTHETIC_CAUSAL_REHEARSAL,False
DEMO-R0190-fx-fx,DEMO-R0190,DEMO-TEAM-10,Cross-border FX,industrials_pharma,0,0.5,0,0,0,0.0,False,SYNTHETIC_CAUSAL_REHEARSAL,False
DEMO-R0190-trade-finance,DEMO-R0190,DEMO-TEAM-10,Trade finance,industrials_pharma,0,0.5,1,1,1,2536238.63,False,SYNTHETIC_CAUSAL_REHEARSAL,False
DEMO-R0191-collections,DEMO-R0191,DEMO-TEAM-11,Collections,mining,0,0.5,0,0,0,0.0,False,SYNTHETIC_CAUSAL_REHEARSAL,False
DEMO-R0191-payments,DEMO-R0191,DEMO-TEAM-11,Payments,mining,0,0.5,1,0,0,0.0,False,SYNTHETIC_CAUSAL_REHEARSAL,False
DEMO-R0191-liquidity,DEMO-R0191,DEMO-TEAM-11,Liquidity,mining,0,0.5,0,0,0,0.0,False,SYNTHETIC_CAUSAL_REHEARSAL,False
DEMO-R0191-fx-fx,DEMO-R0191,DEMO-TEAM-11,Cross-border FX,mining,0,0.5,1,1,1,294992.47,False,SYNTHETIC_CAUSAL_REHEARSAL,False
DEMO-R0191-trade-finance,DEMO-R0191,DEMO-TEAM-11,Trade finance,mining,0,0.5,0,0,0,0.0,False,SYNTHETIC_CAUSAL_REHEARSAL,False
DEMO-R0192-collections,DEMO-R0192,DEMO-TEAM-12,Collections,tech,1,0.5,1,1,1,0.0,False,SYNTHETIC_CAUSAL_REHEARSAL,False
DEMO-R0192-payments,DEMO-R0192,DEMO-TEAM-12,Payments,tech,1,0.5,0,1,0,0.0,False,SYNTHETIC_CAUSAL_REHEARSAL,False
DEMO-R0192-liquidity,DEMO-R0192,DEMO-TEAM-12,Liquidity,tech,1,0.5,1,1,0,0.0,False,SYNTHETIC_CAUSAL_REHEARSAL,False
DEMO-R0192-fx-fx,DEMO-R0192,DEMO-TEAM-12,Cross-border FX,tech,1,0.5,0,0,0,0.0,False,SYNTHETIC_CAUSAL_REHEARSAL,False
DEMO-R0192-trade-finance,DEMO-R0192,DEMO-TEAM-12,Trade finance,tech,1,0.5,1,0,0,0.0,False,SYNTHETIC_CAUSAL_REHEARSAL,False
DEMO-R0193-collections,DEMO-R0193,DEMO-TEAM-13,Collections,consumer,0,0.5,0,0,0,0.0,False,SYNTHETIC_CAUSAL_REHEARSAL,False
DEMO-R0193-payments,DEMO-R0193,DEMO-TEAM-13,Payments,consumer,0,0.5,1,1,0,0.0,False,SYNTHETIC_CAUSAL_REHEARSAL,False
DEMO-R0193-liquidity,DEMO-R0193,DEMO-TEAM-13,Liquidity,consumer,0,0.5,0,0,0,0.0,False,SYNTHETIC_CAUSAL_REHEARSAL,False
DEMO-R0193-fx-fx,DEMO-R0193,DEMO-TEAM-13,Cross-border FX,consumer,0,0.5,1,0,0,0.0,False,SYNTHETIC_CAUSAL_REHEARSAL,False
DEMO-R0193-trade-finance,DEMO-R0193,DEMO-TEAM-13,Trade finance,consumer,0,0.5,1,1,1,0.0,False,SYNTHETIC_CAUSAL_REHEARSAL,False
DEMO-R0194-collections,DEMO-R0194,DEMO-TEAM-14,Collections,consumer,1,0.5,0,0,1,28050.66,False,SYNTHETIC_CAUSAL_REHEARSAL,False
DEMO-R0194-payments,DEMO-R0194,DEMO-TEAM-14,Payments,consumer,1,0.5,0,1,1,105361.46,False,SYNTHETIC_CAUSAL_REHEARSAL,False
DEMO-R0194-liquidity,DEMO-R0194,DEMO-TEAM-14,Liquidity,consumer,1,0.5,0,0,0,0.0,False,SYNTHETIC_CAUSAL_REHEARSAL,False
DEMO-R0194-fx-fx,DEMO-R0194,DEMO-TEAM-14,Cross-border FX,consumer,1,0.5,0,0,0,0.0,False,SYNTHETIC_CAUSAL_REHEARSAL,False
DEMO-R0194-trade-finance,DEMO-R0194,DEMO-TEAM-14,Trade finance,consumer,1,0.5,0,0,0,0.0,False,SYNTHETIC_CAUSAL_REHEARSAL,False
DEMO-R0195-collections,DEMO-R0195,DEMO-TEAM-15,Collections,insurance,0,0.5,0,0,0,0.0,False,SYNTHETIC_CAUSAL_REHEARSAL,False
DEMO-R0195-payments,DEMO-R0195,DEMO-TEAM-15,Payments,insurance,0,0.5,0,1,0,0.0,False,SYNTHETIC_CAUSAL_REHEARSAL,False
DEMO-R0195-liquidity,DEMO-R0195,DEMO-TEAM-15,Liquidity,insurance,0,0.5,0,1,1,7511939.62,False,SYNTHETIC_CAUSAL_REHEARSAL,False
DEMO-R0195-fx-fx,DEMO-R0195,DEMO-TEAM-15,Cross-border FX,insurance,0,0.5,0,0,0,0.0,False,SYNTHETIC_CAUSAL_REHEARSAL,False
DEMO-R0195-trade-finance,DEMO-R0195,DEMO-TEAM-15,Trade finance,insurance,0,0.5,0,0,0,0.0,False,SYNTHETIC_CAUSAL_REHEARSAL,False
DEMO-R0196-collections,DEMO-R0196,DEMO-TEAM-16,Collections,mining,0,0.5,0,1,1,10905.09,False,SYNTHETIC_CAUSAL_REHEARSAL,False
DEMO-R0196-payments,DEMO-R0196,DEMO-TEAM-16,Payments,mining,0,0.5,0,0,0,0.0,False,SYNTHETIC_CAUSAL_REHEARSAL,False
DEMO-R0196-liquidity,DEMO-R0196,DEMO-TEAM-16,Liquidity,mining,0,0.5,0,0,0,0.0,False,SYNTHETIC_CAUSAL_REHEARSAL,False
DEMO-R0196-fx-fx,DEMO-R0196,DEMO-TEAM-16,Cross-border FX,mining,0,0.5,1,1,0,0.0,False,SYNTHETIC_CAUSAL_REHEARSAL,False
DEMO-R0196-trade-finance,DEMO-R0196,DEMO-TEAM-16,Trade finance,mining,0,0.5,0,0,0,0.0,False,SYNTHETIC_CAUSAL_REHEARSAL,False
DEMO-R0197-collections,DEMO-R0197,DEMO-TEAM-17,Collections,insurance,1,0.5,1,0,0,0.0,False,SYNTHETIC_CAUSAL_REHEARSAL,False
DEMO-R0197-payments,DEMO-R0197,DEMO-TEAM-17,Payments,insurance,1,0.5,0,0,0,0.0,False,SYNTHETIC_CAUSAL_REHEARSAL,False
DEMO-R0197-liquidity,DEMO-R0197,DEMO-TEAM-17,Liquidity,insurance,1,0.5,0,0,1,32468.01,False,SYNTHETIC_CAUSAL_REHEARSAL,False
DEMO-R0197-fx-fx,DEMO-R0197,DEMO-TEAM-17,Cross-border FX,insurance,1,0.5,0,0,0,0.0,False,SYNTHETIC_CAUSAL_REHEARSAL,False
DEMO-R0197-trade-finance,DEMO-R0197,DEMO-TEAM-17,Trade finance,insurance,1,0.5,0,0,0,0.0,False,SYNTHETIC_CAUSAL_REHEARSAL,False
DEMO-R0198-collections,DEMO-R0198,DEMO-TEAM-18,Collections,mining,1,0.5,1,1,1,14895.38,False,SYNTHETIC_CAUSAL_REHEARSAL,False
DEMO-R0198-payments,DEMO-R0198,DEMO-TEAM-18,Payments,mining,1,0.5,1,0,0,0.0,False,SYNTHETIC_CAUSAL_REHEARSAL,False
DEMO-R0198-liquidity,DEMO-R0198,DEMO-TEAM-18,Liquidity,mining,1,0.5,1,1,0,0.0,False,SYNTHETIC_CAUSAL_REHEARSAL,False
DEMO-R0198-fx-fx,DEMO-R0198,DEMO-TEAM-18,Cross-border FX,mining,1,0.5,0,0,0,0.0,False,SYNTHETIC_CAUSAL_REHEARSAL,False
DEMO-R0198-trade-finance,DEMO-R0198,DEMO-TEAM-18,Trade finance,mining,1,0.5,0,0,0,0.0,False,SYNTHETIC_CAUSAL_REHEARSAL,False
DEMO-R0199-collections,DEMO-R0199,DEMO-TEAM-19,Collections,insurance,1,0.5,1,1,1,0.0,False,SYNTHETIC_CAUSAL_REHEARSAL,False
DEMO-R0199-payments,DEMO-R0199,DEMO-TEAM-19,Payments,insurance,1,0.5,1,1,0,0.0,False,SYNTHETIC_CAUSAL_REHEARSAL,False
DEMO-R0199-liquidity,DEMO-R0199,DEMO-TEAM-19,Liquidity,insurance,1,0.5,0,0,0,0.0,False,SYNTHETIC_CAUSAL_REHEARSAL,False
DEMO-R0199-fx-fx,DEMO-R0199,DEMO-TEAM-19,Cross-border FX,insurance,1,0.5,1,1,1,409180.85,False,SYNTHETIC_CAUSAL_REHEARSAL,False
DEMO-R0199-trade-finance,DEMO-R0199,DEMO-TEAM-19,Trade finance,insurance,1,0.5,0,0,0,0.0,False,SYNTHETIC_CAUSAL_REHEARSAL,False
DEMO-R0200-collections,DEMO-R0200,DEMO-TEAM-20,Collections,consumer,1,0.5,0,1,0,0.0,False,SYNTHETIC_CAUSAL_REHEARSAL,False
DEMO-R0200-payments,DEMO-R0200,DEMO-TEAM-20,Payments,consumer,1,0.5,0,0,0,0.0,False,SYNTHETIC_CAUSAL_REHEARSAL,False
DEMO-R0200-liquidity,DEMO-R0200,DEMO-TEAM-20,Liquidity,consumer,1,0.5,0,0,0,0.0,False,SYNTHETIC_CAUSAL_REHEARSAL,False
DEMO-R0200-fx-fx,DEMO-R0200,DEMO-TEAM-20,Cross-border FX,consumer,1,0.5,0,0,0,0.0,False,SYNTHETIC_CAUSAL_REHEARSAL,False
DEMO-R0200-trade-finance,DEMO-R0200,DEMO-TEAM-20,Trade finance,consumer,1,0.5,1,1,0,0.0,False,SYNTHETIC_CAUSAL_REHEARSAL,False
DEMO-R0201-collections,DEMO-R0201,DEMO-TEAM-21,Collections,telecoms,0,0.5,0,1,0,0.0,False,SYNTHETIC_CAUSAL_REHEARSAL,False
DEMO-R0201-payments,DEMO-R0201,DEMO-TEAM-21,Payments,telecoms,0,0.5,0,0,0,0.0,False,SYNTHETIC_CAUSAL_REHEARSAL,False
DEMO-R0201-liquidity,DEMO-R0201,DEMO-TEAM-21,Liquidity,telecoms,0,0.5,1,1,0,0.0,False,SYNTHETIC_CAUSAL_REHEARSAL,False
DEMO-R0201-fx-fx,DEMO-R0201,DEMO-TEAM-21,Cross-border FX,telecoms,0,0.5,0,0,0,0.0,False,SYNTHETIC_CAUSAL_REHEARSAL,False
DEMO-R0201-trade-finance,DEMO-R0201,DEMO-TEAM-21,Trade finance,telecoms,0,0.5,1,0,0,0.0,False,SYNTHETIC_CAUSAL_REHEARSAL,False
DEMO-R0202-collections,DEMO-R0202,DEMO-TEAM-22,Collections,telecoms,0,0.5,0,0,0,0.0,False,SYNTHETIC_CAUSAL_REHEARSAL,False
DEMO-R0202-payments,DEMO-R0202,DEMO-TEAM-22,Payments,telecoms,0,0.5,0,0,0,0.0,False,SYNTHETIC_CAUSAL_REHEARSAL,False
DEMO-R0202-liquidity,DEMO-R0202,DEMO-TEAM-22,Liquidity,telecoms,0,0.5,0,0,0,0.0,False,SYNTHETIC_CAUSAL_REHEARSAL,False
DEMO-R0202-fx-fx,DEMO-R0202,DEMO-TEAM-22,Cross-border FX,telecoms,0,0.5,0,0,0,0.0,False,SYNTHETIC_CAUSAL_REHEARSAL,False
DEMO-R0202-trade-finance,DEMO-R0202,DEMO-TEAM-22,Trade finance,telecoms,0,0.5,0,0,0,0.0,False,SYNTHETIC_CAUSAL_REHEARSAL,False
DEMO-R0203-collections,DEMO-R0203,DEMO-TEAM-23,Collections,consumer,1,0.5,1,1,0,0.0,False,SYNTHETIC_CAUSAL_REHEARSAL,False
DEMO-R0203-payments,DEMO-R0203,DEMO-TEAM-23,Payments,consumer,1,0.5,1,1,0,0.0,False,SYNTHETIC_CAUSAL_REHEARSAL,False
DEMO-R0203-liquidity,DEMO-R0203,DEMO-TEAM-23,Liquidity,consumer,1,0.5,0,1,0,0.0,False,SYNTHETIC_CAUSAL_REHEARSAL,False
DEMO-R0203-fx-fx,DEMO-R0203,DEMO-TEAM-23,Cross-border FX,consumer,1,0.5,0,0,0,0.0,False,SYNTHETIC_CAUSAL_REHEARSAL,False
DEMO-R0203-trade-finance,DEMO-R0203,DEMO-TEAM-23,Trade finance,consumer,1,0.5,1,0,0,0.0,False,SYNTHETIC_CAUSAL_REHEARSAL,False
DEMO-R0204-collections,DEMO-R0204,DEMO-TEAM-24,Collections,consumer,1,0.5,0,0,0,0.0,False,SYNTHETIC_CAUSAL_REHEARSAL,False
DEMO-R0204-payments,DEMO-R0204,DEMO-TEAM-24,Payments,consumer,1,0.5,0,0,0,0.0,False,SYNTHETIC_CAUSAL_REHEARSAL,False
DEMO-R0204-liquidity,DEMO-R0204,DEMO-TEAM-24,Liquidity,consumer,1,0.5,0,0,0,0.0,False,SYNTHETIC_CAUSAL_REHEARSAL,False
DEMO-R0204-fx-fx,DEMO-R0204,DEMO-TEAM-24,Cross-border FX,consumer,1,0.5,0,0,0,0.0,False,SYNTHETIC_CAUSAL_REHEARSAL,False
DEMO-R0204-trade-finance,DEMO-R0204,DEMO-TEAM-24,Trade finance,consumer,1,0.5,0,0,0,0.0,False,SYNTHETIC_CAUSAL_REHEARSAL,False
DEMO-R0205-collections,DEMO-R0205,DEMO-TEAM-25,Collections,real_estate,1,0.5,1,0,1,729.64,False,SYNTHETIC_CAUSAL_REHEARSAL,False
DEMO-R0205-payments,DEMO-R0205,DEMO-TEAM-25,Payments,real_estate,1,0.5,0,1,0,0.0,False,SYNTHETIC_CAUSAL_REHEARSAL,False
DEMO-R0205-liquidity,DEMO-R0205,DEMO-TEAM-25,Liquidity,real_estate,1,0.5,0,0,0,0.0,False,SYNTHETIC_CAUSAL_REHEARSAL,False
DEMO-R0205-fx-fx,DEMO-R0205,DEMO-TEAM-25,Cross-border FX,real_estate,1,0.5,0,0,0,0.0,False,SYNTHETIC_CAUSAL_REHEARSAL,False
DEMO-R0205-trade-finance,DEMO-R0205,DEMO-TEAM-25,Trade finance,real_estate,1,0.5,0,0,0,0.0,False,SYNTHETIC_CAUSAL_REHEARSAL,False
DEMO-R0206-collections,DEMO-R0206,DEMO-TEAM-26,Collections,mining,1,0.5,0,0,0,0.0,False,SYNTHETIC_CAUSAL_REHEARSAL,False
DEMO-R0206-payments,DEMO-R0206,DEMO-TEAM-26,Payments,mining,1,0.5,1,1,0,0.0,False,SYNTHETIC_CAUSAL_REHEARSAL,False
DEMO-R0206-liquidity,DEMO-R0206,DEMO-TEAM-26,Liquidity,mining,1,0.5,1,1,0,0.0,False,SYNTHETIC_CAUSAL_REHEARSAL,False
DEMO-R0206-fx-fx,DEMO-R0206,DEMO-TEAM-26,Cross-border FX,mining,1,0.5,1,0,0,0.0,False,SYNTHETIC_CAUSAL_REHEARSAL,False
DEMO-R0206-trade-finance,DEMO-R0206,DEMO-TEAM-26,Trade finance,mining,1,0.5,0,0,0,0.0,False,SYNTHETIC_CAUSAL_REHEARSAL,False
DEMO-R0207-collections,DEMO-R0207,DEMO-TEAM-27,Collections,tech,0,0.5,1,1,0,0.0,False,SYNTHETIC_CAUSAL_REHEARSAL,False
DEMO-R0207-payments,DEMO-R0207,DEMO-TEAM-27,Payments,tech,0,0.5,0,0,0,0.0,False,SYNTHETIC_CAUSAL_REHEARSAL,False
DEMO-R0207-liquidity,DEMO-R0207,DEMO-TEAM-27,Liquidity,tech,0,0.5,0,0,0,0.0,False,SYNTHETIC_CAUSAL_REHEARSAL,False
DEMO-R0207-fx-fx,DEMO-R0207,DEMO-TEAM-27,Cross-border FX,tech,0,0.5,1,1,1,10709744.17,False,SYNTHETIC_CAUSAL_REHEARSAL,False
DEMO-R0207-trade-finance,DEMO-R0207,DEMO-TEAM-27,Trade finance,tech,0,0.5,0,0,0,0.0,False,SYNTHETIC_CAUSAL_REHEARSAL,False
DEMO-R0208-collections,DEMO-R0208,DEMO-TEAM-28,Collections,telecoms,0,0.5,0,0,0,0.0,False,SYNTHETIC_CAUSAL_REHEARSAL,False
DEMO-R0208-payments,DEMO-R0208,DEMO-TEAM-28,Payments,telecoms,0,0.5,0,0,0,0.0,False,SYNTHETIC_CAUSAL_REHEARSAL,False
DEMO-R0208-liquidity,DEMO-R0208,DEMO-TEAM-28,Liquidity,telecoms,0,0.5,1,0,0,0.0,False,SYNTHETIC_CAUSAL_REHEARSAL,False
DEMO-R0208-fx-fx,DEMO-R0208,DEMO-TEAM-28,Cross-border FX,telecoms,0,0.5,0,0,0,0.0,False,SYNTHETIC_CAUSAL_REHEARSAL,False
DEMO-R0208-trade-finance,DEMO-R0208,DEMO-TEAM-28,Trade finance,telecoms,0,0.5,0,0,0,0.0,False,SYNTHETIC_CAUSAL_REHEARSAL,False
DEMO-R0209-collections,DEMO-R0209,DEMO-TEAM-29,Collections,telecoms,1,0.5,1,1,1,0.0,False,SYNTHETIC_CAUSAL_REHEARSAL,False
DEMO-R0209-payments,DEMO-R0209,DEMO-TEAM-29,Payments,telecoms,1,0.5,1,1,0,0.0,False,SYNTHETIC_CAUSAL_REHEARSAL,False
DEMO-R0209-liquidity,DEMO-R0209,DEMO-TEAM-29,Liquidity,telecoms,1,0.5,0,0,0,0.0,False,SYNTHETIC_CAUSAL_REHEARSAL,False
DEMO-R0209-fx-fx,DEMO-R0209,DEMO-TEAM-29,Cross-border FX,telecoms,1,0.5,0,0,0,0.0,False,SYNTHETIC_CAUSAL_REHEARSAL,False
DEMO-R0209-trade-finance,DEMO-R0209,DEMO-TEAM-29,Trade finance,telecoms,1,0.5,0,0,0,0.0,False,SYNTHETIC_CAUSAL_REHEARSAL,False
DEMO-R0210-collections,DEMO-R0210,DEMO-TEAM-30,Collections,consumer,0,0.5,1,0,0,0.0,False,SYNTHETIC_CAUSAL_REHEARSAL,False
DEMO-R0210-payments,DEMO-R0210,DEMO-TEAM-30,Payments,consumer,0,0.5,0,0,0,0.0,False,SYNTHETIC_CAUSAL_REHEARSAL,False
DEMO-R0210-liquidity,DEMO-R0210,DEMO-TEAM-30,Liquidity,consumer,0,0.5,0,0,0,0.0,False,SYNTHETIC_CAUSAL_REHEARSAL,False
DEMO-R0210-fx-fx,DEMO-R0210,DEMO-TEAM-30,Cross-border FX,consumer,0,0.5,0,0,0,0.0,False,SYNTHETIC_CAUSAL_REHEARSAL,False
DEMO-R0210-trade-finance,DEMO-R0210,DEMO-TEAM-30,Trade finance,consumer,0,0.5,0,0,0,0.0,False,SYNTHETIC_CAUSAL_REHEARSAL,False
DEMO-R0211-collections,DEMO-R0211,DEMO-TEAM-01,Collections,consumer,0,0.5,0,0,0,0.0,False,SYNTHETIC_CAUSAL_REHEARSAL,False
DEMO-R0211-payments,DEMO-R0211,DEMO-TEAM-01,Payments,consumer,0,0.5,0,0,0,0.0,False,SYNTHETIC_CAUSAL_REHEARSAL,False
DEMO-R0211-liquidity,DEMO-R0211,DEMO-TEAM-01,Liquidity,consumer,0,0.5,0,0,0,0.0,False,SYNTHETIC_CAUSAL_REHEARSAL,False
DEMO-R0211-fx-fx,DEMO-R0211,DEMO-TEAM-01,Cross-border FX,consumer,0,0.5,1,0,0,0.0,False,SYNTHETIC_CAUSAL_REHEARSAL,False
DEMO-R0211-trade-finance,DEMO-R0211,DEMO-TEAM-01,Trade finance,consumer,0,0.5,0,1,0,0.0,False,SYNTHETIC_CAUSAL_REHEARSAL,False
DEMO-R0212-collections,DEMO-R0212,DEMO-TEAM-02,Collections,tech,0,0.5,0,0,0,0.0,False,SYNTHETIC_CAUSAL_REHEARSAL,False
DEMO-R0212-payments,DEMO-R0212,DEMO-TEAM-02,Payments,tech,0,0.5,0,0,0,0.0,False,SYNTHETIC_CAUSAL_REHEARSAL,False
DEMO-R0212-liquidity,DEMO-R0212,DEMO-TEAM-02,Liquidity,tech,0,0.5,0,1,1,150145.52,False,SYNTHETIC_CAUSAL_REHEARSAL,False
DEMO-R0212-fx-fx,DEMO-R0212,DEMO-TEAM-02,Cross-border FX,tech,0,0.5,0,1,0,0.0,False,SYNTHETIC_CAUSAL_REHEARSAL,False
DEMO-R0212-trade-finance,DEMO-R0212,DEMO-TEAM-02,Trade finance,tech,0,0.5,0,0,0,0.0,False,SYNTHETIC_CAUSAL_REHEARSAL,False
DEMO-R0213-collections,DEMO-R0213,DEMO-TEAM-03,Collections,tech,0,0.5,0,0,0,0.0,False,SYNTHETIC_CAUSAL_REHEARSAL,False
DEMO-R0213-payments,DEMO-R0213,DEMO-TEAM-03,Payments,tech,0,0.5,0,0,0,0.0,False,SYNTHETIC_CAUSAL_REHEARSAL,False
DEMO-R0213-liquidity,DEMO-R0213,DEMO-TEAM-03,Liquidity,tech,0,0.5,1,1,0,0.0,False,SYNTHETIC_CAUSAL_REHEARSAL,False
DEMO-R0213-fx-fx,DEMO-R0213,DEMO-TEAM-03,Cross-border FX,tech,0,0.5,0,0,1,632334.97,False,SYNTHETIC_CAUSAL_REHEARSAL,False
DEMO-R0213-trade-finance,DEMO-R0213,DEMO-TEAM-03,Trade finance,tech,0,0.5,0,0,0,0.0,False,SYNTHETIC_CAUSAL_REHEARSAL,False
DEMO-R0214-collections,DEMO-R0214,DEMO-TEAM-04,Collections,real_estate,0,0.5,0,0,0,0.0,False,SYNTHETIC_CAUSAL_REHEARSAL,False
DEMO-R0214-payments,DEMO-R0214,DEMO-TEAM-04,Payments,real_estate,0,0.5,0,0,0,0.0,False,SYNTHETIC_CAUSAL_REHEARSAL,False
DEMO-R0214-liquidity,DEMO-R0214,DEMO-TEAM-04,Liquidity,real_estate,0,0.5,0,1,0,0.0,False,SYNTHETIC_CAUSAL_REHEARSAL,False
DEMO-R0214-fx-fx,DEMO-R0214,DEMO-TEAM-04,Cross-border FX,real_estate,0,0.5,0,1,1,100966.96,False,SYNTHETIC_CAUSAL_REHEARSAL,False
DEMO-R0214-trade-finance,DEMO-R0214,DEMO-TEAM-04,Trade finance,real_estate,0,0.5,0,0,0,0.0,False,SYNTHETIC_CAUSAL_REHEARSAL,False
DEMO-R0215-collections,DEMO-R0215,DEMO-TEAM-05,Collections,real_estate,1,0.5,0,0,0,0.0,False,SYNTHETIC_CAUSAL_REHEARSAL,False
DEMO-R0215-payments,DEMO-R0215,DEMO-TEAM-05,Payments,real_estate,1,0.5,1,1,0,0.0,False,SYNTHETIC_CAUSAL_REHEARSAL,False
DEMO-R0215-liquidity,DEMO-R0215,DEMO-TEAM-05,Liquidity,real_estate,1,0.5,0,0,0,0.0,False,SYNTHETIC_CAUSAL_REHEARSAL,False
DEMO-R0215-fx-fx,DEMO-R0215,DEMO-TEAM-05,Cross-border FX,real_estate,1,0.5,0,0,0,0.0,False,SYNTHETIC_CAUSAL_REHEARSAL,False
DEMO-R0215-trade-finance,DEMO-R0215,DEMO-TEAM-05,Trade finance,real_estate,1,0.5,1,0,0,0.0,False,SYNTHETIC_CAUSAL_REHEARSAL,False
DEMO-R0216-collections,DEMO-R0216,DEMO-TEAM-06,Collections,mining,0,0.5,1,1,1,1903366.19,False,SYNTHETIC_CAUSAL_REHEARSAL,False
DEMO-R0216-payments,DEMO-R0216,DEMO-TEAM-06,Payments,mining,0,0.5,0,0,0,0.0,False,SYNTHETIC_CAUSAL_REHEARSAL,False
DEMO-R0216-liquidity,DEMO-R0216,DEMO-TEAM-06,Liquidity,mining,0,0.5,1,0,0,0.0,False,SYNTHETIC_CAUSAL_REHEARSAL,False
DEMO-R0216-fx-fx,DEMO-R0216,DEMO-TEAM-06,Cross-border FX,mining,0,0.5,0,0,0,0.0,False,SYNTHETIC_CAUSAL_REHEARSAL,False
DEMO-R0216-trade-finance,DEMO-R0216,DEMO-TEAM-06,Trade finance,mining,0,0.5,1,1,0,0.0,False,SYNTHETIC_CAUSAL_REHEARSAL,False
DEMO-R0217-collections,DEMO-R0217,DEMO-TEAM-07,Collections,industrials_pharma,0,0.5,0,0,0,0.0,False,SYNTHETIC_CAUSAL_REHEARSAL,False
DEMO-R0217-payments,DEMO-R0217,DEMO-TEAM-07,Payments,industrials_pharma,0,0.5,0,0,0,0.0,False,SYNTHETIC_CAUSAL_REHEARSAL,False
DEMO-R0217-liquidity,DEMO-R0217,DEMO-TEAM-07,Liquidity,industrials_pharma,0,0.5,0,0,0,0.0,False,SYNTHETIC_CAUSAL_REHEARSAL,False
DEMO-R0217-fx-fx,DEMO-R0217,DEMO-TEAM-07,Cross-border FX,industrials_pharma,0,0.5,0,0,0,0.0,False,SYNTHETIC_CAUSAL_REHEARSAL,False
DEMO-R0217-trade-finance,DEMO-R0217,DEMO-TEAM-07,Trade finance,industrials_pharma,0,0.5,0,0,0,0.0,False,SYNTHETIC_CAUSAL_REHEARSAL,False
DEMO-R0218-collections,DEMO-R0218,DEMO-TEAM-08,Collections,industrials_pharma,1,0.5,0,0,0,0.0,False,SYNTHETIC_CAUSAL_REHEARSAL,False
DEMO-R0218-payments,DEMO-R0218,DEMO-TEAM-08,Payments,industrials_pharma,1,0.5,1,1,1,28082.19,False,SYNTHETIC_CAUSAL_REHEARSAL,False
DEMO-R0218-liquidity,DEMO-R0218,DEMO-TEAM-08,Liquidity,industrials_pharma,1,0.5,0,0,0,0.0,False,SYNTHETIC_CAUSAL_REHEARSAL,False
DEMO-R0218-fx-fx,DEMO-R0218,DEMO-TEAM-08,Cross-border FX,industrials_pharma,1,0.5,0,0,0,0.0,False,SYNTHETIC_CAUSAL_REHEARSAL,False
DEMO-R0218-trade-finance,DEMO-R0218,DEMO-TEAM-08,Trade finance,industrials_pharma,1,0.5,0,0,0,0.0,False,SYNTHETIC_CAUSAL_REHEARSAL,False
DEMO-R0219-collections,DEMO-R0219,DEMO-TEAM-09,Collections,real_estate,0,0.5,0,0,0,0.0,False,SYNTHETIC_CAUSAL_REHEARSAL,False
DEMO-R0219-payments,DEMO-R0219,DEMO-TEAM-09,Payments,real_estate,0,0.5,0,0,0,0.0,False,SYNTHETIC_CAUSAL_REHEARSAL,False
DEMO-R0219-liquidity,DEMO-R0219,DEMO-TEAM-09,Liquidity,real_estate,0,0.5,0,0,0,0.0,False,SYNTHETIC_CAUSAL_REHEARSAL,False
DEMO-R0219-fx-fx,DEMO-R0219,DEMO-TEAM-09,Cross-border FX,real_estate,0,0.5,1,0,0,0.0,False,SYNTHETIC_CAUSAL_REHEARSAL,False
DEMO-R0219-trade-finance,DEMO-R0219,DEMO-TEAM-09,Trade finance,real_estate,0,0.5,0,0,0,0.0,False,SYNTHETIC_CAUSAL_REHEARSAL,False
DEMO-R0220-collections,DEMO-R0220,DEMO-TEAM-10,Collections,consumer,0,0.5,0,0,0,0.0,False,SYNTHETIC_CAUSAL_REHEARSAL,False
DEMO-R0220-payments,DEMO-R0220,DEMO-TEAM-10,Payments,consumer,0,0.5,0,0,0,0.0,False,SYNTHETIC_CAUSAL_REHEARSAL,False
DEMO-R0220-liquidity,DEMO-R0220,DEMO-TEAM-10,Liquidity,consumer,0,0.5,0,0,0,0.0,False,SYNTHETIC_CAUSAL_REHEARSAL,False
DEMO-R0220-fx-fx,DEMO-R0220,DEMO-TEAM-10,Cross-border FX,consumer,0,0.5,0,0,0,0.0,False,SYNTHETIC_CAUSAL_REHEARSAL,False
DEMO-R0220-trade-finance,DEMO-R0220,DEMO-TEAM-10,Trade finance,consumer,0,0.5,0,0,0,0.0,False,SYNTHETIC_CAUSAL_REHEARSAL,False
DEMO-R0221-collections,DEMO-R0221,DEMO-TEAM-11,Collections,mining,0,0.5,0,0,0,0.0,False,SYNTHETIC_CAUSAL_REHEARSAL,False
DEMO-R0221-payments,DEMO-R0221,DEMO-TEAM-11,Payments,mining,0,0.5,0,0,1,78.14,False,SYNTHETIC_CAUSAL_REHEARSAL,False
DEMO-R0221-liquidity,DEMO-R0221,DEMO-TEAM-11,Liquidity,mining,0,0.5,0,0,0,0.0,False,SYNTHETIC_CAUSAL_REHEARSAL,False
DEMO-R0221-fx-fx,DEMO-R0221,DEMO-TEAM-11,Cross-border FX,mining,0,0.5,0,1,0,0.0,False,SYNTHETIC_CAUSAL_REHEARSAL,False
DEMO-R0221-trade-finance,DEMO-R0221,DEMO-TEAM-11,Trade finance,mining,0,0.5,0,0,0,0.0,False,SYNTHETIC_CAUSAL_REHEARSAL,False
DEMO-R0222-collections,DEMO-R0222,DEMO-TEAM-12,Collections,mining,1,0.5,0,0,0,0.0,False,SYNTHETIC_CAUSAL_REHEARSAL,False
DEMO-R0222-payments,DEMO-R0222,DEMO-TEAM-12,Payments,mining,1,0.5,1,1,0,0.0,False,SYNTHETIC_CAUSAL_REHEARSAL,False
DEMO-R0222-liquidity,DEMO-R0222,DEMO-TEAM-12,Liquidity,mining,1,0.5,0,0,0,0.0,False,SYNTHETIC_CAUSAL_REHEARSAL,False
DEMO-R0222-fx-fx,DEMO-R0222,DEMO-TEAM-12,Cross-border FX,mining,1,0.5,0,0,0,0.0,False,SYNTHETIC_CAUSAL_REHEARSAL,False
DEMO-R0222-trade-finance,DEMO-R0222,DEMO-TEAM-12,Trade finance,mining,1,0.5,1,1,0,0.0,False,SYNTHETIC_CAUSAL_REHEARSAL,False
DEMO-R0223-collections,DEMO-R0223,DEMO-TEAM-13,Collections,telecoms,0,0.5,0,1,0,0.0,False,SYNTHETIC_CAUSAL_REHEARSAL,False
DEMO-R0223-payments,DEMO-R0223,DEMO-TEAM-13,Payments,telecoms,0,0.5,0,0,0,0.0,False,SYNTHETIC_CAUSAL_REHEARSAL,False
DEMO-R0223-liquidity,DEMO-R0223,DEMO-TEAM-13,Liquidity,telecoms,0,0.5,0,1,0,0.0,False,SYNTHETIC_CAUSAL_REHEARSAL,False
DEMO-R0223-fx-fx,DEMO-R0223,DEMO-TEAM-13,Cross-border FX,telecoms,0,0.5,1,1,0,0.0,False,SYNTHETIC_CAUSAL_REHEARSAL,False
DEMO-R0223-trade-finance,DEMO-R0223,DEMO-TEAM-13,Trade finance,telecoms,0,0.5,0,0,0,0.0,False,SYNTHETIC_CAUSAL_REHEARSAL,False
DEMO-R0224-collections,DEMO-R0224,DEMO-TEAM-14,Collections,real_estate,1,0.5,1,1,0,0.0,False,SYNTHETIC_CAUSAL_REHEARSAL,False
DEMO-R0224-payments,DEMO-R0224,DEMO-TEAM-14,Payments,real_estate,1,0.5,1,0,1,4631.82,False,SYNTHETIC_CAUSAL_REHEARSAL,False
DEMO-R0224-liquidity,DEMO-R0224,DEMO-TEAM-14,Liquidity,real_estate,1,0.5,0,0,1,299.92,False,SYNTHETIC_CAUSAL_REHEARSAL,False
DEMO-R0224-fx-fx,DEMO-R0224,DEMO-TEAM-14,Cross-border FX,real_estate,1,0.5,0,1,0,0.0,False,SYNTHETIC_CAUSAL_REHEARSAL,False
DEMO-R0224-trade-finance,DEMO-R0224,DEMO-TEAM-14,Trade finance,real_estate,1,0.5,0,0,0,0.0,False,SYNTHETIC_CAUSAL_REHEARSAL,False
DEMO-R0225-collections,DEMO-R0225,DEMO-TEAM-15,Collections,real_estate,0,0.5,0,0,0,0.0,False,SYNTHETIC_CAUSAL_REHEARSAL,False
DEMO-R0225-payments,DEMO-R0225,DEMO-TEAM-15,Payments,real_estate,0,0.5,0,0,0,0.0,False,SYNTHETIC_CAUSAL_REHEARSAL,False
DEMO-R0225-liquidity,DEMO-R0225,DEMO-TEAM-15,Liquidity,real_estate,0,0.5,0,0,0,0.0,False,SYNTHETIC_CAUSAL_REHEARSAL,False
DEMO-R0225-fx-fx,DEMO-R0225,DEMO-TEAM-15,Cross-border FX,real_estate,0,0.5,0,0,0,0.0,False,SYNTHETIC_CAUSAL_REHEARSAL,False
DEMO-R0225-trade-finance,DEMO-R0225,DEMO-TEAM-15,Trade finance,real_estate,0,0.5,0,0,0,0.0,False,SYNTHETIC_CAUSAL_REHEARSAL,False
DEMO-R0226-collections,DEMO-R0226,DEMO-TEAM-16,Collections,tech,0,0.5,0,0,0,0.0,False,SYNTHETIC_CAUSAL_REHEARSAL,False
DEMO-R0226-payments,DEMO-R0226,DEMO-TEAM-16,Payments,tech,0,0.5,1,1,0,0.0,False,SYNTHETIC_CAUSAL_REHEARSAL,False
DEMO-R0226-liquidity,DEMO-R0226,DEMO-TEAM-16,Liquidity,tech,0,0.5,1,0,0,0.0,False,SYNTHETIC_CAUSAL_REHEARSAL,False
DEMO-R0226-fx-fx,DEMO-R0226,DEMO-TEAM-16,Cross-border FX,tech,0,0.5,1,1,0,0.0,False,SYNTHETIC_CAUSAL_REHEARSAL,False
DEMO-R0226-trade-finance,DEMO-R0226,DEMO-TEAM-16,Trade finance,tech,0,0.5,0,0,0,0.0,False,SYNTHETIC_CAUSAL_REHEARSAL,False
DEMO-R0227-collections,DEMO-R0227,DEMO-TEAM-17,Collections,mining,1,0.5,0,0,0,0.0,False,SYNTHETIC_CAUSAL_REHEARSAL,False
DEMO-R0227-payments,DEMO-R0227,DEMO-TEAM-17,Payments,mining,1,0.5,0,0,0,0.0,False,SYNTHETIC_CAUSAL_REHEARSAL,False
DEMO-R0227-liquidity,DEMO-R0227,DEMO-TEAM-17,Liquidity,mining,1,0.5,0,0,0,0.0,False,SYNTHETIC_CAUSAL_REHEARSAL,False
DEMO-R0227-fx-fx,DEMO-R0227,DEMO-TEAM-17,Cross-border FX,mining,1,0.5,1,0,0,0.0,False,SYNTHETIC_CAUSAL_REHEARSAL,False
DEMO-R0227-trade-finance,DEMO-R0227,DEMO-TEAM-17,Trade finance,mining,1,0.5,0,1,1,2970712.3,False,SYNTHETIC_CAUSAL_REHEARSAL,False
DEMO-R0228-collections,DEMO-R0228,DEMO-TEAM-18,Collections,mining,1,0.5,0,0,0,0.0,False,SYNTHETIC_CAUSAL_REHEARSAL,False
DEMO-R0228-payments,DEMO-R0228,DEMO-TEAM-18,Payments,mining,1,0.5,0,0,0,0.0,False,SYNTHETIC_CAUSAL_REHEARSAL,False
DEMO-R0228-liquidity,DEMO-R0228,DEMO-TEAM-18,Liquidity,mining,1,0.5,1,0,0,0.0,False,SYNTHETIC_CAUSAL_REHEARSAL,False
DEMO-R0228-fx-fx,DEMO-R0228,DEMO-TEAM-18,Cross-border FX,mining,1,0.5,0,0,0,0.0,False,SYNTHETIC_CAUSAL_REHEARSAL,False
DEMO-R0228-trade-finance,DEMO-R0228,DEMO-TEAM-18,Trade finance,mining,1,0.5,1,1,1,121330.35,False,SYNTHETIC_CAUSAL_REHEARSAL,False
DEMO-R0229-collections,DEMO-R0229,DEMO-TEAM-19,Collections,mining,1,0.5,0,0,0,0.0,False,SYNTHETIC_CAUSAL_REHEARSAL,False
DEMO-R0229-payments,DEMO-R0229,DEMO-TEAM-19,Payments,mining,1,0.5,1,0,0,0.0,False,SYNTHETIC_CAUSAL_REHEARSAL,False
DEMO-R0229-liquidity,DEMO-R0229,DEMO-TEAM-19,Liquidity,mining,1,0.5,1,0,0,0.0,False,SYNTHETIC_CAUSAL_REHEARSAL,False
DEMO-R0229-fx-fx,DEMO-R0229,DEMO-TEAM-19,Cross-border FX,mining,1,0.5,0,0,0,0.0,False,SYNTHETIC_CAUSAL_REHEARSAL,False
DEMO-R0229-trade-finance,DEMO-R0229,DEMO-TEAM-19,Trade finance,mining,1,0.5,0,0,0,0.0,False,SYNTHETIC_CAUSAL_REHEARSAL,False
DEMO-R0230-collections,DEMO-R0230,DEMO-TEAM-20,Collections,insurance,1,0.5,1,1,0,0.0,False,SYNTHETIC_CAUSAL_REHEARSAL,False
DEMO-R0230-payments,DEMO-R0230,DEMO-TEAM-20,Payments,insurance,1,0.5,0,0,0,0.0,False,SYNTHETIC_CAUSAL_REHEARSAL,False
DEMO-R0230-liquidity,DEMO-R0230,DEMO-TEAM-20,Liquidity,insurance,1,0.5,0,0,0,0.0,False,SYNTHETIC_CAUSAL_REHEARSAL,False
DEMO-R0230-fx-fx,DEMO-R0230,DEMO-TEAM-20,Cross-border FX,insurance,1,0.5,1,0,0,0.0,False,SYNTHETIC_CAUSAL_REHEARSAL,False
DEMO-R0230-trade-finance,DEMO-R0230,DEMO-TEAM-20,Trade finance,insurance,1,0.5,0,0,1,13993.76,False,SYNTHETIC_CAUSAL_REHEARSAL,False
DEMO-R0231-collections,DEMO-R0231,DEMO-TEAM-21,Collections,consumer,0,0.5,1,1,1,669265.31,False,SYNTHETIC_CAUSAL_REHEARSAL,False
DEMO-R0231-payments,DEMO-R0231,DEMO-TEAM-21,Payments,consumer,0,0.5,0,0,1,1099238.59,False,SYNTHETIC_CAUSAL_REHEARSAL,False
DEMO-R0231-liquidity,DEMO-R0231,DEMO-TEAM-21,Liquidity,consumer,0,0.5,0,0,0,0.0,False,SYNTHETIC_CAUSAL_REHEARSAL,False
DEMO-R0231-fx-fx,DEMO-R0231,DEMO-TEAM-21,Cross-border FX,consumer,0,0.5,0,0,0,0.0,False,SYNTHETIC_CAUSAL_REHEARSAL,False
DEMO-R0231-trade-finance,DEMO-R0231,DEMO-TEAM-21,Trade finance,consumer,0,0.5,1,0,0,0.0,False,SYNTHETIC_CAUSAL_REHEARSAL,False
DEMO-R0232-collections,DEMO-R0232,DEMO-TEAM-22,Collections,consumer,0,0.5,0,1,0,0.0,False,SYNTHETIC_CAUSAL_REHEARSAL,False
DEMO-R0232-payments,DEMO-R0232,DEMO-TEAM-22,Payments,consumer,0,0.5,0,0,0,0.0,False,SYNTHETIC_CAUSAL_REHEARSAL,False
DEMO-R0232-liquidity,DEMO-R0232,DEMO-TEAM-22,Liquidity,consumer,0,0.5,0,0,0,0.0,False,SYNTHETIC_CAUSAL_REHEARSAL,False
DEMO-R0232-fx-fx,DEMO-R0232,DEMO-TEAM-22,Cross-border FX,consumer,0,0.5,0,0,0,0.0,False,SYNTHETIC_CAUSAL_REHEARSAL,False
DEMO-R0232-trade-finance,DEMO-R0232,DEMO-TEAM-22,Trade finance,consumer,0,0.5,0,0,0,0.0,False,SYNTHETIC_CAUSAL_REHEARSAL,False
DEMO-R0233-collections,DEMO-R0233,DEMO-TEAM-23,Collections,consumer,1,0.5,0,0,0,0.0,False,SYNTHETIC_CAUSAL_REHEARSAL,False
DEMO-R0233-payments,DEMO-R0233,DEMO-TEAM-23,Payments,consumer,1,0.5,0,0,1,0.0,False,SYNTHETIC_CAUSAL_REHEARSAL,False
DEMO-R0233-liquidity,DEMO-R0233,DEMO-TEAM-23,Liquidity,consumer,1,0.5,0,1,0,0.0,False,SYNTHETIC_CAUSAL_REHEARSAL,False
DEMO-R0233-fx-fx,DEMO-R0233,DEMO-TEAM-23,Cross-border FX,consumer,1,0.5,0,0,0,0.0,False,SYNTHETIC_CAUSAL_REHEARSAL,False
DEMO-R0233-trade-finance,DEMO-R0233,DEMO-TEAM-23,Trade finance,consumer,1,0.5,1,1,0,0.0,False,SYNTHETIC_CAUSAL_REHEARSAL,False
DEMO-R0234-collections,DEMO-R0234,DEMO-TEAM-24,Collections,mining,1,0.5,0,0,0,0.0,False,SYNTHETIC_CAUSAL_REHEARSAL,False
DEMO-R0234-payments,DEMO-R0234,DEMO-TEAM-24,Payments,mining,1,0.5,1,0,0,0.0,False,SYNTHETIC_CAUSAL_REHEARSAL,False
DEMO-R0234-liquidity,DEMO-R0234,DEMO-TEAM-24,Liquidity,mining,1,0.5,0,0,0,0.0,False,SYNTHETIC_CAUSAL_REHEARSAL,False
DEMO-R0234-fx-fx,DEMO-R0234,DEMO-TEAM-24,Cross-border FX,mining,1,0.5,0,0,0,0.0,False,SYNTHETIC_CAUSAL_REHEARSAL,False
DEMO-R0234-trade-finance,DEMO-R0234,DEMO-TEAM-24,Trade finance,mining,1,0.5,0,0,0,0.0,False,SYNTHETIC_CAUSAL_REHEARSAL,False
DEMO-R0235-collections,DEMO-R0235,DEMO-TEAM-25,Collections,consumer,1,0.5,0,1,0,0.0,False,SYNTHETIC_CAUSAL_REHEARSAL,False
DEMO-R0235-payments,DEMO-R0235,DEMO-TEAM-25,Payments,consumer,1,0.5,0,0,0,0.0,False,SYNTHETIC_CAUSAL_REHEARSAL,False
DEMO-R0235-liquidity,DEMO-R0235,DEMO-TEAM-25,Liquidity,consumer,1,0.5,0,0,0,0.0,False,SYNTHETIC_CAUSAL_REHEARSAL,False
DEMO-R0235-fx-fx,DEMO-R0235,DEMO-TEAM-25,Cross-border FX,consumer,1,0.5,0,0,0,0.0,False,SYNTHETIC_CAUSAL_REHEARSAL,False
DEMO-R0235-trade-finance,DEMO-R0235,DEMO-TEAM-25,Trade finance,consumer,1,0.5,1,0,0,0.0,False,SYNTHETIC_CAUSAL_REHEARSAL,False
DEMO-R0236-collections,DEMO-R0236,DEMO-TEAM-26,Collections,tech,1,0.5,0,0,0,0.0,False,SYNTHETIC_CAUSAL_REHEARSAL,False
DEMO-R0236-payments,DEMO-R0236,DEMO-TEAM-26,Payments,tech,1,0.5,1,1,0,0.0,False,SYNTHETIC_CAUSAL_REHEARSAL,False
DEMO-R0236-liquidity,DEMO-R0236,DEMO-TEAM-26,Liquidity,tech,1,0.5,0,0,0,0.0,False,SYNTHETIC_CAUSAL_REHEARSAL,False
DEMO-R0236-fx-fx,DEMO-R0236,DEMO-TEAM-26,Cross-border FX,tech,1,0.5,1,1,0,0.0,False,SYNTHETIC_CAUSAL_REHEARSAL,False
DEMO-R0236-trade-finance,DEMO-R0236,DEMO-TEAM-26,Trade finance,tech,1,0.5,0,0,0,0.0,False,SYNTHETIC_CAUSAL_REHEARSAL,False
DEMO-R0237-collections,DEMO-R0237,DEMO-TEAM-27,Collections,real_estate,0,0.5,0,1,1,120.53,False,SYNTHETIC_CAUSAL_REHEARSAL,False
DEMO-R0237-payments,DEMO-R0237,DEMO-TEAM-27,Payments,real_estate,0,0.5,0,0,0,0.0,False,SYNTHETIC_CAUSAL_REHEARSAL,False
DEMO-R0237-liquidity,DEMO-R0237,DEMO-TEAM-27,Liquidity,real_estate,0,0.5,0,0,0,0.0,False,SYNTHETIC_CAUSAL_REHEARSAL,False
DEMO-R0237-fx-fx,DEMO-R0237,DEMO-TEAM-27,Cross-border FX,real_estate,0,0.5,0,0,0,0.0,False,SYNTHETIC_CAUSAL_REHEARSAL,False
DEMO-R0237-trade-finance,DEMO-R0237,DEMO-TEAM-27,Trade finance,real_estate,0,0.5,1,0,0,0.0,False,SYNTHETIC_CAUSAL_REHEARSAL,False
DEMO-R0238-collections,DEMO-R0238,DEMO-TEAM-28,Collections,mining,0,0.5,0,0,0,0.0,False,SYNTHETIC_CAUSAL_REHEARSAL,False
DEMO-R0238-payments,DEMO-R0238,DEMO-TEAM-28,Payments,mining,0,0.5,0,0,0,0.0,False,SYNTHETIC_CAUSAL_REHEARSAL,False
DEMO-R0238-liquidity,DEMO-R0238,DEMO-TEAM-28,Liquidity,mining,0,0.5,0,0,0,0.0,False,SYNTHETIC_CAUSAL_REHEARSAL,False
DEMO-R0238-fx-fx,DEMO-R0238,DEMO-TEAM-28,Cross-border FX,mining,0,0.5,0,0,0,0.0,False,SYNTHETIC_CAUSAL_REHEARSAL,False
DEMO-R0238-trade-finance,DEMO-R0238,DEMO-TEAM-28,Trade finance,mining,0,0.5,0,0,0,0.0,False,SYNTHETIC_CAUSAL_REHEARSAL,False
DEMO-R0239-collections,DEMO-R0239,DEMO-TEAM-29,Collections,mining,1,0.5,0,0,0,0.0,False,SYNTHETIC_CAUSAL_REHEARSAL,False
DEMO-R0239-payments,DEMO-R0239,DEMO-TEAM-29,Payments,mining,1,0.5,1,1,0,0.0,False,SYNTHETIC_CAUSAL_REHEARSAL,False
DEMO-R0239-liquidity,DEMO-R0239,DEMO-TEAM-29,Liquidity,mining,1,0.5,1,0,0,0.0,False,SYNTHETIC_CAUSAL_REHEARSAL,False
DEMO-R0239-fx-fx,DEMO-R0239,DEMO-TEAM-29,Cross-border FX,mining,1,0.5,0,0,0,0.0,False,SYNTHETIC_CAUSAL_REHEARSAL,False
DEMO-R0239-trade-finance,DEMO-R0239,DEMO-TEAM-29,Trade finance,mining,1,0.5,0,0,0,0.0,False,SYNTHETIC_CAUSAL_REHEARSAL,False
DEMO-R0240-collections,DEMO-R0240,DEMO-TEAM-30,Collections,consumer,0,0.5,0,0,0,0.0,False,SYNTHETIC_CAUSAL_REHEARSAL,False
DEMO-R0240-payments,DEMO-R0240,DEMO-TEAM-30,Payments,consumer,0,0.5,0,0,0,0.0,False,SYNTHETIC_CAUSAL_REHEARSAL,False
DEMO-R0240-liquidity,DEMO-R0240,DEMO-TEAM-30,Liquidity,consumer,0,0.5,1,1,0,0.0,False,SYNTHETIC_CAUSAL_REHEARSAL,False
DEMO-R0240-fx-fx,DEMO-R0240,DEMO-TEAM-30,Cross-border FX,consumer,0,0.5,0,1,0,0.0,False,SYNTHETIC_CAUSAL_REHEARSAL,False
DEMO-R0240-trade-finance,DEMO-R0240,DEMO-TEAM-30,Trade finance,consumer,0,0.5,0,0,0,0.0,False,SYNTHETIC_CAUSAL_REHEARSAL,False
DEMO-R0241-collections,DEMO-R0241,DEMO-TEAM-01,Collections,tech,0,0.5,0,0,0,0.0,False,SYNTHETIC_CAUSAL_REHEARSAL,False
DEMO-R0241-payments,DEMO-R0241,DEMO-TEAM-01,Payments,tech,0,0.5,0,0,0,0.0,False,SYNTHETIC_CAUSAL_REHEARSAL,False
DEMO-R0241-liquidity,DEMO-R0241,DEMO-TEAM-01,Liquidity,tech,0,0.5,0,1,0,0.0,False,SYNTHETIC_CAUSAL_REHEARSAL,False
DEMO-R0241-fx-fx,DEMO-R0241,DEMO-TEAM-01,Cross-border FX,tech,0,0.5,0,0,0,0.0,False,SYNTHETIC_CAUSAL_REHEARSAL,False
DEMO-R0241-trade-finance,DEMO-R0241,DEMO-TEAM-01,Trade finance,tech,0,0.5,0,0,0,0.0,False,SYNTHETIC_CAUSAL_REHEARSAL,False
DEMO-R0242-collections,DEMO-R0242,DEMO-TEAM-02,Collections,mining,0,0.5,0,0,0,0.0,False,SYNTHETIC_CAUSAL_REHEARSAL,False
DEMO-R0242-payments,DEMO-R0242,DEMO-TEAM-02,Payments,mining,0,0.5,0,0,0,0.0,False,SYNTHETIC_CAUSAL_REHEARSAL,False
DEMO-R0242-liquidity,DEMO-R0242,DEMO-TEAM-02,Liquidity,mining,0,0.5,0,1,1,118792.12,False,SYNTHETIC_CAUSAL_REHEARSAL,False
DEMO-R0242-fx-fx,DEMO-R0242,DEMO-TEAM-02,Cross-border FX,mining,0,0.5,1,0,0,0.0,False,SYNTHETIC_CAUSAL_REHEARSAL,False
DEMO-R0242-trade-finance,DEMO-R0242,DEMO-TEAM-02,Trade finance,mining,0,0.5,0,0,0,0.0,False,SYNTHETIC_CAUSAL_REHEARSAL,False
DEMO-R0243-collections,DEMO-R0243,DEMO-TEAM-03,Collections,consumer,0,0.5,1,1,0,0.0,False,SYNTHETIC_CAUSAL_REHEARSAL,False
DEMO-R0243-payments,DEMO-R0243,DEMO-TEAM-03,Payments,consumer,0,0.5,1,1,0,0.0,False,SYNTHETIC_CAUSAL_REHEARSAL,False
DEMO-R0243-liquidity,DEMO-R0243,DEMO-TEAM-03,Liquidity,consumer,0,0.5,0,0,0,0.0,False,SYNTHETIC_CAUSAL_REHEARSAL,False
DEMO-R0243-fx-fx,DEMO-R0243,DEMO-TEAM-03,Cross-border FX,consumer,0,0.5,0,0,0,0.0,False,SYNTHETIC_CAUSAL_REHEARSAL,False
DEMO-R0243-trade-finance,DEMO-R0243,DEMO-TEAM-03,Trade finance,consumer,0,0.5,1,0,0,0.0,False,SYNTHETIC_CAUSAL_REHEARSAL,False
DEMO-R0244-collections,DEMO-R0244,DEMO-TEAM-04,Collections,tech,0,0.5,0,0,0,0.0,False,SYNTHETIC_CAUSAL_REHEARSAL,False
DEMO-R0244-payments,DEMO-R0244,DEMO-TEAM-04,Payments,tech,0,0.5,1,1,1,0.0,False,SYNTHETIC_CAUSAL_REHEARSAL,False
DEMO-R0244-liquidity,DEMO-R0244,DEMO-TEAM-04,Liquidity,tech,0,0.5,0,0,0,0.0,False,SYNTHETIC_CAUSAL_REHEARSAL,False
DEMO-R0244-fx-fx,DEMO-R0244,DEMO-TEAM-04,Cross-border FX,tech,0,0.5,1,0,0,0.0,False,SYNTHETIC_CAUSAL_REHEARSAL,False
DEMO-R0244-trade-finance,DEMO-R0244,DEMO-TEAM-04,Trade finance,tech,0,0.5,0,1,0,0.0,False,SYNTHETIC_CAUSAL_REHEARSAL,False
DEMO-R0245-collections,DEMO-R0245,DEMO-TEAM-05,Collections,mining,1,0.5,0,0,0,0.0,False,SYNTHETIC_CAUSAL_REHEARSAL,False
DEMO-R0245-payments,DEMO-R0245,DEMO-TEAM-05,Payments,mining,1,0.5,1,0,0,0.0,False,SYNTHETIC_CAUSAL_REHEARSAL,False
DEMO-R0245-liquidity,DEMO-R0245,DEMO-TEAM-05,Liquidity,mining,1,0.5,1,1,1,0.0,False,SYNTHETIC_CAUSAL_REHEARSAL,False
DEMO-R0245-fx-fx,DEMO-R0245,DEMO-TEAM-05,Cross-border FX,mining,1,0.5,1,0,0,0.0,False,SYNTHETIC_CAUSAL_REHEARSAL,False
DEMO-R0245-trade-finance,DEMO-R0245,DEMO-TEAM-05,Trade finance,mining,1,0.5,1,0,0,0.0,False,SYNTHETIC_CAUSAL_REHEARSAL,False
DEMO-R0246-collections,DEMO-R0246,DEMO-TEAM-06,Collections,mining,0,0.5,0,1,1,0.0,False,SYNTHETIC_CAUSAL_REHEARSAL,False
DEMO-R0246-payments,DEMO-R0246,DEMO-TEAM-06,Payments,mining,0,0.5,0,0,0,0.0,False,SYNTHETIC_CAUSAL_REHEARSAL,False
DEMO-R0246-liquidity,DEMO-R0246,DEMO-TEAM-06,Liquidity,mining,0,0.5,0,0,0,0.0,False,SYNTHETIC_CAUSAL_REHEARSAL,False
DEMO-R0246-fx-fx,DEMO-R0246,DEMO-TEAM-06,Cross-border FX,mining,0,0.5,0,0,0,0.0,False,SYNTHETIC_CAUSAL_REHEARSAL,False
DEMO-R0246-trade-finance,DEMO-R0246,DEMO-TEAM-06,Trade finance,mining,0,0.5,0,0,0,0.0,False,SYNTHETIC_CAUSAL_REHEARSAL,False
DEMO-R0247-collections,DEMO-R0247,DEMO-TEAM-07,Collections,tech,0,0.5,0,0,0,0.0,False,SYNTHETIC_CAUSAL_REHEARSAL,False
DEMO-R0247-payments,DEMO-R0247,DEMO-TEAM-07,Payments,tech,0,0.5,0,0,0,0.0,False,SYNTHETIC_CAUSAL_REHEARSAL,False
DEMO-R0247-liquidity,DEMO-R0247,DEMO-TEAM-07,Liquidity,tech,0,0.5,0,0,0,0.0,False,SYNTHETIC_CAUSAL_REHEARSAL,False
DEMO-R0247-fx-fx,DEMO-R0247,DEMO-TEAM-07,Cross-border FX,tech,0,0.5,0,0,0,0.0,False,SYNTHETIC_CAUSAL_REHEARSAL,False
DEMO-R0247-trade-finance,DEMO-R0247,DEMO-TEAM-07,Trade finance,tech,0,0.5,0,0,0,0.0,False,SYNTHETIC_CAUSAL_REHEARSAL,False
DEMO-R0248-collections,DEMO-R0248,DEMO-TEAM-08,Collections,mining,1,0.5,0,0,0,0.0,False,SYNTHETIC_CAUSAL_REHEARSAL,False
DEMO-R0248-payments,DEMO-R0248,DEMO-TEAM-08,Payments,mining,1,0.5,0,0,0,0.0,False,SYNTHETIC_CAUSAL_REHEARSAL,False
DEMO-R0248-liquidity,DEMO-R0248,DEMO-TEAM-08,Liquidity,mining,1,0.5,0,0,0,0.0,False,SYNTHETIC_CAUSAL_REHEARSAL,False
DEMO-R0248-fx-fx,DEMO-R0248,DEMO-TEAM-08,Cross-border FX,mining,1,0.5,0,0,0,0.0,False,SYNTHETIC_CAUSAL_REHEARSAL,False
DEMO-R0248-trade-finance,DEMO-R0248,DEMO-TEAM-08,Trade finance,mining,1,0.5,1,0,0,0.0,False,SYNTHETIC_CAUSAL_REHEARSAL,False
DEMO-R0249-collections,DEMO-R0249,DEMO-TEAM-09,Collections,mining,0,0.5,0,0,0,0.0,False,SYNTHETIC_CAUSAL_REHEARSAL,False
DEMO-R0249-payments,DEMO-R0249,DEMO-TEAM-09,Payments,mining,0,0.5,0,0,0,0.0,False,SYNTHETIC_CAUSAL_REHEARSAL,False
DEMO-R0249-liquidity,DEMO-R0249,DEMO-TEAM-09,Liquidity,mining,0,0.5,1,0,0,0.0,False,SYNTHETIC_CAUSAL_REHEARSAL,False
DEMO-R0249-fx-fx,DEMO-R0249,DEMO-TEAM-09,Cross-border FX,mining,0,0.5,1,0,0,0.0,False,SYNTHETIC_CAUSAL_REHEARSAL,False
DEMO-R0249-trade-finance,DEMO-R0249,DEMO-TEAM-09,Trade finance,mining,0,0.5,0,0,0,0.0,False,SYNTHETIC_CAUSAL_REHEARSAL,False
DEMO-R0250-collections,DEMO-R0250,DEMO-TEAM-10,Collections,mining,0,0.5,0,0,1,907222.69,False,SYNTHETIC_CAUSAL_REHEARSAL,False
DEMO-R0250-payments,DEMO-R0250,DEMO-TEAM-10,Payments,mining,0,0.5,0,0,0,0.0,False,SYNTHETIC_CAUSAL_REHEARSAL,False
DEMO-R0250-liquidity,DEMO-R0250,DEMO-TEAM-10,Liquidity,mining,0,0.5,0,0,0,0.0,False,SYNTHETIC_CAUSAL_REHEARSAL,False
DEMO-R0250-fx-fx,DEMO-R0250,DEMO-TEAM-10,Cross-border FX,mining,0,0.5,0,0,0,0.0,False,SYNTHETIC_CAUSAL_REHEARSAL,False
DEMO-R0250-trade-finance,DEMO-R0250,DEMO-TEAM-10,Trade finance,mining,0,0.5,0,0,0,0.0,False,SYNTHETIC_CAUSAL_REHEARSAL,False
DEMO-R0251-collections,DEMO-R0251,DEMO-TEAM-11,Collections,telecoms,0,0.5,1,1,1,0.0,False,SYNTHETIC_CAUSAL_REHEARSAL,False
DEMO-R0251-payments,DEMO-R0251,DEMO-TEAM-11,Payments,telecoms,0,0.5,0,0,0,0.0,False,SYNTHETIC_CAUSAL_REHEARSAL,False
DEMO-R0251-liquidity,DEMO-R0251,DEMO-TEAM-11,Liquidity,telecoms,0,0.5,0,0,0,0.0,False,SYNTHETIC_CAUSAL_REHEARSAL,False
DEMO-R0251-fx-fx,DEMO-R0251,DEMO-TEAM-11,Cross-border FX,telecoms,0,0.5,0,0,0,0.0,False,SYNTHETIC_CAUSAL_REHEARSAL,False
DEMO-R0251-trade-finance,DEMO-R0251,DEMO-TEAM-11,Trade finance,telecoms,0,0.5,1,1,0,0.0,False,SYNTHETIC_CAUSAL_REHEARSAL,False
DEMO-R0252-collections,DEMO-R0252,DEMO-TEAM-12,Collections,tech,1,0.5,0,0,0,0.0,False,SYNTHETIC_CAUSAL_REHEARSAL,False
DEMO-R0252-payments,DEMO-R0252,DEMO-TEAM-12,Payments,tech,1,0.5,0,0,0,0.0,False,SYNTHETIC_CAUSAL_REHEARSAL,False
DEMO-R0252-liquidity,DEMO-R0252,DEMO-TEAM-12,Liquidity,tech,1,0.5,0,0,0,0.0,False,SYNTHETIC_CAUSAL_REHEARSAL,False
DEMO-R0252-fx-fx,DEMO-R0252,DEMO-TEAM-12,Cross-border FX,tech,1,0.5,0,1,0,0.0,False,SYNTHETIC_CAUSAL_REHEARSAL,False
DEMO-R0252-trade-finance,DEMO-R0252,DEMO-TEAM-12,Trade finance,tech,1,0.5,0,0,0,0.0,False,SYNTHETIC_CAUSAL_REHEARSAL,False
DEMO-R0253-collections,DEMO-R0253,DEMO-TEAM-13,Collections,industrials_pharma,0,0.5,0,0,0,0.0,False,SYNTHETIC_CAUSAL_REHEARSAL,False
DEMO-R0253-payments,DEMO-R0253,DEMO-TEAM-13,Payments,industrials_pharma,0,0.5,0,0,0,0.0,False,SYNTHETIC_CAUSAL_REHEARSAL,False
DEMO-R0253-liquidity,DEMO-R0253,DEMO-TEAM-13,Liquidity,industrials_pharma,0,0.5,0,0,0,0.0,False,SYNTHETIC_CAUSAL_REHEARSAL,False
DEMO-R0253-fx-fx,DEMO-R0253,DEMO-TEAM-13,Cross-border FX,industrials_pharma,0,0.5,0,0,0,0.0,False,SYNTHETIC_CAUSAL_REHEARSAL,False
DEMO-R0253-trade-finance,DEMO-R0253,DEMO-TEAM-13,Trade finance,industrials_pharma,0,0.5,0,0,0,0.0,False,SYNTHETIC_CAUSAL_REHEARSAL,False
DEMO-R0254-collections,DEMO-R0254,DEMO-TEAM-14,Collections,real_estate,1,0.5,0,0,0,0.0,False,SYNTHETIC_CAUSAL_REHEARSAL,False
DEMO-R0254-payments,DEMO-R0254,DEMO-TEAM-14,Payments,real_estate,1,0.5,0,0,0,0.0,False,SYNTHETIC_CAUSAL_REHEARSAL,False
DEMO-R0254-liquidity,DEMO-R0254,DEMO-TEAM-14,Liquidity,real_estate,1,0.5,0,0,0,0.0,False,SYNTHETIC_CAUSAL_REHEARSAL,False
DEMO-R0254-fx-fx,DEMO-R0254,DEMO-TEAM-14,Cross-border FX,real_estate,1,0.5,0,0,1,65154.39,False,SYNTHETIC_CAUSAL_REHEARSAL,False
DEMO-R0254-trade-finance,DEMO-R0254,DEMO-TEAM-14,Trade finance,real_estate,1,0.5,1,1,0,0.0,False,SYNTHETIC_CAUSAL_REHEARSAL,False
DEMO-R0255-collections,DEMO-R0255,DEMO-TEAM-15,Collections,consumer,0,0.5,0,0,0,0.0,False,SYNTHETIC_CAUSAL_REHEARSAL,False
DEMO-R0255-payments,DEMO-R0255,DEMO-TEAM-15,Payments,consumer,0,0.5,0,0,0,0.0,False,SYNTHETIC_CAUSAL_REHEARSAL,False
DEMO-R0255-liquidity,DEMO-R0255,DEMO-TEAM-15,Liquidity,consumer,0,0.5,0,0,0,0.0,False,SYNTHETIC_CAUSAL_REHEARSAL,False
DEMO-R0255-fx-fx,DEMO-R0255,DEMO-TEAM-15,Cross-border FX,consumer,0,0.5,0,0,0,0.0,False,SYNTHETIC_CAUSAL_REHEARSAL,False
DEMO-R0255-trade-finance,DEMO-R0255,DEMO-TEAM-15,Trade finance,consumer,0,0.5,0,0,0,0.0,False,SYNTHETIC_CAUSAL_REHEARSAL,False
DEMO-R0256-collections,DEMO-R0256,DEMO-TEAM-16,Collections,industrials_pharma,0,0.5,0,0,0,0.0,False,SYNTHETIC_CAUSAL_REHEARSAL,False
DEMO-R0256-payments,DEMO-R0256,DEMO-TEAM-16,Payments,industrials_pharma,0,0.5,1,0,0,0.0,False,SYNTHETIC_CAUSAL_REHEARSAL,False
DEMO-R0256-liquidity,DEMO-R0256,DEMO-TEAM-16,Liquidity,industrials_pharma,0,0.5,1,1,0,0.0,False,SYNTHETIC_CAUSAL_REHEARSAL,False
DEMO-R0256-fx-fx,DEMO-R0256,DEMO-TEAM-16,Cross-border FX,industrials_pharma,0,0.5,1,1,0,0.0,False,SYNTHETIC_CAUSAL_REHEARSAL,False
DEMO-R0256-trade-finance,DEMO-R0256,DEMO-TEAM-16,Trade finance,industrials_pharma,0,0.5,0,1,0,0.0,False,SYNTHETIC_CAUSAL_REHEARSAL,False
DEMO-R0257-collections,DEMO-R0257,DEMO-TEAM-17,Collections,real_estate,1,0.5,0,0,0,0.0,False,SYNTHETIC_CAUSAL_REHEARSAL,False
DEMO-R0257-payments,DEMO-R0257,DEMO-TEAM-17,Payments,real_estate,1,0.5,0,1,1,889.54,False,SYNTHETIC_CAUSAL_REHEARSAL,False
DEMO-R0257-liquidity,DEMO-R0257,DEMO-TEAM-17,Liquidity,real_estate,1,0.5,0,1,1,560.13,False,SYNTHETIC_CAUSAL_REHEARSAL,False
DEMO-R0257-fx-fx,DEMO-R0257,DEMO-TEAM-17,Cross-border FX,real_estate,1,0.5,0,0,0,0.0,False,SYNTHETIC_CAUSAL_REHEARSAL,False
DEMO-R0257-trade-finance,DEMO-R0257,DEMO-TEAM-17,Trade finance,real_estate,1,0.5,0,0,0,0.0,False,SYNTHETIC_CAUSAL_REHEARSAL,False
DEMO-R0258-collections,DEMO-R0258,DEMO-TEAM-18,Collections,real_estate,1,0.5,0,0,0,0.0,False,SYNTHETIC_CAUSAL_REHEARSAL,False
DEMO-R0258-payments,DEMO-R0258,DEMO-TEAM-18,Payments,real_estate,1,0.5,1,0,0,0.0,False,SYNTHETIC_CAUSAL_REHEARSAL,False
DEMO-R0258-liquidity,DEMO-R0258,DEMO-TEAM-18,Liquidity,real_estate,1,0.5,0,0,0,0.0,False,SYNTHETIC_CAUSAL_REHEARSAL,False
DEMO-R0258-fx-fx,DEMO-R0258,DEMO-TEAM-18,Cross-border FX,real_estate,1,0.5,1,1,0,0.0,False,SYNTHETIC_CAUSAL_REHEARSAL,False
DEMO-R0258-trade-finance,DEMO-R0258,DEMO-TEAM-18,Trade finance,real_estate,1,0.5,0,0,1,7299.71,False,SYNTHETIC_CAUSAL_REHEARSAL,False
DEMO-R0259-collections,DEMO-R0259,DEMO-TEAM-19,Collections,mining,1,0.5,1,1,1,0.0,False,SYNTHETIC_CAUSAL_REHEARSAL,False
DEMO-R0259-payments,DEMO-R0259,DEMO-TEAM-19,Payments,mining,1,0.5,0,0,0,0.0,False,SYNTHETIC_CAUSAL_REHEARSAL,False
DEMO-R0259-liquidity,DEMO-R0259,DEMO-TEAM-19,Liquidity,mining,1,0.5,0,0,0,0.0,False,SYNTHETIC_CAUSAL_REHEARSAL,False
DEMO-R0259-fx-fx,DEMO-R0259,DEMO-TEAM-19,Cross-border FX,mining,1,0.5,0,0,0,0.0,False,SYNTHETIC_CAUSAL_REHEARSAL,False
DEMO-R0259-trade-finance,DEMO-R0259,DEMO-TEAM-19,Trade finance,mining,1,0.5,1,0,0,0.0,False,SYNTHETIC_CAUSAL_REHEARSAL,False
DEMO-R0260-collections,DEMO-R0260,DEMO-TEAM-20,Collections,insurance,1,0.5,1,1,1,0.0,False,SYNTHETIC_CAUSAL_REHEARSAL,False
DEMO-R0260-payments,DEMO-R0260,DEMO-TEAM-20,Payments,insurance,1,0.5,1,0,1,0.0,False,SYNTHETIC_CAUSAL_REHEARSAL,False
DEMO-R0260-liquidity,DEMO-R0260,DEMO-TEAM-20,Liquidity,insurance,1,0.5,1,1,0,0.0,False,SYNTHETIC_CAUSAL_REHEARSAL,False
DEMO-R0260-fx-fx,DEMO-R0260,DEMO-TEAM-20,Cross-border FX,insurance,1,0.5,0,1,1,1151576.97,False,SYNTHETIC_CAUSAL_REHEARSAL,False
DEMO-R0260-trade-finance,DEMO-R0260,DEMO-TEAM-20,Trade finance,insurance,1,0.5,0,0,0,0.0,False,SYNTHETIC_CAUSAL_REHEARSAL,False
DEMO-R0261-collections,DEMO-R0261,DEMO-TEAM-21,Collections,mining,0,0.5,1,1,0,0.0,False,SYNTHETIC_CAUSAL_REHEARSAL,False
DEMO-R0261-payments,DEMO-R0261,DEMO-TEAM-21,Payments,mining,0,0.5,0,0,0,0.0,False,SYNTHETIC_CAUSAL_REHEARSAL,False
DEMO-R0261-liquidity,DEMO-R0261,DEMO-TEAM-21,Liquidity,mining,0,0.5,1,0,0,0.0,False,SYNTHETIC_CAUSAL_REHEARSAL,False
DEMO-R0261-fx-fx,DEMO-R0261,DEMO-TEAM-21,Cross-border FX,mining,0,0.5,0,0,0,0.0,False,SYNTHETIC_CAUSAL_REHEARSAL,False
DEMO-R0261-trade-finance,DEMO-R0261,DEMO-TEAM-21,Trade finance,mining,0,0.5,0,0,0,0.0,False,SYNTHETIC_CAUSAL_REHEARSAL,False
DEMO-R0262-collections,DEMO-R0262,DEMO-TEAM-22,Collections,tech,0,0.5,0,0,0,0.0,False,SYNTHETIC_CAUSAL_REHEARSAL,False
DEMO-R0262-payments,DEMO-R0262,DEMO-TEAM-22,Payments,tech,0,0.5,0,0,0,0.0,False,SYNTHETIC_CAUSAL_REHEARSAL,False
DEMO-R0262-liquidity,DEMO-R0262,DEMO-TEAM-22,Liquidity,tech,0,0.5,0,0,0,0.0,False,SYNTHETIC_CAUSAL_REHEARSAL,False
DEMO-R0262-fx-fx,DEMO-R0262,DEMO-TEAM-22,Cross-border FX,tech,0,0.5,0,1,1,206151.99,False,SYNTHETIC_CAUSAL_REHEARSAL,False
DEMO-R0262-trade-finance,DEMO-R0262,DEMO-TEAM-22,Trade finance,tech,0,0.5,0,1,0,0.0,False,SYNTHETIC_CAUSAL_REHEARSAL,False
DEMO-R0263-collections,DEMO-R0263,DEMO-TEAM-23,Collections,real_estate,1,0.5,0,0,0,0.0,False,SYNTHETIC_CAUSAL_REHEARSAL,False
DEMO-R0263-payments,DEMO-R0263,DEMO-TEAM-23,Payments,real_estate,1,0.5,0,0,0,0.0,False,SYNTHETIC_CAUSAL_REHEARSAL,False
DEMO-R0263-liquidity,DEMO-R0263,DEMO-TEAM-23,Liquidity,real_estate,1,0.5,0,0,0,0.0,False,SYNTHETIC_CAUSAL_REHEARSAL,False
DEMO-R0263-fx-fx,DEMO-R0263,DEMO-TEAM-23,Cross-border FX,real_estate,1,0.5,1,1,1,0.0,False,SYNTHETIC_CAUSAL_REHEARSAL,False
DEMO-R0263-trade-finance,DEMO-R0263,DEMO-TEAM-23,Trade finance,real_estate,1,0.5,0,0,0,0.0,False,SYNTHETIC_CAUSAL_REHEARSAL,False
DEMO-R0264-collections,DEMO-R0264,DEMO-TEAM-24,Collections,consumer,1,0.5,1,0,0,0.0,False,SYNTHETIC_CAUSAL_REHEARSAL,False
DEMO-R0264-payments,DEMO-R0264,DEMO-TEAM-24,Payments,consumer,1,0.5,0,0,0,0.0,False,SYNTHETIC_CAUSAL_REHEARSAL,False
DEMO-R0264-liquidity,DEMO-R0264,DEMO-TEAM-24,Liquidity,consumer,1,0.5,0,0,0,0.0,False,SYNTHETIC_CAUSAL_REHEARSAL,False
DEMO-R0264-fx-fx,DEMO-R0264,DEMO-TEAM-24,Cross-border FX,consumer,1,0.5,0,0,0,0.0,False,SYNTHETIC_CAUSAL_REHEARSAL,False
DEMO-R0264-trade-finance,DEMO-R0264,DEMO-TEAM-24,Trade finance,consumer,1,0.5,0,0,0,0.0,False,SYNTHETIC_CAUSAL_REHEARSAL,False
DEMO-R0265-collections,DEMO-R0265,DEMO-TEAM-25,Collections,mining,1,0.5,1,0,0,0.0,False,SYNTHETIC_CAUSAL_REHEARSAL,False
DEMO-R0265-payments,DEMO-R0265,DEMO-TEAM-25,Payments,mining,1,0.5,0,0,0,0.0,False,SYNTHETIC_CAUSAL_REHEARSAL,False
DEMO-R0265-liquidity,DEMO-R0265,DEMO-TEAM-25,Liquidity,mining,1,0.5,1,1,1,147761.71,False,SYNTHETIC_CAUSAL_REHEARSAL,False
DEMO-R0265-fx-fx,DEMO-R0265,DEMO-TEAM-25,Cross-border FX,mining,1,0.5,1,1,1,774915.91,False,SYNTHETIC_CAUSAL_REHEARSAL,False
DEMO-R0265-trade-finance,DEMO-R0265,DEMO-TEAM-25,Trade finance,mining,1,0.5,1,1,1,616190.71,False,SYNTHETIC_CAUSAL_REHEARSAL,False
DEMO-R0266-collections,DEMO-R0266,DEMO-TEAM-26,Collections,industrials_pharma,1,0.5,0,0,0,0.0,False,SYNTHETIC_CAUSAL_REHEARSAL,False
DEMO-R0266-payments,DEMO-R0266,DEMO-TEAM-26,Payments,industrials_pharma,1,0.5,1,1,1,0.0,False,SYNTHETIC_CAUSAL_REHEARSAL,False
DEMO-R0266-liquidity,DEMO-R0266,DEMO-TEAM-26,Liquidity,industrials_pharma,1,0.5,0,0,1,0.0,False,SYNTHETIC_CAUSAL_REHEARSAL,False
DEMO-R0266-fx-fx,DEMO-R0266,DEMO-TEAM-26,Cross-border FX,industrials_pharma,1,0.5,0,0,0,0.0,False,SYNTHETIC_CAUSAL_REHEARSAL,False
DEMO-R0266-trade-finance,DEMO-R0266,DEMO-TEAM-26,Trade finance,industrials_pharma,1,0.5,0,0,0,0.0,False,SYNTHETIC_CAUSAL_REHEARSAL,False
DEMO-R0267-collections,DEMO-R0267,DEMO-TEAM-27,Collections,industrials_pharma,0,0.5,0,0,0,0.0,False,SYNTHETIC_CAUSAL_REHEARSAL,False
DEMO-R0267-payments,DEMO-R0267,DEMO-TEAM-27,Payments,industrials_pharma,0,0.5,0,0,0,0.0,False,SYNTHETIC_CAUSAL_REHEARSAL,False
DEMO-R0267-liquidity,DEMO-R0267,DEMO-TEAM-27,Liquidity,industrials_pharma,0,0.5,0,0,0,0.0,False,SYNTHETIC_CAUSAL_REHEARSAL,False
DEMO-R0267-fx-fx,DEMO-R0267,DEMO-TEAM-27,Cross-border FX,industrials_pharma,0,0.5,0,0,0,0.0,False,SYNTHETIC_CAUSAL_REHEARSAL,False
DEMO-R0267-trade-finance,DEMO-R0267,DEMO-TEAM-27,Trade finance,industrials_pharma,0,0.5,0,0,0,0.0,False,SYNTHETIC_CAUSAL_REHEARSAL,False
DEMO-R0268-collections,DEMO-R0268,DEMO-TEAM-28,Collections,consumer,0,0.5,1,1,0,0.0,False,SYNTHETIC_CAUSAL_REHEARSAL,False
DEMO-R0268-payments,DEMO-R0268,DEMO-TEAM-28,Payments,consumer,0,0.5,1,0,0,0.0,False,SYNTHETIC_CAUSAL_REHEARSAL,False
DEMO-R0268-liquidity,DEMO-R0268,DEMO-TEAM-28,Liquidity,consumer,0,0.5,0,0,0,0.0,False,SYNTHETIC_CAUSAL_REHEARSAL,False
DEMO-R0268-fx-fx,DEMO-R0268,DEMO-TEAM-28,Cross-border FX,consumer,0,0.5,0,0,0,0.0,False,SYNTHETIC_CAUSAL_REHEARSAL,False
DEMO-R0268-trade-finance,DEMO-R0268,DEMO-TEAM-28,Trade finance,consumer,0,0.5,0,0,0,0.0,False,SYNTHETIC_CAUSAL_REHEARSAL,False
DEMO-R0269-collections,DEMO-R0269,DEMO-TEAM-29,Collections,mining,1,0.5,0,0,0,0.0,False,SYNTHETIC_CAUSAL_REHEARSAL,False
DEMO-R0269-payments,DEMO-R0269,DEMO-TEAM-29,Payments,mining,1,0.5,0,0,0,0.0,False,SYNTHETIC_CAUSAL_REHEARSAL,False
DEMO-R0269-liquidity,DEMO-R0269,DEMO-TEAM-29,Liquidity,mining,1,0.5,0,0,0,0.0,False,SYNTHETIC_CAUSAL_REHEARSAL,False
DEMO-R0269-fx-fx,DEMO-R0269,DEMO-TEAM-29,Cross-border FX,mining,1,0.5,0,0,0,0.0,False,SYNTHETIC_CAUSAL_REHEARSAL,False
DEMO-R0269-trade-finance,DEMO-R0269,DEMO-TEAM-29,Trade finance,mining,1,0.5,0,0,0,0.0,False,SYNTHETIC_CAUSAL_REHEARSAL,False
DEMO-R0270-collections,DEMO-R0270,DEMO-TEAM-30,Collections,mining,0,0.5,0,0,0,0.0,False,SYNTHETIC_CAUSAL_REHEARSAL,False
DEMO-R0270-payments,DEMO-R0270,DEMO-TEAM-30,Payments,mining,0,0.5,0,0,0,0.0,False,SYNTHETIC_CAUSAL_REHEARSAL,False
DEMO-R0270-liquidity,DEMO-R0270,DEMO-TEAM-30,Liquidity,mining,0,0.5,1,0,0,0.0,False,SYNTHETIC_CAUSAL_REHEARSAL,False
DEMO-R0270-fx-fx,DEMO-R0270,DEMO-TEAM-30,Cross-border FX,mining,0,0.5,0,0,0,0.0,False,SYNTHETIC_CAUSAL_REHEARSAL,False
DEMO-R0270-trade-finance,DEMO-R0270,DEMO-TEAM-30,Trade finance,mining,0,0.5,1,1,1,113552.94,False,SYNTHETIC_CAUSAL_REHEARSAL,False
DEMO-R0271-collections,DEMO-R0271,DEMO-TEAM-01,Collections,insurance,0,0.5,1,0,0,0.0,False,SYNTHETIC_CAUSAL_REHEARSAL,False
DEMO-R0271-payments,DEMO-R0271,DEMO-TEAM-01,Payments,insurance,0,0.5,0,0,0,0.0,False,SYNTHETIC_CAUSAL_REHEARSAL,False
DEMO-R0271-liquidity,DEMO-R0271,DEMO-TEAM-01,Liquidity,insurance,0,0.5,0,0,0,0.0,False,SYNTHETIC_CAUSAL_REHEARSAL,False
DEMO-R0271-fx-fx,DEMO-R0271,DEMO-TEAM-01,Cross-border FX,insurance,0,0.5,0,0,1,425789.98,False,SYNTHETIC_CAUSAL_REHEARSAL,False
DEMO-R0271-trade-finance,DEMO-R0271,DEMO-TEAM-01,Trade finance,insurance,0,0.5,0,0,0,0.0,False,SYNTHETIC_CAUSAL_REHEARSAL,False
DEMO-R0272-collections,DEMO-R0272,DEMO-TEAM-02,Collections,telecoms,0,0.5,0,1,0,0.0,False,SYNTHETIC_CAUSAL_REHEARSAL,False
DEMO-R0272-payments,DEMO-R0272,DEMO-TEAM-02,Payments,telecoms,0,0.5,0,0,0,0.0,False,SYNTHETIC_CAUSAL_REHEARSAL,False
DEMO-R0272-liquidity,DEMO-R0272,DEMO-TEAM-02,Liquidity,telecoms,0,0.5,0,0,0,0.0,False,SYNTHETIC_CAUSAL_REHEARSAL,False
DEMO-R0272-fx-fx,DEMO-R0272,DEMO-TEAM-02,Cross-border FX,telecoms,0,0.5,0,1,1,461988.79,False,SYNTHETIC_CAUSAL_REHEARSAL,False
DEMO-R0272-trade-finance,DEMO-R0272,DEMO-TEAM-02,Trade finance,telecoms,0,0.5,0,1,0,0.0,False,SYNTHETIC_CAUSAL_REHEARSAL,False
DEMO-R0273-collections,DEMO-R0273,DEMO-TEAM-03,Collections,industrials_pharma,0,0.5,0,0,0,0.0,False,SYNTHETIC_CAUSAL_REHEARSAL,False
DEMO-R0273-payments,DEMO-R0273,DEMO-TEAM-03,Payments,industrials_pharma,0,0.5,0,0,0,0.0,False,SYNTHETIC_CAUSAL_REHEARSAL,False
DEMO-R0273-liquidity,DEMO-R0273,DEMO-TEAM-03,Liquidity,industrials_pharma,0,0.5,0,0,0,0.0,False,SYNTHETIC_CAUSAL_REHEARSAL,False
DEMO-R0273-fx-fx,DEMO-R0273,DEMO-TEAM-03,Cross-border FX,industrials_pharma,0,0.5,1,1,1,891881.85,False,SYNTHETIC_CAUSAL_REHEARSAL,False
DEMO-R0273-trade-finance,DEMO-R0273,DEMO-TEAM-03,Trade finance,industrials_pharma,0,0.5,0,0,0,0.0,False,SYNTHETIC_CAUSAL_REHEARSAL,False
DEMO-R0274-collections,DEMO-R0274,DEMO-TEAM-04,Collections,consumer,0,0.5,1,1,1,1073340.92,False,SYNTHETIC_CAUSAL_REHEARSAL,False
DEMO-R0274-payments,DEMO-R0274,DEMO-TEAM-04,Payments,consumer,0,0.5,0,0,1,785306.17,False,SYNTHETIC_CAUSAL_REHEARSAL,False
DEMO-R0274-liquidity,DEMO-R0274,DEMO-TEAM-04,Liquidity,consumer,0,0.5,0,0,0,0.0,False,SYNTHETIC_CAUSAL_REHEARSAL,False
DEMO-R0274-fx-fx,DEMO-R0274,DEMO-TEAM-04,Cross-border FX,consumer,0,0.5,0,0,0,0.0,False,SYNTHETIC_CAUSAL_REHEARSAL,False
DEMO-R0274-trade-finance,DEMO-R0274,DEMO-TEAM-04,Trade finance,consumer,0,0.5,0,1,1,1077660.1,False,SYNTHETIC_CAUSAL_REHEARSAL,False
DEMO-R0275-collections,DEMO-R0275,DEMO-TEAM-05,Collections,consumer,1,0.5,0,0,0,0.0,False,SYNTHETIC_CAUSAL_REHEARSAL,False
DEMO-R0275-payments,DEMO-R0275,DEMO-TEAM-05,Payments,consumer,1,0.5,0,0,0,0.0,False,SYNTHETIC_CAUSAL_REHEARSAL,False
DEMO-R0275-liquidity,DEMO-R0275,DEMO-TEAM-05,Liquidity,consumer,1,0.5,0,0,0,0.0,False,SYNTHETIC_CAUSAL_REHEARSAL,False
DEMO-R0275-fx-fx,DEMO-R0275,DEMO-TEAM-05,Cross-border FX,consumer,1,0.5,0,1,1,2703927.68,False,SYNTHETIC_CAUSAL_REHEARSAL,False
DEMO-R0275-trade-finance,DEMO-R0275,DEMO-TEAM-05,Trade finance,consumer,1,0.5,0,1,0,0.0,False,SYNTHETIC_CAUSAL_REHEARSAL,False
DEMO-R0276-collections,DEMO-R0276,DEMO-TEAM-06,Collections,tech,0,0.5,1,1,1,13017.46,False,SYNTHETIC_CAUSAL_REHEARSAL,False
DEMO-R0276-payments,DEMO-R0276,DEMO-TEAM-06,Payments,tech,0,0.5,0,0,0,0.0,False,SYNTHETIC_CAUSAL_REHEARSAL,False
DEMO-R0276-liquidity,DEMO-R0276,DEMO-TEAM-06,Liquidity,tech,0,0.5,0,1,1,0.0,False,SYNTHETIC_CAUSAL_REHEARSAL,False
DEMO-R0276-fx-fx,DEMO-R0276,DEMO-TEAM-06,Cross-border FX,tech,0,0.5,0,0,0,0.0,False,SYNTHETIC_CAUSAL_REHEARSAL,False
DEMO-R0276-trade-finance,DEMO-R0276,DEMO-TEAM-06,Trade finance,tech,0,0.5,1,0,0,0.0,False,SYNTHETIC_CAUSAL_REHEARSAL,False
DEMO-R0277-collections,DEMO-R0277,DEMO-TEAM-07,Collections,real_estate,0,0.5,1,1,0,0.0,False,SYNTHETIC_CAUSAL_REHEARSAL,False
DEMO-R0277-payments,DEMO-R0277,DEMO-TEAM-07,Payments,real_estate,0,0.5,0,0,0,0.0,False,SYNTHETIC_CAUSAL_REHEARSAL,False
DEMO-R0277-liquidity,DEMO-R0277,DEMO-TEAM-07,Liquidity,real_estate,0,0.5,0,1,0,0.0,False,SYNTHETIC_CAUSAL_REHEARSAL,False
DEMO-R0277-fx-fx,DEMO-R0277,DEMO-TEAM-07,Cross-border FX,real_estate,0,0.5,0,0,0,0.0,False,SYNTHETIC_CAUSAL_REHEARSAL,False
DEMO-R0277-trade-finance,DEMO-R0277,DEMO-TEAM-07,Trade finance,real_estate,0,0.5,1,0,0,0.0,False,SYNTHETIC_CAUSAL_REHEARSAL,False
DEMO-R0278-collections,DEMO-R0278,DEMO-TEAM-08,Collections,mining,1,0.5,0,0,0,0.0,False,SYNTHETIC_CAUSAL_REHEARSAL,False
DEMO-R0278-payments,DEMO-R0278,DEMO-TEAM-08,Payments,mining,1,0.5,0,0,0,0.0,False,SYNTHETIC_CAUSAL_REHEARSAL,False
DEMO-R0278-liquidity,DEMO-R0278,DEMO-TEAM-08,Liquidity,mining,1,0.5,0,0,0,0.0,False,SYNTHETIC_CAUSAL_REHEARSAL,False
DEMO-R0278-fx-fx,DEMO-R0278,DEMO-TEAM-08,Cross-border FX,mining,1,0.5,0,0,0,0.0,False,SYNTHETIC_CAUSAL_REHEARSAL,False
DEMO-R0278-trade-finance,DEMO-R0278,DEMO-TEAM-08,Trade finance,mining,1,0.5,1,1,1,16103.83,False,SYNTHETIC_CAUSAL_REHEARSAL,False
DEMO-R0279-collections,DEMO-R0279,DEMO-TEAM-09,Collections,consumer,0,0.5,1,0,0,0.0,False,SYNTHETIC_CAUSAL_REHEARSAL,False
DEMO-R0279-payments,DEMO-R0279,DEMO-TEAM-09,Payments,consumer,0,0.5,0,0,0,0.0,False,SYNTHETIC_CAUSAL_REHEARSAL,False
DEMO-R0279-liquidity,DEMO-R0279,DEMO-TEAM-09,Liquidity,consumer,0,0.5,0,0,0,0.0,False,SYNTHETIC_CAUSAL_REHEARSAL,False
DEMO-R0279-fx-fx,DEMO-R0279,DEMO-TEAM-09,Cross-border FX,consumer,0,0.5,0,0,0,0.0,False,SYNTHETIC_CAUSAL_REHEARSAL,False
DEMO-R0279-trade-finance,DEMO-R0279,DEMO-TEAM-09,Trade finance,consumer,0,0.5,0,0,0,0.0,False,SYNTHETIC_CAUSAL_REHEARSAL,False
DEMO-R0280-collections,DEMO-R0280,DEMO-TEAM-10,Collections,consumer,0,0.5,0,1,0,0.0,False,SYNTHETIC_CAUSAL_REHEARSAL,False
DEMO-R0280-payments,DEMO-R0280,DEMO-TEAM-10,Payments,consumer,0,0.5,0,0,0,0.0,False,SYNTHETIC_CAUSAL_REHEARSAL,False
DEMO-R0280-liquidity,DEMO-R0280,DEMO-TEAM-10,Liquidity,consumer,0,0.5,0,0,0,0.0,False,SYNTHETIC_CAUSAL_REHEARSAL,False
DEMO-R0280-fx-fx,DEMO-R0280,DEMO-TEAM-10,Cross-border FX,consumer,0,0.5,1,0,0,0.0,False,SYNTHETIC_CAUSAL_REHEARSAL,False
DEMO-R0280-trade-finance,DEMO-R0280,DEMO-TEAM-10,Trade finance,consumer,0,0.5,0,0,0,0.0,False,SYNTHETIC_CAUSAL_REHEARSAL,False
DEMO-R0281-collections,DEMO-R0281,DEMO-TEAM-11,Collections,consumer,0,0.5,0,0,0,0.0,False,SYNTHETIC_CAUSAL_REHEARSAL,False
DEMO-R0281-payments,DEMO-R0281,DEMO-TEAM-11,Payments,consumer,0,0.5,0,0,0,0.0,False,SYNTHETIC_CAUSAL_REHEARSAL,False
DEMO-R0281-liquidity,DEMO-R0281,DEMO-TEAM-11,Liquidity,consumer,0,0.5,0,0,0,0.0,False,SYNTHETIC_CAUSAL_REHEARSAL,False
DEMO-R0281-fx-fx,DEMO-R0281,DEMO-TEAM-11,Cross-border FX,consumer,0,0.5,0,0,0,0.0,False,SYNTHETIC_CAUSAL_REHEARSAL,False
DEMO-R0281-trade-finance,DEMO-R0281,DEMO-TEAM-11,Trade finance,consumer,0,0.5,0,0,0,0.0,False,SYNTHETIC_CAUSAL_REHEARSAL,False
DEMO-R0282-collections,DEMO-R0282,DEMO-TEAM-12,Collections,consumer,1,0.5,0,0,0,0.0,False,SYNTHETIC_CAUSAL_REHEARSAL,False
DEMO-R0282-payments,DEMO-R0282,DEMO-TEAM-12,Payments,consumer,1,0.5,0,0,0,0.0,False,SYNTHETIC_CAUSAL_REHEARSAL,False
DEMO-R0282-liquidity,DEMO-R0282,DEMO-TEAM-12,Liquidity,consumer,1,0.5,1,1,0,0.0,False,SYNTHETIC_CAUSAL_REHEARSAL,False
DEMO-R0282-fx-fx,DEMO-R0282,DEMO-TEAM-12,Cross-border FX,consumer,1,0.5,0,0,0,0.0,False,SYNTHETIC_CAUSAL_REHEARSAL,False
DEMO-R0282-trade-finance,DEMO-R0282,DEMO-TEAM-12,Trade finance,consumer,1,0.5,1,0,0,0.0,False,SYNTHETIC_CAUSAL_REHEARSAL,False
DEMO-R0283-collections,DEMO-R0283,DEMO-TEAM-13,Collections,mining,0,0.5,0,0,0,0.0,False,SYNTHETIC_CAUSAL_REHEARSAL,False
DEMO-R0283-payments,DEMO-R0283,DEMO-TEAM-13,Payments,mining,0,0.5,0,0,0,0.0,False,SYNTHETIC_CAUSAL_REHEARSAL,False
DEMO-R0283-liquidity,DEMO-R0283,DEMO-TEAM-13,Liquidity,mining,0,0.5,0,0,0,0.0,False,SYNTHETIC_CAUSAL_REHEARSAL,False
DEMO-R0283-fx-fx,DEMO-R0283,DEMO-TEAM-13,Cross-border FX,mining,0,0.5,0,0,0,0.0,False,SYNTHETIC_CAUSAL_REHEARSAL,False
DEMO-R0283-trade-finance,DEMO-R0283,DEMO-TEAM-13,Trade finance,mining,0,0.5,0,0,0,0.0,False,SYNTHETIC_CAUSAL_REHEARSAL,False
DEMO-R0284-collections,DEMO-R0284,DEMO-TEAM-14,Collections,mining,1,0.5,0,0,0,0.0,False,SYNTHETIC_CAUSAL_REHEARSAL,False
DEMO-R0284-payments,DEMO-R0284,DEMO-TEAM-14,Payments,mining,1,0.5,0,0,0,0.0,False,SYNTHETIC_CAUSAL_REHEARSAL,False
DEMO-R0284-liquidity,DEMO-R0284,DEMO-TEAM-14,Liquidity,mining,1,0.5,0,0,0,0.0,False,SYNTHETIC_CAUSAL_REHEARSAL,False
DEMO-R0284-fx-fx,DEMO-R0284,DEMO-TEAM-14,Cross-border FX,mining,1,0.5,1,1,0,0.0,False,SYNTHETIC_CAUSAL_REHEARSAL,False
DEMO-R0284-trade-finance,DEMO-R0284,DEMO-TEAM-14,Trade finance,mining,1,0.5,0,0,0,0.0,False,SYNTHETIC_CAUSAL_REHEARSAL,False
DEMO-R0285-collections,DEMO-R0285,DEMO-TEAM-15,Collections,real_estate,0,0.5,0,1,1,10490.92,False,SYNTHETIC_CAUSAL_REHEARSAL,False
DEMO-R0285-payments,DEMO-R0285,DEMO-TEAM-15,Payments,real_estate,0,0.5,0,0,0,0.0,False,SYNTHETIC_CAUSAL_REHEARSAL,False
DEMO-R0285-liquidity,DEMO-R0285,DEMO-TEAM-15,Liquidity,real_estate,0,0.5,0,0,0,0.0,False,SYNTHETIC_CAUSAL_REHEARSAL,False
DEMO-R0285-fx-fx,DEMO-R0285,DEMO-TEAM-15,Cross-border FX,real_estate,0,0.5,0,0,0,0.0,False,SYNTHETIC_CAUSAL_REHEARSAL,False
DEMO-R0285-trade-finance,DEMO-R0285,DEMO-TEAM-15,Trade finance,real_estate,0,0.5,0,0,0,0.0,False,SYNTHETIC_CAUSAL_REHEARSAL,False
DEMO-R0286-collections,DEMO-R0286,DEMO-TEAM-16,Collections,consumer,0,0.5,0,0,0,0.0,False,SYNTHETIC_CAUSAL_REHEARSAL,False
DEMO-R0286-payments,DEMO-R0286,DEMO-TEAM-16,Payments,consumer,0,0.5,0,0,0,0.0,False,SYNTHETIC_CAUSAL_REHEARSAL,False
DEMO-R0286-liquidity,DEMO-R0286,DEMO-TEAM-16,Liquidity,consumer,0,0.5,0,0,0,0.0,False,SYNTHETIC_CAUSAL_REHEARSAL,False
DEMO-R0286-fx-fx,DEMO-R0286,DEMO-TEAM-16,Cross-border FX,consumer,0,0.5,0,0,0,0.0,False,SYNTHETIC_CAUSAL_REHEARSAL,False
DEMO-R0286-trade-finance,DEMO-R0286,DEMO-TEAM-16,Trade finance,consumer,0,0.5,0,0,0,0.0,False,SYNTHETIC_CAUSAL_REHEARSAL,False
DEMO-R0287-collections,DEMO-R0287,DEMO-TEAM-17,Collections,mining,1,0.5,0,0,0,0.0,False,SYNTHETIC_CAUSAL_REHEARSAL,False
DEMO-R0287-payments,DEMO-R0287,DEMO-TEAM-17,Payments,mining,1,0.5,1,0,0,0.0,False,SYNTHETIC_CAUSAL_REHEARSAL,False
DEMO-R0287-liquidity,DEMO-R0287,DEMO-TEAM-17,Liquidity,mining,1,0.5,0,0,0,0.0,False,SYNTHETIC_CAUSAL_REHEARSAL,False
DEMO-R0287-fx-fx,DEMO-R0287,DEMO-TEAM-17,Cross-border FX,mining,1,0.5,0,0,0,0.0,False,SYNTHETIC_CAUSAL_REHEARSAL,False
DEMO-R0287-trade-finance,DEMO-R0287,DEMO-TEAM-17,Trade finance,mining,1,0.5,1,1,1,673624.43,False,SYNTHETIC_CAUSAL_REHEARSAL,False
DEMO-R0288-collections,DEMO-R0288,DEMO-TEAM-18,Collections,consumer,1,0.5,0,0,0,0.0,False,SYNTHETIC_CAUSAL_REHEARSAL,False
DEMO-R0288-payments,DEMO-R0288,DEMO-TEAM-18,Payments,consumer,1,0.5,0,0,0,0.0,False,SYNTHETIC_CAUSAL_REHEARSAL,False
DEMO-R0288-liquidity,DEMO-R0288,DEMO-TEAM-18,Liquidity,consumer,1,0.5,0,0,0,0.0,False,SYNTHETIC_CAUSAL_REHEARSAL,False
DEMO-R0288-fx-fx,DEMO-R0288,DEMO-TEAM-18,Cross-border FX,consumer,1,0.5,0,0,0,0.0,False,SYNTHETIC_CAUSAL_REHEARSAL,False
DEMO-R0288-trade-finance,DEMO-R0288,DEMO-TEAM-18,Trade finance,consumer,1,0.5,0,0,0,0.0,False,SYNTHETIC_CAUSAL_REHEARSAL,False
DEMO-R0289-collections,DEMO-R0289,DEMO-TEAM-19,Collections,mining,1,0.5,0,0,1,0.0,False,SYNTHETIC_CAUSAL_REHEARSAL,False
DEMO-R0289-payments,DEMO-R0289,DEMO-TEAM-19,Payments,mining,1,0.5,1,1,0,0.0,False,SYNTHETIC_CAUSAL_REHEARSAL,False
DEMO-R0289-liquidity,DEMO-R0289,DEMO-TEAM-19,Liquidity,mining,1,0.5,1,0,0,0.0,False,SYNTHETIC_CAUSAL_REHEARSAL,False
DEMO-R0289-fx-fx,DEMO-R0289,DEMO-TEAM-19,Cross-border FX,mining,1,0.5,0,0,0,0.0,False,SYNTHETIC_CAUSAL_REHEARSAL,False
DEMO-R0289-trade-finance,DEMO-R0289,DEMO-TEAM-19,Trade finance,mining,1,0.5,0,0,0,0.0,False,SYNTHETIC_CAUSAL_REHEARSAL,False
DEMO-R0290-collections,DEMO-R0290,DEMO-TEAM-20,Collections,consumer,1,0.5,0,0,0,0.0,False,SYNTHETIC_CAUSAL_REHEARSAL,False
DEMO-R0290-payments,DEMO-R0290,DEMO-TEAM-20,Payments,consumer,1,0.5,0,1,0,0.0,False,SYNTHETIC_CAUSAL_REHEARSAL,False
DEMO-R0290-liquidity,DEMO-R0290,DEMO-TEAM-20,Liquidity,consumer,1,0.5,0,0,0,0.0,False,SYNTHETIC_CAUSAL_REHEARSAL,False
DEMO-R0290-fx-fx,DEMO-R0290,DEMO-TEAM-20,Cross-border FX,consumer,1,0.5,0,0,0,0.0,False,SYNTHETIC_CAUSAL_REHEARSAL,False
DEMO-R0290-trade-finance,DEMO-R0290,DEMO-TEAM-20,Trade finance,consumer,1,0.5,0,1,0,0.0,False,SYNTHETIC_CAUSAL_REHEARSAL,False
DEMO-R0291-collections,DEMO-R0291,DEMO-TEAM-21,Collections,consumer,0,0.5,1,1,0,0.0,False,SYNTHETIC_CAUSAL_REHEARSAL,False
DEMO-R0291-payments,DEMO-R0291,DEMO-TEAM-21,Payments,consumer,0,0.5,0,1,1,35069.77,False,SYNTHETIC_CAUSAL_REHEARSAL,False
DEMO-R0291-liquidity,DEMO-R0291,DEMO-TEAM-21,Liquidity,consumer,0,0.5,0,0,0,0.0,False,SYNTHETIC_CAUSAL_REHEARSAL,False
DEMO-R0291-fx-fx,DEMO-R0291,DEMO-TEAM-21,Cross-border FX,consumer,0,0.5,0,0,0,0.0,False,SYNTHETIC_CAUSAL_REHEARSAL,False
DEMO-R0291-trade-finance,DEMO-R0291,DEMO-TEAM-21,Trade finance,consumer,0,0.5,0,0,0,0.0,False,SYNTHETIC_CAUSAL_REHEARSAL,False
DEMO-R0292-collections,DEMO-R0292,DEMO-TEAM-22,Collections,real_estate,0,0.5,0,0,0,0.0,False,SYNTHETIC_CAUSAL_REHEARSAL,False
DEMO-R0292-payments,DEMO-R0292,DEMO-TEAM-22,Payments,real_estate,0,0.5,0,0,0,0.0,False,SYNTHETIC_CAUSAL_REHEARSAL,False
DEMO-R0292-liquidity,DEMO-R0292,DEMO-TEAM-22,Liquidity,real_estate,0,0.5,0,0,0,0.0,False,SYNTHETIC_CAUSAL_REHEARSAL,False
DEMO-R0292-fx-fx,DEMO-R0292,DEMO-TEAM-22,Cross-border FX,real_estate,0,0.5,1,1,0,0.0,False,SYNTHETIC_CAUSAL_REHEARSAL,False
DEMO-R0292-trade-finance,DEMO-R0292,DEMO-TEAM-22,Trade finance,real_estate,0,0.5,0,0,0,0.0,False,SYNTHETIC_CAUSAL_REHEARSAL,False
DEMO-R0293-collections,DEMO-R0293,DEMO-TEAM-23,Collections,insurance,1,0.5,0,0,0,0.0,False,SYNTHETIC_CAUSAL_REHEARSAL,False
DEMO-R0293-payments,DEMO-R0293,DEMO-TEAM-23,Payments,insurance,1,0.5,0,0,0,0.0,False,SYNTHETIC_CAUSAL_REHEARSAL,False
DEMO-R0293-liquidity,DEMO-R0293,DEMO-TEAM-23,Liquidity,insurance,1,0.5,1,0,0,0.0,False,SYNTHETIC_CAUSAL_REHEARSAL,False
DEMO-R0293-fx-fx,DEMO-R0293,DEMO-TEAM-23,Cross-border FX,insurance,1,0.5,1,1,1,11638.7,False,SYNTHETIC_CAUSAL_REHEARSAL,False
DEMO-R0293-trade-finance,DEMO-R0293,DEMO-TEAM-23,Trade finance,insurance,1,0.5,1,1,0,0.0,False,SYNTHETIC_CAUSAL_REHEARSAL,False
DEMO-R0294-collections,DEMO-R0294,DEMO-TEAM-24,Collections,telecoms,1,0.5,0,0,0,0.0,False,SYNTHETIC_CAUSAL_REHEARSAL,False
DEMO-R0294-payments,DEMO-R0294,DEMO-TEAM-24,Payments,telecoms,1,0.5,0,0,0,0.0,False,SYNTHETIC_CAUSAL_REHEARSAL,False
DEMO-R0294-liquidity,DEMO-R0294,DEMO-TEAM-24,Liquidity,telecoms,1,0.5,1,1,1,729100.99,False,SYNTHETIC_CAUSAL_REHEARSAL,False
DEMO-R0294-fx-fx,DEMO-R0294,DEMO-TEAM-24,Cross-border FX,telecoms,1,0.5,0,0,0,0.0,False,SYNTHETIC_CAUSAL_REHEARSAL,False
DEMO-R0294-trade-finance,DEMO-R0294,DEMO-TEAM-24,Trade finance,telecoms,1,0.5,0,0,0,0.0,False,SYNTHETIC_CAUSAL_REHEARSAL,False
DEMO-R0295-collections,DEMO-R0295,DEMO-TEAM-25,Collections,real_estate,1,0.5,0,0,1,518.58,False,SYNTHETIC_CAUSAL_REHEARSAL,False
DEMO-R0295-payments,DEMO-R0295,DEMO-TEAM-25,Payments,real_estate,1,0.5,1,0,0,0.0,False,SYNTHETIC_CAUSAL_REHEARSAL,False
DEMO-R0295-liquidity,DEMO-R0295,DEMO-TEAM-25,Liquidity,real_estate,1,0.5,0,0,0,0.0,False,SYNTHETIC_CAUSAL_REHEARSAL,False
DEMO-R0295-fx-fx,DEMO-R0295,DEMO-TEAM-25,Cross-border FX,real_estate,1,0.5,0,0,0,0.0,False,SYNTHETIC_CAUSAL_REHEARSAL,False
DEMO-R0295-trade-finance,DEMO-R0295,DEMO-TEAM-25,Trade finance,real_estate,1,0.5,1,0,0,0.0,False,SYNTHETIC_CAUSAL_REHEARSAL,False
DEMO-R0296-collections,DEMO-R0296,DEMO-TEAM-26,Collections,mining,1,0.5,0,0,0,0.0,False,SYNTHETIC_CAUSAL_REHEARSAL,False
DEMO-R0296-payments,DEMO-R0296,DEMO-TEAM-26,Payments,mining,1,0.5,0,0,0,0.0,False,SYNTHETIC_CAUSAL_REHEARSAL,False
DEMO-R0296-liquidity,DEMO-R0296,DEMO-TEAM-26,Liquidity,mining,1,0.5,1,0,0,0.0,False,SYNTHETIC_CAUSAL_REHEARSAL,False
DEMO-R0296-fx-fx,DEMO-R0296,DEMO-TEAM-26,Cross-border FX,mining,1,0.5,1,1,0,0.0,False,SYNTHETIC_CAUSAL_REHEARSAL,False
DEMO-R0296-trade-finance,DEMO-R0296,DEMO-TEAM-26,Trade finance,mining,1,0.5,1,1,0,0.0,False,SYNTHETIC_CAUSAL_REHEARSAL,False
DEMO-R0297-collections,DEMO-R0297,DEMO-TEAM-27,Collections,real_estate,0,0.5,1,1,1,907.99,False,SYNTHETIC_CAUSAL_REHEARSAL,False
DEMO-R0297-payments,DEMO-R0297,DEMO-TEAM-27,Payments,real_estate,0,0.5,1,1,1,0.0,False,SYNTHETIC_CAUSAL_REHEARSAL,False
DEMO-R0297-liquidity,DEMO-R0297,DEMO-TEAM-27,Liquidity,real_estate,0,0.5,0,0,0,0.0,False,SYNTHETIC_CAUSAL_REHEARSAL,False
DEMO-R0297-fx-fx,DEMO-R0297,DEMO-TEAM-27,Cross-border FX,real_estate,0,0.5,0,0,0,0.0,False,SYNTHETIC_CAUSAL_REHEARSAL,False
DEMO-R0297-trade-finance,DEMO-R0297,DEMO-TEAM-27,Trade finance,real_estate,0,0.5,0,0,0,0.0,False,SYNTHETIC_CAUSAL_REHEARSAL,False
DEMO-R0298-collections,DEMO-R0298,DEMO-TEAM-28,Collections,mining,0,0.5,1,1,0,0.0,False,SYNTHETIC_CAUSAL_REHEARSAL,False
DEMO-R0298-payments,DEMO-R0298,DEMO-TEAM-28,Payments,mining,0,0.5,0,0,0,0.0,False,SYNTHETIC_CAUSAL_REHEARSAL,False
DEMO-R0298-liquidity,DEMO-R0298,DEMO-TEAM-28,Liquidity,mining,0,0.5,0,0,0,0.0,False,SYNTHETIC_CAUSAL_REHEARSAL,False
DEMO-R0298-fx-fx,DEMO-R0298,DEMO-TEAM-28,Cross-border FX,mining,0,0.5,0,0,0,0.0,False,SYNTHETIC_CAUSAL_REHEARSAL,False
DEMO-R0298-trade-finance,DEMO-R0298,DEMO-TEAM-28,Trade finance,mining,0,0.5,1,0,0,0.0,False,SYNTHETIC_CAUSAL_REHEARSAL,False
DEMO-R0299-collections,DEMO-R0299,DEMO-TEAM-29,Collections,insurance,1,0.5,0,0,0,0.0,False,SYNTHETIC_CAUSAL_REHEARSAL,False
DEMO-R0299-payments,DEMO-R0299,DEMO-TEAM-29,Payments,insurance,1,0.5,1,1,0,0.0,False,SYNTHETIC_CAUSAL_REHEARSAL,False
DEMO-R0299-liquidity,DEMO-R0299,DEMO-TEAM-29,Liquidity,insurance,1,0.5,0,0,0,0.0,False,SYNTHETIC_CAUSAL_REHEARSAL,False
DEMO-R0299-fx-fx,DEMO-R0299,DEMO-TEAM-29,Cross-border FX,insurance,1,0.5,1,1,0,0.0,False,SYNTHETIC_CAUSAL_REHEARSAL,False
DEMO-R0299-trade-finance,DEMO-R0299,DEMO-TEAM-29,Trade finance,insurance,1,0.5,0,0,0,0.0,False,SYNTHETIC_CAUSAL_REHEARSAL,False
DEMO-R0300-collections,DEMO-R0300,DEMO-TEAM-30,Collections,real_estate,0,0.5,0,1,0,0.0,False,SYNTHETIC_CAUSAL_REHEARSAL,False
DEMO-R0300-payments,DEMO-R0300,DEMO-TEAM-30,Payments,real_estate,0,0.5,1,1,1,241.4,False,SYNTHETIC_CAUSAL_REHEARSAL,False
DEMO-R0300-liquidity,DEMO-R0300,DEMO-TEAM-30,Liquidity,real_estate,0,0.5,1,0,0,0.0,False,SYNTHETIC_CAUSAL_REHEARSAL,False
DEMO-R0300-fx-fx,DEMO-R0300,DEMO-TEAM-30,Cross-border FX,real_estate,0,0.5,0,0,0,0.0,False,SYNTHETIC_CAUSAL_REHEARSAL,False
DEMO-R0300-trade-finance,DEMO-R0300,DEMO-TEAM-30,Trade finance,real_estate,0,0.5,0,0,0,0.0,False,SYNTHETIC_CAUSAL_REHEARSAL,False
